year,state,city,may_customers,june_customers,change_customers,change_pct,decline_rank,customer_assignment_rule
2017,SP,sao paulo,491,444,-47,-9.572301425661914,1,"monthly distinct customer_unique_id; city/state on earliest delivered-order purchase timestamp, order_id ascending for timestamp ties"
2017,SP,santo andre,33,23,-10,-30.303030303030305,2,"monthly distinct customer_unique_id; city/state on earliest delivered-order purchase timestamp, order_id ascending for timestamp ties"
2017,SP,piracicaba,16,7,-9,-56.25,3,"monthly distinct customer_unique_id; city/state on earliest delivered-order purchase timestamp, order_id ascending for timestamp ties"
2017,SP,sao carlos,13,6,-7,-53.84615384615385,4,"monthly distinct customer_unique_id; city/state on earliest delivered-order purchase timestamp, order_id ascending for timestamp ties"
2017,SP,osasco,28,22,-6,-21.428571428571427,5,"monthly distinct customer_unique_id; city/state on earliest delivered-order purchase timestamp, order_id ascending for timestamp ties"
2017,SP,barueri,13,8,-5,-38.46153846153847,6,"monthly distinct customer_unique_id; city/state on earliest delivered-order purchase timestamp, order_id ascending for timestamp ties"
2017,SP,cotia,13,8,-5,-38.46153846153847,7,"monthly distinct customer_unique_id; city/state on earliest delivered-order purchase timestamp, order_id ascending for timestamp ties"
2017,SP,jundiai,18,13,-5,-27.77777777777778,8,"monthly distinct customer_unique_id; city/state on earliest delivered-order purchase timestamp, order_id ascending for timestamp ties"
2017,SP,sao jose dos campos,24,19,-5,-20.833333333333336,9,"monthly distinct customer_unique_id; city/state on earliest delivered-order purchase timestamp, order_id ascending for timestamp ties"
2017,SP,taboao da serra,15,10,-5,-33.33333333333333,10,"monthly distinct customer_unique_id; city/state on earliest delivered-order purchase timestamp, order_id ascending for timestamp ties"
2017,SP,itanhaem,6,2,-4,-66.66666666666666,11,"monthly distinct customer_unique_id; city/state on earliest delivered-order purchase timestamp, order_id ascending for timestamp ties"
2017,SP,pirassununga,7,3,-4,-57.14285714285714,12,"monthly distinct customer_unique_id; city/state on earliest delivered-order purchase timestamp, order_id ascending for timestamp ties"
2017,SP,presidente prudente,7,3,-4,-57.14285714285714,13,"monthly distinct customer_unique_id; city/state on earliest delivered-order purchase timestamp, order_id ascending for timestamp ties"
2017,SP,santa barbara d'oeste,4,0,-4,-100.0,14,"monthly distinct customer_unique_id; city/state on earliest delivered-order purchase timestamp, order_id ascending for timestamp ties"
2017,SP,santana de parnaiba,7,3,-4,-57.14285714285714,15,"monthly distinct customer_unique_id; city/state on earliest delivered-order purchase timestamp, order_id ascending for timestamp ties"
2017,SP,sorocaba,18,14,-4,-22.22222222222222,16,"monthly distinct customer_unique_id; city/state on earliest delivered-order purchase timestamp, order_id ascending for timestamp ties"
2017,SP,aracatuba,7,4,-3,-42.857142857142854,17,"monthly distinct customer_unique_id; city/state on earliest delivered-order purchase timestamp, order_id ascending for timestamp ties"
2017,SP,barra bonita,3,0,-3,-100.0,18,"monthly distinct customer_unique_id; city/state on earliest delivered-order purchase timestamp, order_id ascending for timestamp ties"
2017,SP,caieiras,5,2,-3,-60.0,19,"monthly distinct customer_unique_id; city/state on earliest delivered-order purchase timestamp, order_id ascending for timestamp ties"
2017,SP,cajamar,5,2,-3,-60.0,20,"monthly distinct customer_unique_id; city/state on earliest delivered-order purchase timestamp, order_id ascending for timestamp ties"
2017,SP,catanduva,4,1,-3,-75.0,21,"monthly distinct customer_unique_id; city/state on earliest delivered-order purchase timestamp, order_id ascending for timestamp ties"
2017,SP,guaruja,8,5,-3,-37.5,22,"monthly distinct customer_unique_id; city/state on earliest delivered-order purchase timestamp, order_id ascending for timestamp ties"
2017,SP,itapecerica da serra,5,2,-3,-60.0,23,"monthly distinct customer_unique_id; city/state on earliest delivered-order purchase timestamp, order_id ascending for timestamp ties"
2017,SP,jaboticabal,5,2,-3,-60.0,24,"monthly distinct customer_unique_id; city/state on earliest delivered-order purchase timestamp, order_id ascending for timestamp ties"
2017,SP,santa isabel,3,0,-3,-100.0,25,"monthly distinct customer_unique_id; city/state on earliest delivered-order purchase timestamp, order_id ascending for timestamp ties"
2017,SP,suzano,9,6,-3,-33.33333333333333,26,"monthly distinct customer_unique_id; city/state on earliest delivered-order purchase timestamp, order_id ascending for timestamp ties"
2017,SP,votuporanga,6,3,-3,-50.0,27,"monthly distinct customer_unique_id; city/state on earliest delivered-order purchase timestamp, order_id ascending for timestamp ties"
2017,SP,adamantina,2,0,-2,-100.0,28,"monthly distinct customer_unique_id; city/state on earliest delivered-order purchase timestamp, order_id ascending for timestamp ties"
2017,SP,aracoiaba da serra,2,0,-2,-100.0,29,"monthly distinct customer_unique_id; city/state on earliest delivered-order purchase timestamp, order_id ascending for timestamp ties"
2017,SP,avare,4,2,-2,-50.0,30,"monthly distinct customer_unique_id; city/state on earliest delivered-order purchase timestamp, order_id ascending for timestamp ties"
2017,SP,bariri,2,0,-2,-100.0,31,"monthly distinct customer_unique_id; city/state on earliest delivered-order purchase timestamp, order_id ascending for timestamp ties"
2017,SP,bertioga,2,0,-2,-100.0,32,"monthly distinct customer_unique_id; city/state on earliest delivered-order purchase timestamp, order_id ascending for timestamp ties"
2017,SP,caraguatatuba,3,1,-2,-66.66666666666666,33,"monthly distinct customer_unique_id; city/state on earliest delivered-order purchase timestamp, order_id ascending for timestamp ties"
2017,SP,cesario lange,2,0,-2,-100.0,34,"monthly distinct customer_unique_id; city/state on earliest delivered-order purchase timestamp, order_id ascending for timestamp ties"
2017,SP,cordeiropolis,2,0,-2,-100.0,35,"monthly distinct customer_unique_id; city/state on earliest delivered-order purchase timestamp, order_id ascending for timestamp ties"
2017,SP,dourado,2,0,-2,-100.0,36,"monthly distinct customer_unique_id; city/state on earliest delivered-order purchase timestamp, order_id ascending for timestamp ties"
2017,SP,embu das artes,5,3,-2,-40.0,37,"monthly distinct customer_unique_id; city/state on earliest delivered-order purchase timestamp, order_id ascending for timestamp ties"
2017,SP,itapeva,3,1,-2,-66.66666666666666,38,"monthly distinct customer_unique_id; city/state on earliest delivered-order purchase timestamp, order_id ascending for timestamp ties"
2017,SP,itapolis,2,0,-2,-100.0,39,"monthly distinct customer_unique_id; city/state on earliest delivered-order purchase timestamp, order_id ascending for timestamp ties"
2017,SP,itaquaquecetuba,4,2,-2,-50.0,40,"monthly distinct customer_unique_id; city/state on earliest delivered-order purchase timestamp, order_id ascending for timestamp ties"
2017,SP,itatiba,6,4,-2,-33.33333333333333,41,"monthly distinct customer_unique_id; city/state on earliest delivered-order purchase timestamp, order_id ascending for timestamp ties"
2017,SP,ituverava,2,0,-2,-100.0,42,"monthly distinct customer_unique_id; city/state on earliest delivered-order purchase timestamp, order_id ascending for timestamp ties"
2017,SP,mairinque,2,0,-2,-100.0,43,"monthly distinct customer_unique_id; city/state on earliest delivered-order purchase timestamp, order_id ascending for timestamp ties"
2017,SP,miguelopolis,2,0,-2,-100.0,44,"monthly distinct customer_unique_id; city/state on earliest delivered-order purchase timestamp, order_id ascending for timestamp ties"
2017,SP,nova odessa,3,1,-2,-66.66666666666666,45,"monthly distinct customer_unique_id; city/state on earliest delivered-order purchase timestamp, order_id ascending for timestamp ties"
2017,SP,ocaucu,2,0,-2,-100.0,46,"monthly distinct customer_unique_id; city/state on earliest delivered-order purchase timestamp, order_id ascending for timestamp ties"
2017,SP,paulinia,4,2,-2,-50.0,47,"monthly distinct customer_unique_id; city/state on earliest delivered-order purchase timestamp, order_id ascending for timestamp ties"
2017,SP,pereira barreto,2,0,-2,-100.0,48,"monthly distinct customer_unique_id; city/state on earliest delivered-order purchase timestamp, order_id ascending for timestamp ties"
2017,SP,registro,2,0,-2,-100.0,49,"monthly distinct customer_unique_id; city/state on earliest delivered-order purchase timestamp, order_id ascending for timestamp ties"
2017,SP,ribeirao preto,16,14,-2,-12.5,50,"monthly distinct customer_unique_id; city/state on earliest delivered-order purchase timestamp, order_id ascending for timestamp ties"
2017,SP,sao caetano do sul,9,7,-2,-22.22222222222222,51,"monthly distinct customer_unique_id; city/state on earliest delivered-order purchase timestamp, order_id ascending for timestamp ties"
2017,SP,sao manuel,2,0,-2,-100.0,52,"monthly distinct customer_unique_id; city/state on earliest delivered-order purchase timestamp, order_id ascending for timestamp ties"
2017,SP,sao pedro,3,1,-2,-66.66666666666666,53,"monthly distinct customer_unique_id; city/state on earliest delivered-order purchase timestamp, order_id ascending for timestamp ties"
2017,SP,sao vicente,2,0,-2,-100.0,54,"monthly distinct customer_unique_id; city/state on earliest delivered-order purchase timestamp, order_id ascending for timestamp ties"
2017,SP,sertaozinho,3,1,-2,-66.66666666666666,55,"monthly distinct customer_unique_id; city/state on earliest delivered-order purchase timestamp, order_id ascending for timestamp ties"
2017,SP,sumare,9,7,-2,-22.22222222222222,56,"monthly distinct customer_unique_id; city/state on earliest delivered-order purchase timestamp, order_id ascending for timestamp ties"
2017,SP,tapiratiba,2,0,-2,-100.0,57,"monthly distinct customer_unique_id; city/state on earliest delivered-order purchase timestamp, order_id ascending for timestamp ties"
2017,SP,tremembe,3,1,-2,-66.66666666666666,58,"monthly distinct customer_unique_id; city/state on earliest delivered-order purchase timestamp, order_id ascending for timestamp ties"
2017,SP,aguas de lindoia,2,1,-1,-50.0,59,"monthly distinct customer_unique_id; city/state on earliest delivered-order purchase timestamp, order_id ascending for timestamp ties"
2017,SP,alvares machado,1,0,-1,-100.0,60,"monthly distinct customer_unique_id; city/state on earliest delivered-order purchase timestamp, order_id ascending for timestamp ties"
2017,SP,artur nogueira,2,1,-1,-50.0,61,"monthly distinct customer_unique_id; city/state on earliest delivered-order purchase timestamp, order_id ascending for timestamp ties"
2017,SP,bady bassitt,1,0,-1,-100.0,62,"monthly distinct customer_unique_id; city/state on earliest delivered-order purchase timestamp, order_id ascending for timestamp ties"
2017,SP,bento de abreu,1,0,-1,-100.0,63,"monthly distinct customer_unique_id; city/state on earliest delivered-order purchase timestamp, order_id ascending for timestamp ties"
2017,SP,bocaina,1,0,-1,-100.0,64,"monthly distinct customer_unique_id; city/state on earliest delivered-order purchase timestamp, order_id ascending for timestamp ties"
2017,SP,cabreuva,1,0,-1,-100.0,65,"monthly distinct customer_unique_id; city/state on earliest delivered-order purchase timestamp, order_id ascending for timestamp ties"
2017,SP,cajobi,1,0,-1,-100.0,66,"monthly distinct customer_unique_id; city/state on earliest delivered-order purchase timestamp, order_id ascending for timestamp ties"
2017,SP,cajuru,1,0,-1,-100.0,67,"monthly distinct customer_unique_id; city/state on earliest delivered-order purchase timestamp, order_id ascending for timestamp ties"
2017,SP,capao bonito,3,2,-1,-33.33333333333333,68,"monthly distinct customer_unique_id; city/state on earliest delivered-order purchase timestamp, order_id ascending for timestamp ties"
2017,SP,capivari,2,1,-1,-50.0,69,"monthly distinct customer_unique_id; city/state on earliest delivered-order purchase timestamp, order_id ascending for timestamp ties"
2017,SP,casa branca,1,0,-1,-100.0,70,"monthly distinct customer_unique_id; city/state on earliest delivered-order purchase timestamp, order_id ascending for timestamp ties"
2017,SP,castilho,1,0,-1,-100.0,71,"monthly distinct customer_unique_id; city/state on earliest delivered-order purchase timestamp, order_id ascending for timestamp ties"
2017,SP,cerqueira cesar,1,0,-1,-100.0,72,"monthly distinct customer_unique_id; city/state on earliest delivered-order purchase timestamp, order_id ascending for timestamp ties"
2017,SP,cerquilho,1,0,-1,-100.0,73,"monthly distinct customer_unique_id; city/state on earliest delivered-order purchase timestamp, order_id ascending for timestamp ties"
2017,SP,cipo-guacu,1,0,-1,-100.0,74,"monthly distinct customer_unique_id; city/state on earliest delivered-order purchase timestamp, order_id ascending for timestamp ties"
2017,SP,conchal,2,1,-1,-50.0,75,"monthly distinct customer_unique_id; city/state on earliest delivered-order purchase timestamp, order_id ascending for timestamp ties"
2017,SP,cravinhos,1,0,-1,-100.0,76,"monthly distinct customer_unique_id; city/state on earliest delivered-order purchase timestamp, order_id ascending for timestamp ties"
2017,SP,diadema,7,6,-1,-14.285714285714285,77,"monthly distinct customer_unique_id; city/state on earliest delivered-order purchase timestamp, order_id ascending for timestamp ties"
2017,SP,duartina,1,0,-1,-100.0,78,"monthly distinct customer_unique_id; city/state on earliest delivered-order purchase timestamp, order_id ascending for timestamp ties"
2017,SP,fernandopolis,4,3,-1,-25.0,79,"monthly distinct customer_unique_id; city/state on earliest delivered-order purchase timestamp, order_id ascending for timestamp ties"
2017,SP,guaratingueta,3,2,-1,-33.33333333333333,80,"monthly distinct customer_unique_id; city/state on earliest delivered-order purchase timestamp, order_id ascending for timestamp ties"
2017,SP,guarei,1,0,-1,-100.0,81,"monthly distinct customer_unique_id; city/state on earliest delivered-order purchase timestamp, order_id ascending for timestamp ties"
2017,SP,holambra,1,0,-1,-100.0,82,"monthly distinct customer_unique_id; city/state on earliest delivered-order purchase timestamp, order_id ascending for timestamp ties"
2017,SP,ibirarema,1,0,-1,-100.0,83,"monthly distinct customer_unique_id; city/state on earliest delivered-order purchase timestamp, order_id ascending for timestamp ties"
2017,SP,iguape,1,0,-1,-100.0,84,"monthly distinct customer_unique_id; city/state on earliest delivered-order purchase timestamp, order_id ascending for timestamp ties"
2017,SP,inubia paulista,1,0,-1,-100.0,85,"monthly distinct customer_unique_id; city/state on earliest delivered-order purchase timestamp, order_id ascending for timestamp ties"
2017,SP,ipaussu,1,0,-1,-100.0,86,"monthly distinct customer_unique_id; city/state on earliest delivered-order purchase timestamp, order_id ascending for timestamp ties"
2017,SP,itapetininga,2,1,-1,-50.0,87,"monthly distinct customer_unique_id; city/state on earliest delivered-order purchase timestamp, order_id ascending for timestamp ties"
2017,SP,itu,3,2,-1,-33.33333333333333,88,"monthly distinct customer_unique_id; city/state on earliest delivered-order purchase timestamp, order_id ascending for timestamp ties"
2017,SP,jaci,1,0,-1,-100.0,89,"monthly distinct customer_unique_id; city/state on earliest delivered-order purchase timestamp, order_id ascending for timestamp ties"
2017,SP,jacupiranga,1,0,-1,-100.0,90,"monthly distinct customer_unique_id; city/state on earliest delivered-order purchase timestamp, order_id ascending for timestamp ties"
2017,SP,jales,1,0,-1,-100.0,91,"monthly distinct customer_unique_id; city/state on earliest delivered-order purchase timestamp, order_id ascending for timestamp ties"
2017,SP,jambeiro,1,0,-1,-100.0,92,"monthly distinct customer_unique_id; city/state on earliest delivered-order purchase timestamp, order_id ascending for timestamp ties"
2017,SP,jau,2,1,-1,-50.0,93,"monthly distinct customer_unique_id; city/state on earliest delivered-order purchase timestamp, order_id ascending for timestamp ties"
2017,SP,joao ramalho,1,0,-1,-100.0,94,"monthly distinct customer_unique_id; city/state on earliest delivered-order purchase timestamp, order_id ascending for timestamp ties"
2017,SP,juquia,1,0,-1,-100.0,95,"monthly distinct customer_unique_id; city/state on earliest delivered-order purchase timestamp, order_id ascending for timestamp ties"
2017,SP,laranjal paulista,2,1,-1,-50.0,96,"monthly distinct customer_unique_id; city/state on earliest delivered-order purchase timestamp, order_id ascending for timestamp ties"
2017,SP,leme,2,1,-1,-50.0,97,"monthly distinct customer_unique_id; city/state on earliest delivered-order purchase timestamp, order_id ascending for timestamp ties"
2017,SP,luiziania,1,0,-1,-100.0,98,"monthly distinct customer_unique_id; city/state on earliest delivered-order purchase timestamp, order_id ascending for timestamp ties"
2017,SP,mairipora,3,2,-1,-33.33333333333333,99,"monthly distinct customer_unique_id; city/state on earliest delivered-order purchase timestamp, order_id ascending for timestamp ties"
2017,SP,matao,2,1,-1,-50.0,100,"monthly distinct customer_unique_id; city/state on earliest delivered-order purchase timestamp, order_id ascending for timestamp ties"
2017,SP,mendonca,1,0,-1,-100.0,101,"monthly distinct customer_unique_id; city/state on earliest delivered-order purchase timestamp, order_id ascending for timestamp ties"
2017,SP,mirandopolis,1,0,-1,-100.0,102,"monthly distinct customer_unique_id; city/state on earliest delivered-order purchase timestamp, order_id ascending for timestamp ties"
2017,SP,mogi-guacu,4,3,-1,-25.0,103,"monthly distinct customer_unique_id; city/state on earliest delivered-order purchase timestamp, order_id ascending for timestamp ties"
2017,SP,mogi-mirim,1,0,-1,-100.0,104,"monthly distinct customer_unique_id; city/state on earliest delivered-order purchase timestamp, order_id ascending for timestamp ties"
2017,SP,morro agudo,1,0,-1,-100.0,105,"monthly distinct customer_unique_id; city/state on earliest delivered-order purchase timestamp, order_id ascending for timestamp ties"
2017,SP,nova europa,1,0,-1,-100.0,106,"monthly distinct customer_unique_id; city/state on earliest delivered-order purchase timestamp, order_id ascending for timestamp ties"
2017,SP,novais,1,0,-1,-100.0,107,"monthly distinct customer_unique_id; city/state on earliest delivered-order purchase timestamp, order_id ascending for timestamp ties"
2017,SP,novo horizonte,2,1,-1,-50.0,108,"monthly distinct customer_unique_id; city/state on earliest delivered-order purchase timestamp, order_id ascending for timestamp ties"
2017,SP,orlandia,2,1,-1,-50.0,109,"monthly distinct customer_unique_id; city/state on earliest delivered-order purchase timestamp, order_id ascending for timestamp ties"
2017,SP,oscar bressane,1,0,-1,-100.0,110,"monthly distinct customer_unique_id; city/state on earliest delivered-order purchase timestamp, order_id ascending for timestamp ties"
2017,SP,paraguacu paulista,1,0,-1,-100.0,111,"monthly distinct customer_unique_id; city/state on earliest delivered-order purchase timestamp, order_id ascending for timestamp ties"
2017,SP,paranapanema,1,0,-1,-100.0,112,"monthly distinct customer_unique_id; city/state on earliest delivered-order purchase timestamp, order_id ascending for timestamp ties"
2017,SP,paulo de faria,1,0,-1,-100.0,113,"monthly distinct customer_unique_id; city/state on earliest delivered-order purchase timestamp, order_id ascending for timestamp ties"
2017,SP,pedra bela,1,0,-1,-100.0,114,"monthly distinct customer_unique_id; city/state on earliest delivered-order purchase timestamp, order_id ascending for timestamp ties"
2017,SP,pedreira,2,1,-1,-50.0,115,"monthly distinct customer_unique_id; city/state on earliest delivered-order purchase timestamp, order_id ascending for timestamp ties"
2017,SP,pilar do sul,1,0,-1,-100.0,116,"monthly distinct customer_unique_id; city/state on earliest delivered-order purchase timestamp, order_id ascending for timestamp ties"
2017,SP,pindamonhangaba,3,2,-1,-33.33333333333333,117,"monthly distinct customer_unique_id; city/state on earliest delivered-order purchase timestamp, order_id ascending for timestamp ties"
2017,SP,pirajui,1,0,-1,-100.0,118,"monthly distinct customer_unique_id; city/state on earliest delivered-order purchase timestamp, order_id ascending for timestamp ties"
2017,SP,redencao da serra,1,0,-1,-100.0,119,"monthly distinct customer_unique_id; city/state on earliest delivered-order purchase timestamp, order_id ascending for timestamp ties"
2017,SP,rinopolis,1,0,-1,-100.0,120,"monthly distinct customer_unique_id; city/state on earliest delivered-order purchase timestamp, order_id ascending for timestamp ties"
2017,SP,rio das pedras,1,0,-1,-100.0,121,"monthly distinct customer_unique_id; city/state on earliest delivered-order purchase timestamp, order_id ascending for timestamp ties"
2017,SP,salmourao,1,0,-1,-100.0,122,"monthly distinct customer_unique_id; city/state on earliest delivered-order purchase timestamp, order_id ascending for timestamp ties"
2017,SP,salto de pirapora,1,0,-1,-100.0,123,"monthly distinct customer_unique_id; city/state on earliest delivered-order purchase timestamp, order_id ascending for timestamp ties"
2017,SP,santa branca,1,0,-1,-100.0,124,"monthly distinct customer_unique_id; city/state on earliest delivered-order purchase timestamp, order_id ascending for timestamp ties"
2017,SP,santa cruz do rio pardo,1,0,-1,-100.0,125,"monthly distinct customer_unique_id; city/state on earliest delivered-order purchase timestamp, order_id ascending for timestamp ties"
2017,SP,santo anastacio,1,0,-1,-100.0,126,"monthly distinct customer_unique_id; city/state on earliest delivered-order purchase timestamp, order_id ascending for timestamp ties"
2017,SP,sao jose do rio preto,12,11,-1,-8.333333333333332,127,"monthly distinct customer_unique_id; city/state on earliest delivered-order purchase timestamp, order_id ascending for timestamp ties"
2017,SP,sao luis do paraitinga,1,0,-1,-100.0,128,"monthly distinct customer_unique_id; city/state on earliest delivered-order purchase timestamp, order_id ascending for timestamp ties"
2017,SP,sao miguel arcanjo,1,0,-1,-100.0,129,"monthly distinct customer_unique_id; city/state on earliest delivered-order purchase timestamp, order_id ascending for timestamp ties"
2017,SP,sarutaia,1,0,-1,-100.0,130,"monthly distinct customer_unique_id; city/state on earliest delivered-order purchase timestamp, order_id ascending for timestamp ties"
2017,SP,serrana,2,1,-1,-50.0,131,"monthly distinct customer_unique_id; city/state on earliest delivered-order purchase timestamp, order_id ascending for timestamp ties"
2017,SP,sete barras,1,0,-1,-100.0,132,"monthly distinct customer_unique_id; city/state on earliest delivered-order purchase timestamp, order_id ascending for timestamp ties"
2017,SP,socorro,1,0,-1,-100.0,133,"monthly distinct customer_unique_id; city/state on earliest delivered-order purchase timestamp, order_id ascending for timestamp ties"
2017,SP,sud mennucci,1,0,-1,-100.0,134,"monthly distinct customer_unique_id; city/state on earliest delivered-order purchase timestamp, order_id ascending for timestamp ties"
2017,SP,taquaritinga,2,1,-1,-50.0,135,"monthly distinct customer_unique_id; city/state on earliest delivered-order purchase timestamp, order_id ascending for timestamp ties"
2017,SP,tiete,2,1,-1,-50.0,136,"monthly distinct customer_unique_id; city/state on earliest delivered-order purchase timestamp, order_id ascending for timestamp ties"
2017,SP,tupi paulista,1,0,-1,-100.0,137,"monthly distinct customer_unique_id; city/state on earliest delivered-order purchase timestamp, order_id ascending for timestamp ties"
2017,SP,valinhos,4,3,-1,-25.0,138,"monthly distinct customer_unique_id; city/state on earliest delivered-order purchase timestamp, order_id ascending for timestamp ties"
2017,SP,vinhedo,4,3,-1,-25.0,139,"monthly distinct customer_unique_id; city/state on earliest delivered-order purchase timestamp, order_id ascending for timestamp ties"
2017,SP,zacarias,1,0,-1,-100.0,140,"monthly distinct customer_unique_id; city/state on earliest delivered-order purchase timestamp, order_id ascending for timestamp ties"
2017,SP,americana,8,8,0,0.0,,"monthly distinct customer_unique_id; city/state on earliest delivered-order purchase timestamp, order_id ascending for timestamp ties"
2017,SP,apiai,1,1,0,0.0,,"monthly distinct customer_unique_id; city/state on earliest delivered-order purchase timestamp, order_id ascending for timestamp ties"
2017,SP,araras,2,2,0,0.0,,"monthly distinct customer_unique_id; city/state on earliest delivered-order purchase timestamp, order_id ascending for timestamp ties"
2017,SP,assis,3,3,0,0.0,,"monthly distinct customer_unique_id; city/state on earliest delivered-order purchase timestamp, order_id ascending for timestamp ties"
2017,SP,braganca paulista,9,9,0,0.0,,"monthly distinct customer_unique_id; city/state on earliest delivered-order purchase timestamp, order_id ascending for timestamp ties"
2017,SP,cachoeira paulista,1,1,0,0.0,,"monthly distinct customer_unique_id; city/state on earliest delivered-order purchase timestamp, order_id ascending for timestamp ties"
2017,SP,cosmopolis,1,1,0,0.0,,"monthly distinct customer_unique_id; city/state on earliest delivered-order purchase timestamp, order_id ascending for timestamp ties"
2017,SP,cunha,1,1,0,0.0,,"monthly distinct customer_unique_id; city/state on earliest delivered-order purchase timestamp, order_id ascending for timestamp ties"
2017,SP,embu,2,2,0,0.0,,"monthly distinct customer_unique_id; city/state on earliest delivered-order purchase timestamp, order_id ascending for timestamp ties"
2017,SP,embu-guacu,1,1,0,0.0,,"monthly distinct customer_unique_id; city/state on earliest delivered-order purchase timestamp, order_id ascending for timestamp ties"
2017,SP,ferraz de vasconcelos,4,4,0,0.0,,"monthly distinct customer_unique_id; city/state on earliest delivered-order purchase timestamp, order_id ascending for timestamp ties"
2017,SP,franca,4,4,0,0.0,,"monthly distinct customer_unique_id; city/state on earliest delivered-order purchase timestamp, order_id ascending for timestamp ties"
2017,SP,guararapes,1,1,0,0.0,,"monthly distinct customer_unique_id; city/state on earliest delivered-order purchase timestamp, order_id ascending for timestamp ties"
2017,SP,holambra ii,1,1,0,0.0,,"monthly distinct customer_unique_id; city/state on earliest delivered-order purchase timestamp, order_id ascending for timestamp ties"
2017,SP,ibate,1,1,0,0.0,,"monthly distinct customer_unique_id; city/state on earliest delivered-order purchase timestamp, order_id ascending for timestamp ties"
2017,SP,iracemapolis,2,2,0,0.0,,"monthly distinct customer_unique_id; city/state on earliest delivered-order purchase timestamp, order_id ascending for timestamp ties"
2017,SP,itapira,3,3,0,0.0,,"monthly distinct customer_unique_id; city/state on earliest delivered-order purchase timestamp, order_id ascending for timestamp ties"
2017,SP,lencois paulista,1,1,0,0.0,,"monthly distinct customer_unique_id; city/state on earliest delivered-order purchase timestamp, order_id ascending for timestamp ties"
2017,SP,lorena,3,3,0,0.0,,"monthly distinct customer_unique_id; city/state on earliest delivered-order purchase timestamp, order_id ascending for timestamp ties"
2017,SP,mirassol,1,1,0,0.0,,"monthly distinct customer_unique_id; city/state on earliest delivered-order purchase timestamp, order_id ascending for timestamp ties"
2017,SP,mococa,1,1,0,0.0,,"monthly distinct customer_unique_id; city/state on earliest delivered-order purchase timestamp, order_id ascending for timestamp ties"
2017,SP,mogi mirim,3,3,0,0.0,,"monthly distinct customer_unique_id; city/state on earliest delivered-order purchase timestamp, order_id ascending for timestamp ties"
2017,SP,mongagua,1,1,0,0.0,,"monthly distinct customer_unique_id; city/state on earliest delivered-order purchase timestamp, order_id ascending for timestamp ties"
2017,SP,nova granada,2,2,0,0.0,,"monthly distinct customer_unique_id; city/state on earliest delivered-order purchase timestamp, order_id ascending for timestamp ties"
2017,SP,peruibe,2,2,0,0.0,,"monthly distinct customer_unique_id; city/state on earliest delivered-order purchase timestamp, order_id ascending for timestamp ties"
2017,SP,porto ferreira,1,1,0,0.0,,"monthly distinct customer_unique_id; city/state on earliest delivered-order purchase timestamp, order_id ascending for timestamp ties"
2017,SP,promissao,1,1,0,0.0,,"monthly distinct customer_unique_id; city/state on earliest delivered-order purchase timestamp, order_id ascending for timestamp ties"
2017,SP,rafard,1,1,0,0.0,,"monthly distinct customer_unique_id; city/state on earliest delivered-order purchase timestamp, order_id ascending for timestamp ties"
2017,SP,rio claro,6,6,0,0.0,,"monthly distinct customer_unique_id; city/state on earliest delivered-order purchase timestamp, order_id ascending for timestamp ties"
2017,SP,santa albertina,1,1,0,0.0,,"monthly distinct customer_unique_id; city/state on earliest delivered-order purchase timestamp, order_id ascending for timestamp ties"
2017,SP,santa fe do sul,1,1,0,0.0,,"monthly distinct customer_unique_id; city/state on earliest delivered-order purchase timestamp, order_id ascending for timestamp ties"
2017,SP,santa gertrudes,1,1,0,0.0,,"monthly distinct customer_unique_id; city/state on earliest delivered-order purchase timestamp, order_id ascending for timestamp ties"
2017,SP,taiuva,1,1,0,0.0,,"monthly distinct customer_unique_id; city/state on earliest delivered-order purchase timestamp, order_id ascending for timestamp ties"
2017,SP,varzea paulista,4,4,0,0.0,,"monthly distinct customer_unique_id; city/state on earliest delivered-order purchase timestamp, order_id ascending for timestamp ties"
2017,SP,agudos,0,1,1,,,"monthly distinct customer_unique_id; city/state on earliest delivered-order purchase timestamp, order_id ascending for timestamp ties"
2017,SP,alambari,0,1,1,,,"monthly distinct customer_unique_id; city/state on earliest delivered-order purchase timestamp, order_id ascending for timestamp ties"
2017,SP,amparo,3,4,1,33.33333333333333,,"monthly distinct customer_unique_id; city/state on earliest delivered-order purchase timestamp, order_id ascending for timestamp ties"
2017,SP,aparecida,0,1,1,,,"monthly distinct customer_unique_id; city/state on earliest delivered-order purchase timestamp, order_id ascending for timestamp ties"
2017,SP,araraquara,5,6,1,20.0,,"monthly distinct customer_unique_id; city/state on earliest delivered-order purchase timestamp, order_id ascending for timestamp ties"
2017,SP,areiopolis,0,1,1,,,"monthly distinct customer_unique_id; city/state on earliest delivered-order purchase timestamp, order_id ascending for timestamp ties"
2017,SP,aruja,2,3,1,50.0,,"monthly distinct customer_unique_id; city/state on earliest delivered-order purchase timestamp, order_id ascending for timestamp ties"
2017,SP,atibaia,5,6,1,20.0,,"monthly distinct customer_unique_id; city/state on earliest delivered-order purchase timestamp, order_id ascending for timestamp ties"
2017,SP,auriflama,0,1,1,,,"monthly distinct customer_unique_id; city/state on earliest delivered-order purchase timestamp, order_id ascending for timestamp ties"
2017,SP,balsamo,0,1,1,,,"monthly distinct customer_unique_id; city/state on earliest delivered-order purchase timestamp, order_id ascending for timestamp ties"
2017,SP,barrinha,1,2,1,100.0,,"monthly distinct customer_unique_id; city/state on earliest delivered-order purchase timestamp, order_id ascending for timestamp ties"
2017,SP,bauru,12,13,1,8.333333333333332,,"monthly distinct customer_unique_id; city/state on earliest delivered-order purchase timestamp, order_id ascending for timestamp ties"
2017,SP,bebedouro,1,2,1,100.0,,"monthly distinct customer_unique_id; city/state on earliest delivered-order purchase timestamp, order_id ascending for timestamp ties"
2017,SP,biritiba-mirim,0,1,1,,,"monthly distinct customer_unique_id; city/state on earliest delivered-order purchase timestamp, order_id ascending for timestamp ties"
2017,SP,boituva,1,2,1,100.0,,"monthly distinct customer_unique_id; city/state on earliest delivered-order purchase timestamp, order_id ascending for timestamp ties"
2017,SP,bom jesus dos perdoes,0,1,1,,,"monthly distinct customer_unique_id; city/state on earliest delivered-order purchase timestamp, order_id ascending for timestamp ties"
2017,SP,botucatu,2,3,1,50.0,,"monthly distinct customer_unique_id; city/state on earliest delivered-order purchase timestamp, order_id ascending for timestamp ties"
2017,SP,brotas,0,1,1,,,"monthly distinct customer_unique_id; city/state on earliest delivered-order purchase timestamp, order_id ascending for timestamp ties"
2017,SP,corumbatai,0,1,1,,,"monthly distinct customer_unique_id; city/state on earliest delivered-order purchase timestamp, order_id ascending for timestamp ties"
2017,SP,cruzeiro,2,3,1,50.0,,"monthly distinct customer_unique_id; city/state on earliest delivered-order purchase timestamp, order_id ascending for timestamp ties"
2017,SP,descalvado,0,1,1,,,"monthly distinct customer_unique_id; city/state on earliest delivered-order purchase timestamp, order_id ascending for timestamp ties"
2017,SP,divinolandia,0,1,1,,,"monthly distinct customer_unique_id; city/state on earliest delivered-order purchase timestamp, order_id ascending for timestamp ties"
2017,SP,dracena,0,1,1,,,"monthly distinct customer_unique_id; city/state on earliest delivered-order purchase timestamp, order_id ascending for timestamp ties"
2017,SP,engenheiro coelho,0,1,1,,,"monthly distinct customer_unique_id; city/state on earliest delivered-order purchase timestamp, order_id ascending for timestamp ties"
2017,SP,espirito santo do turvo,0,1,1,,,"monthly distinct customer_unique_id; city/state on earliest delivered-order purchase timestamp, order_id ascending for timestamp ties"
2017,SP,fernao,0,1,1,,,"monthly distinct customer_unique_id; city/state on earliest delivered-order purchase timestamp, order_id ascending for timestamp ties"
2017,SP,guaicara,0,1,1,,,"monthly distinct customer_unique_id; city/state on earliest delivered-order purchase timestamp, order_id ascending for timestamp ties"
2017,SP,guaira,0,1,1,,,"monthly distinct customer_unique_id; city/state on earliest delivered-order purchase timestamp, order_id ascending for timestamp ties"
2017,SP,guapiara,0,1,1,,,"monthly distinct customer_unique_id; city/state on earliest delivered-order purchase timestamp, order_id ascending for timestamp ties"
2017,SP,guaracai,0,1,1,,,"monthly distinct customer_unique_id; city/state on earliest delivered-order purchase timestamp, order_id ascending for timestamp ties"
2017,SP,guariba,0,1,1,,,"monthly distinct customer_unique_id; city/state on earliest delivered-order purchase timestamp, order_id ascending for timestamp ties"
2017,SP,ibiuna,0,1,1,,,"monthly distinct customer_unique_id; city/state on earliest delivered-order purchase timestamp, order_id ascending for timestamp ties"
2017,SP,ilhabela,0,1,1,,,"monthly distinct customer_unique_id; city/state on earliest delivered-order purchase timestamp, order_id ascending for timestamp ties"
2017,SP,ipero,0,1,1,,,"monthly distinct customer_unique_id; city/state on earliest delivered-order purchase timestamp, order_id ascending for timestamp ties"
2017,SP,irapua,0,1,1,,,"monthly distinct customer_unique_id; city/state on earliest delivered-order purchase timestamp, order_id ascending for timestamp ties"
2017,SP,itai,0,1,1,,,"monthly distinct customer_unique_id; city/state on earliest delivered-order purchase timestamp, order_id ascending for timestamp ties"
2017,SP,itapui,0,1,1,,,"monthly distinct customer_unique_id; city/state on earliest delivered-order purchase timestamp, order_id ascending for timestamp ties"
2017,SP,itatinga,0,1,1,,,"monthly distinct customer_unique_id; city/state on earliest delivered-order purchase timestamp, order_id ascending for timestamp ties"
2017,SP,jacarei,7,8,1,14.285714285714285,,"monthly distinct customer_unique_id; city/state on earliest delivered-order purchase timestamp, order_id ascending for timestamp ties"
2017,SP,jaguariuna,1,2,1,100.0,,"monthly distinct customer_unique_id; city/state on earliest delivered-order purchase timestamp, order_id ascending for timestamp ties"
2017,SP,jandira,2,3,1,50.0,,"monthly distinct customer_unique_id; city/state on earliest delivered-order purchase timestamp, order_id ascending for timestamp ties"
2017,SP,jardinopolis,0,1,1,,,"monthly distinct customer_unique_id; city/state on earliest delivered-order purchase timestamp, order_id ascending for timestamp ties"
2017,SP,jose bonifacio,0,1,1,,,"monthly distinct customer_unique_id; city/state on earliest delivered-order purchase timestamp, order_id ascending for timestamp ties"
2017,SP,junqueiropolis,0,1,1,,,"monthly distinct customer_unique_id; city/state on earliest delivered-order purchase timestamp, order_id ascending for timestamp ties"
2017,SP,lins,1,2,1,100.0,,"monthly distinct customer_unique_id; city/state on earliest delivered-order purchase timestamp, order_id ascending for timestamp ties"
2017,SP,louveira,1,2,1,100.0,,"monthly distinct customer_unique_id; city/state on earliest delivered-order purchase timestamp, order_id ascending for timestamp ties"
2017,SP,luis antonio,0,1,1,,,"monthly distinct customer_unique_id; city/state on earliest delivered-order purchase timestamp, order_id ascending for timestamp ties"
2017,SP,martinopolis,0,1,1,,,"monthly distinct customer_unique_id; city/state on earliest delivered-order purchase timestamp, order_id ascending for timestamp ties"
2017,SP,narandiba,0,1,1,,,"monthly distinct customer_unique_id; city/state on earliest delivered-order purchase timestamp, order_id ascending for timestamp ties"
2017,SP,nova canaa paulista,0,1,1,,,"monthly distinct customer_unique_id; city/state on earliest delivered-order purchase timestamp, order_id ascending for timestamp ties"
2017,SP,olimpia,1,2,1,100.0,,"monthly distinct customer_unique_id; city/state on earliest delivered-order purchase timestamp, order_id ascending for timestamp ties"
2017,SP,oriente,0,1,1,,,"monthly distinct customer_unique_id; city/state on earliest delivered-order purchase timestamp, order_id ascending for timestamp ties"
2017,SP,palmital,0,1,1,,,"monthly distinct customer_unique_id; city/state on earliest delivered-order purchase timestamp, order_id ascending for timestamp ties"
2017,SP,paraiso,0,1,1,,,"monthly distinct customer_unique_id; city/state on earliest delivered-order purchase timestamp, order_id ascending for timestamp ties"
2017,SP,parapua,0,1,1,,,"monthly distinct customer_unique_id; city/state on earliest delivered-order purchase timestamp, order_id ascending for timestamp ties"
2017,SP,pederneiras,0,1,1,,,"monthly distinct customer_unique_id; city/state on earliest delivered-order purchase timestamp, order_id ascending for timestamp ties"
2017,SP,pedro de toledo,0,1,1,,,"monthly distinct customer_unique_id; city/state on earliest delivered-order purchase timestamp, order_id ascending for timestamp ties"
2017,SP,piedade,1,2,1,100.0,,"monthly distinct customer_unique_id; city/state on earliest delivered-order purchase timestamp, order_id ascending for timestamp ties"
2017,SP,pinhalzinho,0,1,1,,,"monthly distinct customer_unique_id; city/state on earliest delivered-order purchase timestamp, order_id ascending for timestamp ties"
2017,SP,piquete,0,1,1,,,"monthly distinct customer_unique_id; city/state on earliest delivered-order purchase timestamp, order_id ascending for timestamp ties"
2017,SP,porto feliz,0,1,1,,,"monthly distinct customer_unique_id; city/state on earliest delivered-order purchase timestamp, order_id ascending for timestamp ties"
2017,SP,presidente epitacio,0,1,1,,,"monthly distinct customer_unique_id; city/state on earliest delivered-order purchase timestamp, order_id ascending for timestamp ties"
2017,SP,presidente venceslau,0,1,1,,,"monthly distinct customer_unique_id; city/state on earliest delivered-order purchase timestamp, order_id ascending for timestamp ties"
2017,SP,quintana,0,1,1,,,"monthly distinct customer_unique_id; city/state on earliest delivered-order purchase timestamp, order_id ascending for timestamp ties"
2017,SP,rancharia,0,1,1,,,"monthly distinct customer_unique_id; city/state on earliest delivered-order purchase timestamp, order_id ascending for timestamp ties"
2017,SP,ribeirao pires,3,4,1,33.33333333333333,,"monthly distinct customer_unique_id; city/state on earliest delivered-order purchase timestamp, order_id ascending for timestamp ties"
2017,SP,rubiacea,0,1,1,,,"monthly distinct customer_unique_id; city/state on earliest delivered-order purchase timestamp, order_id ascending for timestamp ties"
2017,SP,sabino,0,1,1,,,"monthly distinct customer_unique_id; city/state on earliest delivered-order purchase timestamp, order_id ascending for timestamp ties"
2017,SP,santa adelia,0,1,1,,,"monthly distinct customer_unique_id; city/state on earliest delivered-order purchase timestamp, order_id ascending for timestamp ties"
2017,SP,santa rita do passa quatro,0,1,1,,,"monthly distinct customer_unique_id; city/state on earliest delivered-order purchase timestamp, order_id ascending for timestamp ties"
2017,SP,santo antonio de posse,0,1,1,,,"monthly distinct customer_unique_id; city/state on earliest delivered-order purchase timestamp, order_id ascending for timestamp ties"
2017,SP,sao joao da boa vista,6,7,1,16.666666666666664,,"monthly distinct customer_unique_id; city/state on earliest delivered-order purchase timestamp, order_id ascending for timestamp ties"
2017,SP,sao joao de iracema,0,1,1,,,"monthly distinct customer_unique_id; city/state on earliest delivered-order purchase timestamp, order_id ascending for timestamp ties"
2017,SP,sao joaquim da barra,0,1,1,,,"monthly distinct customer_unique_id; city/state on earliest delivered-order purchase timestamp, order_id ascending for timestamp ties"
2017,SP,sao jose do barreiro,0,1,1,,,"monthly distinct customer_unique_id; city/state on earliest delivered-order purchase timestamp, order_id ascending for timestamp ties"
2017,SP,sao roque,0,1,1,,,"monthly distinct customer_unique_id; city/state on earliest delivered-order purchase timestamp, order_id ascending for timestamp ties"
2017,SP,sao sebastiao da serra,0,1,1,,,"monthly distinct customer_unique_id; city/state on earliest delivered-order purchase timestamp, order_id ascending for timestamp ties"
2017,SP,tabapua,0,1,1,,,"monthly distinct customer_unique_id; city/state on earliest delivered-order purchase timestamp, order_id ascending for timestamp ties"
2017,SP,taquarituba,0,1,1,,,"monthly distinct customer_unique_id; city/state on earliest delivered-order purchase timestamp, order_id ascending for timestamp ties"
2017,SP,tupa,1,2,1,100.0,,"monthly distinct customer_unique_id; city/state on earliest delivered-order purchase timestamp, order_id ascending for timestamp ties"
2017,SP,viradouro,0,1,1,,,"monthly distinct customer_unique_id; city/state on earliest delivered-order purchase timestamp, order_id ascending for timestamp ties"
2017,SP,aluminio,0,2,2,,,"monthly distinct customer_unique_id; city/state on earliest delivered-order purchase timestamp, order_id ascending for timestamp ties"
2017,SP,andradina,1,3,2,200.0,,"monthly distinct customer_unique_id; city/state on earliest delivered-order purchase timestamp, order_id ascending for timestamp ties"
2017,SP,barretos,1,3,2,200.0,,"monthly distinct customer_unique_id; city/state on earliest delivered-order purchase timestamp, order_id ascending for timestamp ties"
2017,SP,bastos,0,2,2,,,"monthly distinct customer_unique_id; city/state on earliest delivered-order purchase timestamp, order_id ascending for timestamp ties"
2017,SP,birigui,1,3,2,200.0,,"monthly distinct customer_unique_id; city/state on earliest delivered-order purchase timestamp, order_id ascending for timestamp ties"
2017,SP,borborema,0,2,2,,,"monthly distinct customer_unique_id; city/state on earliest delivered-order purchase timestamp, order_id ascending for timestamp ties"
2017,SP,charqueada,0,2,2,,,"monthly distinct customer_unique_id; city/state on earliest delivered-order purchase timestamp, order_id ascending for timestamp ties"
2017,SP,cubatao,1,3,2,200.0,,"monthly distinct customer_unique_id; city/state on earliest delivered-order purchase timestamp, order_id ascending for timestamp ties"
2017,SP,francisco morato,3,5,2,66.66666666666666,,"monthly distinct customer_unique_id; city/state on earliest delivered-order purchase timestamp, order_id ascending for timestamp ties"
2017,SP,hortolandia,6,8,2,33.33333333333333,,"monthly distinct customer_unique_id; city/state on earliest delivered-order purchase timestamp, order_id ascending for timestamp ties"
2017,SP,ibitinga,0,2,2,,,"monthly distinct customer_unique_id; city/state on earliest delivered-order purchase timestamp, order_id ascending for timestamp ties"
2017,SP,ilha solteira,1,3,2,200.0,,"monthly distinct customer_unique_id; city/state on earliest delivered-order purchase timestamp, order_id ascending for timestamp ties"
2017,SP,indaiatuba,4,6,2,50.0,,"monthly distinct customer_unique_id; city/state on earliest delivered-order purchase timestamp, order_id ascending for timestamp ties"
2017,SP,itarare,0,2,2,,,"monthly distinct customer_unique_id; city/state on earliest delivered-order purchase timestamp, order_id ascending for timestamp ties"
2017,SP,juquitiba,0,2,2,,,"monthly distinct customer_unique_id; city/state on earliest delivered-order purchase timestamp, order_id ascending for timestamp ties"
2017,SP,macatuba,0,2,2,,,"monthly distinct customer_unique_id; city/state on earliest delivered-order purchase timestamp, order_id ascending for timestamp ties"
2017,SP,maua,5,7,2,40.0,,"monthly distinct customer_unique_id; city/state on earliest delivered-order purchase timestamp, order_id ascending for timestamp ties"
2017,SP,ourinhos,4,6,2,50.0,,"monthly distinct customer_unique_id; city/state on earliest delivered-order purchase timestamp, order_id ascending for timestamp ties"
2017,SP,panorama,0,2,2,,,"monthly distinct customer_unique_id; city/state on earliest delivered-order purchase timestamp, order_id ascending for timestamp ties"
2017,SP,poa,2,4,2,100.0,,"monthly distinct customer_unique_id; city/state on earliest delivered-order purchase timestamp, order_id ascending for timestamp ties"
2017,SP,praia grande,7,9,2,28.57142857142857,,"monthly distinct customer_unique_id; city/state on earliest delivered-order purchase timestamp, order_id ascending for timestamp ties"
2017,SP,cacapava,0,3,3,,,"monthly distinct customer_unique_id; city/state on earliest delivered-order purchase timestamp, order_id ascending for timestamp ties"
2017,SP,guarulhos,33,36,3,9.090909090909092,,"monthly distinct customer_unique_id; city/state on earliest delivered-order purchase timestamp, order_id ascending for timestamp ties"
2017,SP,itapevi,2,5,3,150.0,,"monthly distinct customer_unique_id; city/state on earliest delivered-order purchase timestamp, order_id ascending for timestamp ties"
2017,SP,itupeva,1,4,3,300.0,,"monthly distinct customer_unique_id; city/state on earliest delivered-order purchase timestamp, order_id ascending for timestamp ties"
2017,SP,salto,3,6,3,100.0,,"monthly distinct customer_unique_id; city/state on earliest delivered-order purchase timestamp, order_id ascending for timestamp ties"
2017,SP,sao jose do rio pardo,0,3,3,,,"monthly distinct customer_unique_id; city/state on earliest delivered-order purchase timestamp, order_id ascending for timestamp ties"
2017,SP,sao sebastiao,0,3,3,,,"monthly distinct customer_unique_id; city/state on earliest delivered-order purchase timestamp, order_id ascending for timestamp ties"
2017,SP,tatui,2,5,3,150.0,,"monthly distinct customer_unique_id; city/state on earliest delivered-order purchase timestamp, order_id ascending for timestamp ties"
2017,SP,ubatuba,1,4,3,300.0,,"monthly distinct customer_unique_id; city/state on earliest delivered-order purchase timestamp, order_id ascending for timestamp ties"
2017,SP,marilia,6,10,4,66.66666666666666,,"monthly distinct customer_unique_id; city/state on earliest delivered-order purchase timestamp, order_id ascending for timestamp ties"
2017,SP,monte mor,0,4,4,,,"monthly distinct customer_unique_id; city/state on earliest delivered-order purchase timestamp, order_id ascending for timestamp ties"
2017,SP,penapolis,0,4,4,,,"monthly distinct customer_unique_id; city/state on earliest delivered-order purchase timestamp, order_id ascending for timestamp ties"
2017,SP,taubate,5,9,4,80.0,,"monthly distinct customer_unique_id; city/state on earliest delivered-order purchase timestamp, order_id ascending for timestamp ties"
2017,SP,votorantim,0,5,5,,,"monthly distinct customer_unique_id; city/state on earliest delivered-order purchase timestamp, order_id ascending for timestamp ties"
2017,SP,limeira,4,10,6,150.0,,"monthly distinct customer_unique_id; city/state on earliest delivered-order purchase timestamp, order_id ascending for timestamp ties"
2017,SP,mogi das cruzes,10,16,6,60.0,,"monthly distinct customer_unique_id; city/state on earliest delivered-order purchase timestamp, order_id ascending for timestamp ties"
2017,SP,sao bernardo do campo,26,32,6,23.076923076923077,,"monthly distinct customer_unique_id; city/state on earliest delivered-order purchase timestamp, order_id ascending for timestamp ties"
2017,SP,franco da rocha,2,9,7,350.0,,"monthly distinct customer_unique_id; city/state on earliest delivered-order purchase timestamp, order_id ascending for timestamp ties"
2017,SP,carapicuiba,4,12,8,200.0,,"monthly distinct customer_unique_id; city/state on earliest delivered-order purchase timestamp, order_id ascending for timestamp ties"
2017,SP,campinas,35,46,11,31.428571428571427,,"monthly distinct customer_unique_id; city/state on earliest delivered-order purchase timestamp, order_id ascending for timestamp ties"
2017,SP,santos,15,27,12,80.0,,"monthly distinct customer_unique_id; city/state on earliest delivered-order purchase timestamp, order_id ascending for timestamp ties"
2017,RJ,rio de janeiro,260,205,-55,-21.153846153846153,1,"monthly distinct customer_unique_id; city/state on earliest delivered-order purchase timestamp, order_id ascending for timestamp ties"
2017,RJ,niteroi,23,17,-6,-26.08695652173913,2,"monthly distinct customer_unique_id; city/state on earliest delivered-order purchase timestamp, order_id ascending for timestamp ties"
2017,RJ,paracambi,6,1,-5,-83.33333333333334,3,"monthly distinct customer_unique_id; city/state on earliest delivered-order purchase timestamp, order_id ascending for timestamp ties"
2017,RJ,duque de caxias,15,11,-4,-26.666666666666668,4,"monthly distinct customer_unique_id; city/state on earliest delivered-order purchase timestamp, order_id ascending for timestamp ties"
2017,RJ,mesquita,4,0,-4,-100.0,5,"monthly distinct customer_unique_id; city/state on earliest delivered-order purchase timestamp, order_id ascending for timestamp ties"
2017,RJ,angra dos reis,4,1,-3,-75.0,6,"monthly distinct customer_unique_id; city/state on earliest delivered-order purchase timestamp, order_id ascending for timestamp ties"
2017,RJ,santo antonio de padua,3,0,-3,-100.0,7,"monthly distinct customer_unique_id; city/state on earliest delivered-order purchase timestamp, order_id ascending for timestamp ties"
2017,RJ,cantagalo,2,0,-2,-100.0,8,"monthly distinct customer_unique_id; city/state on earliest delivered-order purchase timestamp, order_id ascending for timestamp ties"
2017,RJ,casimiro de abreu,3,1,-2,-66.66666666666666,9,"monthly distinct customer_unique_id; city/state on earliest delivered-order purchase timestamp, order_id ascending for timestamp ties"
2017,RJ,cordeiro,2,0,-2,-100.0,10,"monthly distinct customer_unique_id; city/state on earliest delivered-order purchase timestamp, order_id ascending for timestamp ties"
2017,RJ,itaborai,4,2,-2,-50.0,11,"monthly distinct customer_unique_id; city/state on earliest delivered-order purchase timestamp, order_id ascending for timestamp ties"
2017,RJ,itaocara,2,0,-2,-100.0,12,"monthly distinct customer_unique_id; city/state on earliest delivered-order purchase timestamp, order_id ascending for timestamp ties"
2017,RJ,itaperuna,2,0,-2,-100.0,13,"monthly distinct customer_unique_id; city/state on earliest delivered-order purchase timestamp, order_id ascending for timestamp ties"
2017,RJ,nova friburgo,5,3,-2,-40.0,14,"monthly distinct customer_unique_id; city/state on earliest delivered-order purchase timestamp, order_id ascending for timestamp ties"
2017,RJ,pinheiral,2,0,-2,-100.0,15,"monthly distinct customer_unique_id; city/state on earliest delivered-order purchase timestamp, order_id ascending for timestamp ties"
2017,RJ,rio das ostras,5,3,-2,-40.0,16,"monthly distinct customer_unique_id; city/state on earliest delivered-order purchase timestamp, order_id ascending for timestamp ties"
2017,RJ,teresopolis,3,1,-2,-66.66666666666666,17,"monthly distinct customer_unique_id; city/state on earliest delivered-order purchase timestamp, order_id ascending for timestamp ties"
2017,RJ,tres rios,3,1,-2,-66.66666666666666,18,"monthly distinct customer_unique_id; city/state on earliest delivered-order purchase timestamp, order_id ascending for timestamp ties"
2017,RJ,areal,1,0,-1,-100.0,19,"monthly distinct customer_unique_id; city/state on earliest delivered-order purchase timestamp, order_id ascending for timestamp ties"
2017,RJ,bom jardim,1,0,-1,-100.0,20,"monthly distinct customer_unique_id; city/state on earliest delivered-order purchase timestamp, order_id ascending for timestamp ties"
2017,RJ,cachoeiras de macacu,1,0,-1,-100.0,21,"monthly distinct customer_unique_id; city/state on earliest delivered-order purchase timestamp, order_id ascending for timestamp ties"
2017,RJ,cambuci,1,0,-1,-100.0,22,"monthly distinct customer_unique_id; city/state on earliest delivered-order purchase timestamp, order_id ascending for timestamp ties"
2017,RJ,iguaba grande,1,0,-1,-100.0,23,"monthly distinct customer_unique_id; city/state on earliest delivered-order purchase timestamp, order_id ascending for timestamp ties"
2017,RJ,ipiabas,1,0,-1,-100.0,24,"monthly distinct customer_unique_id; city/state on earliest delivered-order purchase timestamp, order_id ascending for timestamp ties"
2017,RJ,macae,5,4,-1,-20.0,25,"monthly distinct customer_unique_id; city/state on earliest delivered-order purchase timestamp, order_id ascending for timestamp ties"
2017,RJ,mage,5,4,-1,-20.0,26,"monthly distinct customer_unique_id; city/state on earliest delivered-order purchase timestamp, order_id ascending for timestamp ties"
2017,RJ,marica,4,3,-1,-25.0,27,"monthly distinct customer_unique_id; city/state on earliest delivered-order purchase timestamp, order_id ascending for timestamp ties"
2017,RJ,miracema,1,0,-1,-100.0,28,"monthly distinct customer_unique_id; city/state on earliest delivered-order purchase timestamp, order_id ascending for timestamp ties"
2017,RJ,papucaia,1,0,-1,-100.0,29,"monthly distinct customer_unique_id; city/state on earliest delivered-order purchase timestamp, order_id ascending for timestamp ties"
2017,RJ,santo eduardo,1,0,-1,-100.0,30,"monthly distinct customer_unique_id; city/state on earliest delivered-order purchase timestamp, order_id ascending for timestamp ties"
2017,RJ,sao joao de meriti,6,5,-1,-16.666666666666664,31,"monthly distinct customer_unique_id; city/state on earliest delivered-order purchase timestamp, order_id ascending for timestamp ties"
2017,RJ,sao pedro da aldeia,1,0,-1,-100.0,32,"monthly distinct customer_unique_id; city/state on earliest delivered-order purchase timestamp, order_id ascending for timestamp ties"
2017,RJ,travessao,1,0,-1,-100.0,33,"monthly distinct customer_unique_id; city/state on earliest delivered-order purchase timestamp, order_id ascending for timestamp ties"
2017,RJ,barra do pirai,2,2,0,0.0,,"monthly distinct customer_unique_id; city/state on earliest delivered-order purchase timestamp, order_id ascending for timestamp ties"
2017,RJ,comendador levy gasparian,1,1,0,0.0,,"monthly distinct customer_unique_id; city/state on earliest delivered-order purchase timestamp, order_id ascending for timestamp ties"
2017,RJ,itatiaia,1,1,0,0.0,,"monthly distinct customer_unique_id; city/state on earliest delivered-order purchase timestamp, order_id ascending for timestamp ties"
2017,RJ,mendes,1,1,0,0.0,,"monthly distinct customer_unique_id; city/state on earliest delivered-order purchase timestamp, order_id ascending for timestamp ties"
2017,RJ,natividade,1,1,0,0.0,,"monthly distinct customer_unique_id; city/state on earliest delivered-order purchase timestamp, order_id ascending for timestamp ties"
2017,RJ,nilopolis,4,4,0,0.0,,"monthly distinct customer_unique_id; city/state on earliest delivered-order purchase timestamp, order_id ascending for timestamp ties"
2017,RJ,porciuncula,1,1,0,0.0,,"monthly distinct customer_unique_id; city/state on earliest delivered-order purchase timestamp, order_id ascending for timestamp ties"
2017,RJ,rio bonito,1,1,0,0.0,,"monthly distinct customer_unique_id; city/state on earliest delivered-order purchase timestamp, order_id ascending for timestamp ties"
2017,RJ,sao joao da barra,1,1,0,0.0,,"monthly distinct customer_unique_id; city/state on earliest delivered-order purchase timestamp, order_id ascending for timestamp ties"
2017,RJ,vassouras,2,2,0,0.0,,"monthly distinct customer_unique_id; city/state on earliest delivered-order purchase timestamp, order_id ascending for timestamp ties"
2017,RJ,araruama,3,4,1,33.33333333333333,,"monthly distinct customer_unique_id; city/state on earliest delivered-order purchase timestamp, order_id ascending for timestamp ties"
2017,RJ,barra de sao joao,0,1,1,,,"monthly distinct customer_unique_id; city/state on earliest delivered-order purchase timestamp, order_id ascending for timestamp ties"
2017,RJ,barra mansa,4,5,1,25.0,,"monthly distinct customer_unique_id; city/state on earliest delivered-order purchase timestamp, order_id ascending for timestamp ties"
2017,RJ,cabo frio,5,6,1,20.0,,"monthly distinct customer_unique_id; city/state on earliest delivered-order purchase timestamp, order_id ascending for timestamp ties"
2017,RJ,cambiasca,0,1,1,,,"monthly distinct customer_unique_id; city/state on earliest delivered-order purchase timestamp, order_id ascending for timestamp ties"
2017,RJ,guapimirim,0,1,1,,,"monthly distinct customer_unique_id; city/state on earliest delivered-order purchase timestamp, order_id ascending for timestamp ties"
2017,RJ,italva,0,1,1,,,"monthly distinct customer_unique_id; city/state on earliest delivered-order purchase timestamp, order_id ascending for timestamp ties"
2017,RJ,japeri,0,1,1,,,"monthly distinct customer_unique_id; city/state on earliest delivered-order purchase timestamp, order_id ascending for timestamp ties"
2017,RJ,miguel pereira,0,1,1,,,"monthly distinct customer_unique_id; city/state on earliest delivered-order purchase timestamp, order_id ascending for timestamp ties"
2017,RJ,nova iguacu,12,13,1,8.333333333333332,,"monthly distinct customer_unique_id; city/state on earliest delivered-order purchase timestamp, order_id ascending for timestamp ties"
2017,RJ,paraiba do sul,0,1,1,,,"monthly distinct customer_unique_id; city/state on earliest delivered-order purchase timestamp, order_id ascending for timestamp ties"
2017,RJ,parati,1,2,1,100.0,,"monthly distinct customer_unique_id; city/state on earliest delivered-order purchase timestamp, order_id ascending for timestamp ties"
2017,RJ,pirai,0,1,1,,,"monthly distinct customer_unique_id; city/state on earliest delivered-order purchase timestamp, order_id ascending for timestamp ties"
2017,RJ,sacra familia do tingua,0,1,1,,,"monthly distinct customer_unique_id; city/state on earliest delivered-order purchase timestamp, order_id ascending for timestamp ties"
2017,RJ,sao fidelis,0,1,1,,,"monthly distinct customer_unique_id; city/state on earliest delivered-order purchase timestamp, order_id ascending for timestamp ties"
2017,RJ,sao francisco de itabapoana,0,1,1,,,"monthly distinct customer_unique_id; city/state on earliest delivered-order purchase timestamp, order_id ascending for timestamp ties"
2017,RJ,seropedica,0,1,1,,,"monthly distinct customer_unique_id; city/state on earliest delivered-order purchase timestamp, order_id ascending for timestamp ties"
2017,RJ,trajano de moraes,0,1,1,,,"monthly distinct customer_unique_id; city/state on earliest delivered-order purchase timestamp, order_id ascending for timestamp ties"
2017,RJ,valenca,0,1,1,,,"monthly distinct customer_unique_id; city/state on earliest delivered-order purchase timestamp, order_id ascending for timestamp ties"
2017,RJ,belford roxo,5,7,2,40.0,,"monthly distinct customer_unique_id; city/state on earliest delivered-order purchase timestamp, order_id ascending for timestamp ties"
2017,RJ,bom jesus do itabapoana,0,2,2,,,"monthly distinct customer_unique_id; city/state on earliest delivered-order purchase timestamp, order_id ascending for timestamp ties"
2017,RJ,goitacazes,0,2,2,,,"monthly distinct customer_unique_id; city/state on earliest delivered-order purchase timestamp, order_id ascending for timestamp ties"
2017,RJ,petropolis,4,6,2,50.0,,"monthly distinct customer_unique_id; city/state on earliest delivered-order purchase timestamp, order_id ascending for timestamp ties"
2017,RJ,resende,4,6,2,50.0,,"monthly distinct customer_unique_id; city/state on earliest delivered-order purchase timestamp, order_id ascending for timestamp ties"
2017,RJ,arraial do cabo,0,3,3,,,"monthly distinct customer_unique_id; city/state on earliest delivered-order purchase timestamp, order_id ascending for timestamp ties"
2017,RJ,itaguai,1,4,3,300.0,,"monthly distinct customer_unique_id; city/state on earliest delivered-order purchase timestamp, order_id ascending for timestamp ties"
2017,RJ,queimados,2,5,3,150.0,,"monthly distinct customer_unique_id; city/state on earliest delivered-order purchase timestamp, order_id ascending for timestamp ties"
2017,RJ,sao goncalo,14,17,3,21.428571428571427,,"monthly distinct customer_unique_id; city/state on earliest delivered-order purchase timestamp, order_id ascending for timestamp ties"
2017,RJ,saquarema,0,3,3,,,"monthly distinct customer_unique_id; city/state on earliest delivered-order purchase timestamp, order_id ascending for timestamp ties"
2017,RJ,volta redonda,5,8,3,60.0,,"monthly distinct customer_unique_id; city/state on earliest delivered-order purchase timestamp, order_id ascending for timestamp ties"
2017,RJ,campos dos goytacazes,5,9,4,80.0,,"monthly distinct customer_unique_id; city/state on earliest delivered-order purchase timestamp, order_id ascending for timestamp ties"
2017,MG,juiz de fora,21,8,-13,-61.904761904761905,1,"monthly distinct customer_unique_id; city/state on earliest delivered-order purchase timestamp, order_id ascending for timestamp ties"
2017,MG,contagem,19,8,-11,-57.89473684210527,2,"monthly distinct customer_unique_id; city/state on earliest delivered-order purchase timestamp, order_id ascending for timestamp ties"
2017,MG,ipatinga,12,6,-6,-50.0,3,"monthly distinct customer_unique_id; city/state on earliest delivered-order purchase timestamp, order_id ascending for timestamp ties"
2017,MG,belo horizonte,77,72,-5,-6.493506493506493,4,"monthly distinct customer_unique_id; city/state on earliest delivered-order purchase timestamp, order_id ascending for timestamp ties"
2017,MG,bom despacho,7,2,-5,-71.42857142857143,5,"monthly distinct customer_unique_id; city/state on earliest delivered-order purchase timestamp, order_id ascending for timestamp ties"
2017,MG,uberaba,8,3,-5,-62.5,6,"monthly distinct customer_unique_id; city/state on earliest delivered-order purchase timestamp, order_id ascending for timestamp ties"
2017,MG,uberlandia,15,10,-5,-33.33333333333333,7,"monthly distinct customer_unique_id; city/state on earliest delivered-order purchase timestamp, order_id ascending for timestamp ties"
2017,MG,araxa,6,2,-4,-66.66666666666666,8,"monthly distinct customer_unique_id; city/state on earliest delivered-order purchase timestamp, order_id ascending for timestamp ties"
2017,MG,almenara,3,0,-3,-100.0,9,"monthly distinct customer_unique_id; city/state on earliest delivered-order purchase timestamp, order_id ascending for timestamp ties"
2017,MG,joao monlevade,3,0,-3,-100.0,10,"monthly distinct customer_unique_id; city/state on earliest delivered-order purchase timestamp, order_id ascending for timestamp ties"
2017,MG,ouro branco,4,1,-3,-75.0,11,"monthly distinct customer_unique_id; city/state on earliest delivered-order purchase timestamp, order_id ascending for timestamp ties"
2017,MG,patos de minas,4,1,-3,-75.0,12,"monthly distinct customer_unique_id; city/state on earliest delivered-order purchase timestamp, order_id ascending for timestamp ties"
2017,MG,sao jose da lapa,3,0,-3,-100.0,13,"monthly distinct customer_unique_id; city/state on earliest delivered-order purchase timestamp, order_id ascending for timestamp ties"
2017,MG,tres coracoes,3,0,-3,-100.0,14,"monthly distinct customer_unique_id; city/state on earliest delivered-order purchase timestamp, order_id ascending for timestamp ties"
2017,MG,caete,2,0,-2,-100.0,15,"monthly distinct customer_unique_id; city/state on earliest delivered-order purchase timestamp, order_id ascending for timestamp ties"
2017,MG,caratinga,4,2,-2,-50.0,16,"monthly distinct customer_unique_id; city/state on earliest delivered-order purchase timestamp, order_id ascending for timestamp ties"
2017,MG,congonhal,2,0,-2,-100.0,17,"monthly distinct customer_unique_id; city/state on earliest delivered-order purchase timestamp, order_id ascending for timestamp ties"
2017,MG,coromandel,3,1,-2,-66.66666666666666,18,"monthly distinct customer_unique_id; city/state on earliest delivered-order purchase timestamp, order_id ascending for timestamp ties"
2017,MG,coronel fabriciano,2,0,-2,-100.0,19,"monthly distinct customer_unique_id; city/state on earliest delivered-order purchase timestamp, order_id ascending for timestamp ties"
2017,MG,janauba,2,0,-2,-100.0,20,"monthly distinct customer_unique_id; city/state on earliest delivered-order purchase timestamp, order_id ascending for timestamp ties"
2017,MG,jequitinhonha,2,0,-2,-100.0,21,"monthly distinct customer_unique_id; city/state on earliest delivered-order purchase timestamp, order_id ascending for timestamp ties"
2017,MG,leopoldina,2,0,-2,-100.0,22,"monthly distinct customer_unique_id; city/state on earliest delivered-order purchase timestamp, order_id ascending for timestamp ties"
2017,MG,mirai,2,0,-2,-100.0,23,"monthly distinct customer_unique_id; city/state on earliest delivered-order purchase timestamp, order_id ascending for timestamp ties"
2017,MG,ouro preto,3,1,-2,-66.66666666666666,24,"monthly distinct customer_unique_id; city/state on earliest delivered-order purchase timestamp, order_id ascending for timestamp ties"
2017,MG,prata,2,0,-2,-100.0,25,"monthly distinct customer_unique_id; city/state on earliest delivered-order purchase timestamp, order_id ascending for timestamp ties"
2017,MG,sabara,3,1,-2,-66.66666666666666,26,"monthly distinct customer_unique_id; city/state on earliest delivered-order purchase timestamp, order_id ascending for timestamp ties"
2017,MG,timoteo,2,0,-2,-100.0,27,"monthly distinct customer_unique_id; city/state on earliest delivered-order purchase timestamp, order_id ascending for timestamp ties"
2017,MG,vicosa,3,1,-2,-66.66666666666666,28,"monthly distinct customer_unique_id; city/state on earliest delivered-order purchase timestamp, order_id ascending for timestamp ties"
2017,MG,virginopolis,2,0,-2,-100.0,29,"monthly distinct customer_unique_id; city/state on earliest delivered-order purchase timestamp, order_id ascending for timestamp ties"
2017,MG,abaete,1,0,-1,-100.0,30,"monthly distinct customer_unique_id; city/state on earliest delivered-order purchase timestamp, order_id ascending for timestamp ties"
2017,MG,acucena,1,0,-1,-100.0,31,"monthly distinct customer_unique_id; city/state on earliest delivered-order purchase timestamp, order_id ascending for timestamp ties"
2017,MG,aguas formosas,1,0,-1,-100.0,32,"monthly distinct customer_unique_id; city/state on earliest delivered-order purchase timestamp, order_id ascending for timestamp ties"
2017,MG,aiuruoca,1,0,-1,-100.0,33,"monthly distinct customer_unique_id; city/state on earliest delivered-order purchase timestamp, order_id ascending for timestamp ties"
2017,MG,alfenas,1,0,-1,-100.0,34,"monthly distinct customer_unique_id; city/state on earliest delivered-order purchase timestamp, order_id ascending for timestamp ties"
2017,MG,antonio prado de minas,1,0,-1,-100.0,35,"monthly distinct customer_unique_id; city/state on earliest delivered-order purchase timestamp, order_id ascending for timestamp ties"
2017,MG,arapora,1,0,-1,-100.0,36,"monthly distinct customer_unique_id; city/state on earliest delivered-order purchase timestamp, order_id ascending for timestamp ties"
2017,MG,arcos,3,2,-1,-33.33333333333333,37,"monthly distinct customer_unique_id; city/state on earliest delivered-order purchase timestamp, order_id ascending for timestamp ties"
2017,MG,areado,1,0,-1,-100.0,38,"monthly distinct customer_unique_id; city/state on earliest delivered-order purchase timestamp, order_id ascending for timestamp ties"
2017,MG,bandeira do sul,1,0,-1,-100.0,39,"monthly distinct customer_unique_id; city/state on earliest delivered-order purchase timestamp, order_id ascending for timestamp ties"
2017,MG,bom jardim de minas,1,0,-1,-100.0,40,"monthly distinct customer_unique_id; city/state on earliest delivered-order purchase timestamp, order_id ascending for timestamp ties"
2017,MG,bom jesus da penha,1,0,-1,-100.0,41,"monthly distinct customer_unique_id; city/state on earliest delivered-order purchase timestamp, order_id ascending for timestamp ties"
2017,MG,borda da mata,1,0,-1,-100.0,42,"monthly distinct customer_unique_id; city/state on earliest delivered-order purchase timestamp, order_id ascending for timestamp ties"
2017,MG,braunas,1,0,-1,-100.0,43,"monthly distinct customer_unique_id; city/state on earliest delivered-order purchase timestamp, order_id ascending for timestamp ties"
2017,MG,caiana,1,0,-1,-100.0,44,"monthly distinct customer_unique_id; city/state on earliest delivered-order purchase timestamp, order_id ascending for timestamp ties"
2017,MG,cambuquira,1,0,-1,-100.0,45,"monthly distinct customer_unique_id; city/state on earliest delivered-order purchase timestamp, order_id ascending for timestamp ties"
2017,MG,capelinha,1,0,-1,-100.0,46,"monthly distinct customer_unique_id; city/state on earliest delivered-order purchase timestamp, order_id ascending for timestamp ties"
2017,MG,capinopolis,1,0,-1,-100.0,47,"monthly distinct customer_unique_id; city/state on earliest delivered-order purchase timestamp, order_id ascending for timestamp ties"
2017,MG,carangola,1,0,-1,-100.0,48,"monthly distinct customer_unique_id; city/state on earliest delivered-order purchase timestamp, order_id ascending for timestamp ties"
2017,MG,cassia,1,0,-1,-100.0,49,"monthly distinct customer_unique_id; city/state on earliest delivered-order purchase timestamp, order_id ascending for timestamp ties"
2017,MG,conceicao das pedras,1,0,-1,-100.0,50,"monthly distinct customer_unique_id; city/state on earliest delivered-order purchase timestamp, order_id ascending for timestamp ties"
2017,MG,conceicao do mato dentro,1,0,-1,-100.0,51,"monthly distinct customer_unique_id; city/state on earliest delivered-order purchase timestamp, order_id ascending for timestamp ties"
2017,MG,coroaci,1,0,-1,-100.0,52,"monthly distinct customer_unique_id; city/state on earliest delivered-order purchase timestamp, order_id ascending for timestamp ties"
2017,MG,crisolita,1,0,-1,-100.0,53,"monthly distinct customer_unique_id; city/state on earliest delivered-order purchase timestamp, order_id ascending for timestamp ties"
2017,MG,diamantina,2,1,-1,-50.0,54,"monthly distinct customer_unique_id; city/state on earliest delivered-order purchase timestamp, order_id ascending for timestamp ties"
2017,MG,divinopolis,4,3,-1,-25.0,55,"monthly distinct customer_unique_id; city/state on earliest delivered-order purchase timestamp, order_id ascending for timestamp ties"
2017,MG,dom cavati,1,0,-1,-100.0,56,"monthly distinct customer_unique_id; city/state on earliest delivered-order purchase timestamp, order_id ascending for timestamp ties"
2017,MG,esmeraldas,1,0,-1,-100.0,57,"monthly distinct customer_unique_id; city/state on earliest delivered-order purchase timestamp, order_id ascending for timestamp ties"
2017,MG,espinosa,1,0,-1,-100.0,58,"monthly distinct customer_unique_id; city/state on earliest delivered-order purchase timestamp, order_id ascending for timestamp ties"
2017,MG,estrela do sul,1,0,-1,-100.0,59,"monthly distinct customer_unique_id; city/state on earliest delivered-order purchase timestamp, order_id ascending for timestamp ties"
2017,MG,francisco badaro,1,0,-1,-100.0,60,"monthly distinct customer_unique_id; city/state on earliest delivered-order purchase timestamp, order_id ascending for timestamp ties"
2017,MG,francisco sa,1,0,-1,-100.0,61,"monthly distinct customer_unique_id; city/state on earliest delivered-order purchase timestamp, order_id ascending for timestamp ties"
2017,MG,fronteira,1,0,-1,-100.0,62,"monthly distinct customer_unique_id; city/state on earliest delivered-order purchase timestamp, order_id ascending for timestamp ties"
2017,MG,governador valadares,2,1,-1,-50.0,63,"monthly distinct customer_unique_id; city/state on earliest delivered-order purchase timestamp, order_id ascending for timestamp ties"
2017,MG,guanhaes,2,1,-1,-50.0,64,"monthly distinct customer_unique_id; city/state on earliest delivered-order purchase timestamp, order_id ascending for timestamp ties"
2017,MG,ibia,1,0,-1,-100.0,65,"monthly distinct customer_unique_id; city/state on earliest delivered-order purchase timestamp, order_id ascending for timestamp ties"
2017,MG,iguatama,1,0,-1,-100.0,66,"monthly distinct customer_unique_id; city/state on earliest delivered-order purchase timestamp, order_id ascending for timestamp ties"
2017,MG,ipaba,1,0,-1,-100.0,67,"monthly distinct customer_unique_id; city/state on earliest delivered-order purchase timestamp, order_id ascending for timestamp ties"
2017,MG,itabira,3,2,-1,-33.33333333333333,68,"monthly distinct customer_unique_id; city/state on earliest delivered-order purchase timestamp, order_id ascending for timestamp ties"
2017,MG,itamonte,1,0,-1,-100.0,69,"monthly distinct customer_unique_id; city/state on earliest delivered-order purchase timestamp, order_id ascending for timestamp ties"
2017,MG,itanhandu,1,0,-1,-100.0,70,"monthly distinct customer_unique_id; city/state on earliest delivered-order purchase timestamp, order_id ascending for timestamp ties"
2017,MG,itanhomi,1,0,-1,-100.0,71,"monthly distinct customer_unique_id; city/state on earliest delivered-order purchase timestamp, order_id ascending for timestamp ties"
2017,MG,itau de minas,1,0,-1,-100.0,72,"monthly distinct customer_unique_id; city/state on earliest delivered-order purchase timestamp, order_id ascending for timestamp ties"
2017,MG,jequitiba,1,0,-1,-100.0,73,"monthly distinct customer_unique_id; city/state on earliest delivered-order purchase timestamp, order_id ascending for timestamp ties"
2017,MG,joao pinheiro,1,0,-1,-100.0,74,"monthly distinct customer_unique_id; city/state on earliest delivered-order purchase timestamp, order_id ascending for timestamp ties"
2017,MG,juatuba,1,0,-1,-100.0,75,"monthly distinct customer_unique_id; city/state on earliest delivered-order purchase timestamp, order_id ascending for timestamp ties"
2017,MG,lagoa dos patos,1,0,-1,-100.0,76,"monthly distinct customer_unique_id; city/state on earliest delivered-order purchase timestamp, order_id ascending for timestamp ties"
2017,MG,lagoa formosa,1,0,-1,-100.0,77,"monthly distinct customer_unique_id; city/state on earliest delivered-order purchase timestamp, order_id ascending for timestamp ties"
2017,MG,lambari,1,0,-1,-100.0,78,"monthly distinct customer_unique_id; city/state on earliest delivered-order purchase timestamp, order_id ascending for timestamp ties"
2017,MG,liberdade,1,0,-1,-100.0,79,"monthly distinct customer_unique_id; city/state on earliest delivered-order purchase timestamp, order_id ascending for timestamp ties"
2017,MG,mariana,3,2,-1,-33.33333333333333,80,"monthly distinct customer_unique_id; city/state on earliest delivered-order purchase timestamp, order_id ascending for timestamp ties"
2017,MG,medina,1,0,-1,-100.0,81,"monthly distinct customer_unique_id; city/state on earliest delivered-order purchase timestamp, order_id ascending for timestamp ties"
2017,MG,nova ponte,1,0,-1,-100.0,82,"monthly distinct customer_unique_id; city/state on earliest delivered-order purchase timestamp, order_id ascending for timestamp ties"
2017,MG,ouro verde de minas,1,0,-1,-100.0,83,"monthly distinct customer_unique_id; city/state on earliest delivered-order purchase timestamp, order_id ascending for timestamp ties"
2017,MG,passa quatro,1,0,-1,-100.0,84,"monthly distinct customer_unique_id; city/state on earliest delivered-order purchase timestamp, order_id ascending for timestamp ties"
2017,MG,passos,1,0,-1,-100.0,85,"monthly distinct customer_unique_id; city/state on earliest delivered-order purchase timestamp, order_id ascending for timestamp ties"
2017,MG,patrocinio,2,1,-1,-50.0,86,"monthly distinct customer_unique_id; city/state on earliest delivered-order purchase timestamp, order_id ascending for timestamp ties"
2017,MG,pedrinopolis,1,0,-1,-100.0,87,"monthly distinct customer_unique_id; city/state on earliest delivered-order purchase timestamp, order_id ascending for timestamp ties"
2017,MG,pedro leopoldo,2,1,-1,-50.0,88,"monthly distinct customer_unique_id; city/state on earliest delivered-order purchase timestamp, order_id ascending for timestamp ties"
2017,MG,piedade do rio grande,1,0,-1,-100.0,89,"monthly distinct customer_unique_id; city/state on earliest delivered-order purchase timestamp, order_id ascending for timestamp ties"
2017,MG,pirapetinga,1,0,-1,-100.0,90,"monthly distinct customer_unique_id; city/state on earliest delivered-order purchase timestamp, order_id ascending for timestamp ties"
2017,MG,piumhii,1,0,-1,-100.0,91,"monthly distinct customer_unique_id; city/state on earliest delivered-order purchase timestamp, order_id ascending for timestamp ties"
2017,MG,pocos de caldas,6,5,-1,-16.666666666666664,92,"monthly distinct customer_unique_id; city/state on earliest delivered-order purchase timestamp, order_id ascending for timestamp ties"
2017,MG,pompeu,1,0,-1,-100.0,93,"monthly distinct customer_unique_id; city/state on earliest delivered-order purchase timestamp, order_id ascending for timestamp ties"
2017,MG,ponte nova,1,0,-1,-100.0,94,"monthly distinct customer_unique_id; city/state on earliest delivered-order purchase timestamp, order_id ascending for timestamp ties"
2017,MG,prados,1,0,-1,-100.0,95,"monthly distinct customer_unique_id; city/state on earliest delivered-order purchase timestamp, order_id ascending for timestamp ties"
2017,MG,ravena,1,0,-1,-100.0,96,"monthly distinct customer_unique_id; city/state on earliest delivered-order purchase timestamp, order_id ascending for timestamp ties"
2017,MG,recreio,1,0,-1,-100.0,97,"monthly distinct customer_unique_id; city/state on earliest delivered-order purchase timestamp, order_id ascending for timestamp ties"
2017,MG,rio acima,1,0,-1,-100.0,98,"monthly distinct customer_unique_id; city/state on earliest delivered-order purchase timestamp, order_id ascending for timestamp ties"
2017,MG,rodeiro,1,0,-1,-100.0,99,"monthly distinct customer_unique_id; city/state on earliest delivered-order purchase timestamp, order_id ascending for timestamp ties"
2017,MG,sacramento,2,1,-1,-50.0,100,"monthly distinct customer_unique_id; city/state on earliest delivered-order purchase timestamp, order_id ascending for timestamp ties"
2017,MG,santa barbara,1,0,-1,-100.0,101,"monthly distinct customer_unique_id; city/state on earliest delivered-order purchase timestamp, order_id ascending for timestamp ties"
2017,MG,santa juliana,1,0,-1,-100.0,102,"monthly distinct customer_unique_id; city/state on earliest delivered-order purchase timestamp, order_id ascending for timestamp ties"
2017,MG,santa luzia,4,3,-1,-25.0,103,"monthly distinct customer_unique_id; city/state on earliest delivered-order purchase timestamp, order_id ascending for timestamp ties"
2017,MG,sao bras do suacui,1,0,-1,-100.0,104,"monthly distinct customer_unique_id; city/state on earliest delivered-order purchase timestamp, order_id ascending for timestamp ties"
2017,MG,sao geraldo,1,0,-1,-100.0,105,"monthly distinct customer_unique_id; city/state on earliest delivered-order purchase timestamp, order_id ascending for timestamp ties"
2017,MG,sao goncalo do rio das pedras,1,0,-1,-100.0,106,"monthly distinct customer_unique_id; city/state on earliest delivered-order purchase timestamp, order_id ascending for timestamp ties"
2017,MG,sao joao do manhuacu,1,0,-1,-100.0,107,"monthly distinct customer_unique_id; city/state on earliest delivered-order purchase timestamp, order_id ascending for timestamp ties"
2017,MG,sao sebastiao do maranhao,1,0,-1,-100.0,108,"monthly distinct customer_unique_id; city/state on earliest delivered-order purchase timestamp, order_id ascending for timestamp ties"
2017,MG,sao sebastiao do paraiso,1,0,-1,-100.0,109,"monthly distinct customer_unique_id; city/state on earliest delivered-order purchase timestamp, order_id ascending for timestamp ties"
2017,MG,sapucai-mirim,1,0,-1,-100.0,110,"monthly distinct customer_unique_id; city/state on earliest delivered-order purchase timestamp, order_id ascending for timestamp ties"
2017,MG,serro,1,0,-1,-100.0,111,"monthly distinct customer_unique_id; city/state on earliest delivered-order purchase timestamp, order_id ascending for timestamp ties"
2017,MG,silvano,1,0,-1,-100.0,112,"monthly distinct customer_unique_id; city/state on earliest delivered-order purchase timestamp, order_id ascending for timestamp ties"
2017,MG,tres marias,1,0,-1,-100.0,113,"monthly distinct customer_unique_id; city/state on earliest delivered-order purchase timestamp, order_id ascending for timestamp ties"
2017,MG,tres pontas,1,0,-1,-100.0,114,"monthly distinct customer_unique_id; city/state on earliest delivered-order purchase timestamp, order_id ascending for timestamp ties"
2017,MG,varjao de minas,1,0,-1,-100.0,115,"monthly distinct customer_unique_id; city/state on earliest delivered-order purchase timestamp, order_id ascending for timestamp ties"
2017,MG,araguari,1,1,0,0.0,,"monthly distinct customer_unique_id; city/state on earliest delivered-order purchase timestamp, order_id ascending for timestamp ties"
2017,MG,brumadinho,1,1,0,0.0,,"monthly distinct customer_unique_id; city/state on earliest delivered-order purchase timestamp, order_id ascending for timestamp ties"
2017,MG,curvelo,1,1,0,0.0,,"monthly distinct customer_unique_id; city/state on earliest delivered-order purchase timestamp, order_id ascending for timestamp ties"
2017,MG,formiga,1,1,0,0.0,,"monthly distinct customer_unique_id; city/state on earliest delivered-order purchase timestamp, order_id ascending for timestamp ties"
2017,MG,ibirite,1,1,0,0.0,,"monthly distinct customer_unique_id; city/state on earliest delivered-order purchase timestamp, order_id ascending for timestamp ties"
2017,MG,itamarandiba,1,1,0,0.0,,"monthly distinct customer_unique_id; city/state on earliest delivered-order purchase timestamp, order_id ascending for timestamp ties"
2017,MG,itapeva,1,1,0,0.0,,"monthly distinct customer_unique_id; city/state on earliest delivered-order purchase timestamp, order_id ascending for timestamp ties"
2017,MG,itauna,1,1,0,0.0,,"monthly distinct customer_unique_id; city/state on earliest delivered-order purchase timestamp, order_id ascending for timestamp ties"
2017,MG,januaria,1,1,0,0.0,,"monthly distinct customer_unique_id; city/state on earliest delivered-order purchase timestamp, order_id ascending for timestamp ties"
2017,MG,lagoa santa,1,1,0,0.0,,"monthly distinct customer_unique_id; city/state on earliest delivered-order purchase timestamp, order_id ascending for timestamp ties"
2017,MG,machado,1,1,0,0.0,,"monthly distinct customer_unique_id; city/state on earliest delivered-order purchase timestamp, order_id ascending for timestamp ties"
2017,MG,manhuacu,1,1,0,0.0,,"monthly distinct customer_unique_id; city/state on earliest delivered-order purchase timestamp, order_id ascending for timestamp ties"
2017,MG,paraisopolis,1,1,0,0.0,,"monthly distinct customer_unique_id; city/state on earliest delivered-order purchase timestamp, order_id ascending for timestamp ties"
2017,MG,raposos,1,1,0,0.0,,"monthly distinct customer_unique_id; city/state on earliest delivered-order purchase timestamp, order_id ascending for timestamp ties"
2017,MG,ribeirao das neves,3,3,0,0.0,,"monthly distinct customer_unique_id; city/state on earliest delivered-order purchase timestamp, order_id ascending for timestamp ties"
2017,MG,rio preto,1,1,0,0.0,,"monthly distinct customer_unique_id; city/state on earliest delivered-order purchase timestamp, order_id ascending for timestamp ties"
2017,MG,santa vitoria,1,1,0,0.0,,"monthly distinct customer_unique_id; city/state on earliest delivered-order purchase timestamp, order_id ascending for timestamp ties"
2017,MG,sao domingos do prata,1,1,0,0.0,,"monthly distinct customer_unique_id; city/state on earliest delivered-order purchase timestamp, order_id ascending for timestamp ties"
2017,MG,sao gotardo,1,1,0,0.0,,"monthly distinct customer_unique_id; city/state on earliest delivered-order purchase timestamp, order_id ascending for timestamp ties"
2017,MG,sao joao del rei,2,2,0,0.0,,"monthly distinct customer_unique_id; city/state on earliest delivered-order purchase timestamp, order_id ascending for timestamp ties"
2017,MG,teixeiras,1,1,0,0.0,,"monthly distinct customer_unique_id; city/state on earliest delivered-order purchase timestamp, order_id ascending for timestamp ties"
2017,MG,turmalina,1,1,0,0.0,,"monthly distinct customer_unique_id; city/state on earliest delivered-order purchase timestamp, order_id ascending for timestamp ties"
2017,MG,varzea da palma,1,1,0,0.0,,"monthly distinct customer_unique_id; city/state on earliest delivered-order purchase timestamp, order_id ascending for timestamp ties"
2017,MG,abre campo,0,1,1,,,"monthly distinct customer_unique_id; city/state on earliest delivered-order purchase timestamp, order_id ascending for timestamp ties"
2017,MG,aimores,0,1,1,,,"monthly distinct customer_unique_id; city/state on earliest delivered-order purchase timestamp, order_id ascending for timestamp ties"
2017,MG,alem paraiba,0,1,1,,,"monthly distinct customer_unique_id; city/state on earliest delivered-order purchase timestamp, order_id ascending for timestamp ties"
2017,MG,alfredo vasconcelos,0,1,1,,,"monthly distinct customer_unique_id; city/state on earliest delivered-order purchase timestamp, order_id ascending for timestamp ties"
2017,MG,baependi,0,1,1,,,"monthly distinct customer_unique_id; city/state on earliest delivered-order purchase timestamp, order_id ascending for timestamp ties"
2017,MG,bambui,0,1,1,,,"monthly distinct customer_unique_id; city/state on earliest delivered-order purchase timestamp, order_id ascending for timestamp ties"
2017,MG,barbacena,2,3,1,50.0,,"monthly distinct customer_unique_id; city/state on earliest delivered-order purchase timestamp, order_id ascending for timestamp ties"
2017,MG,bicas,0,1,1,,,"monthly distinct customer_unique_id; city/state on earliest delivered-order purchase timestamp, order_id ascending for timestamp ties"
2017,MG,buritizeiro,0,1,1,,,"monthly distinct customer_unique_id; city/state on earliest delivered-order purchase timestamp, order_id ascending for timestamp ties"
2017,MG,cachoeira de minas,0,1,1,,,"monthly distinct customer_unique_id; city/state on earliest delivered-order purchase timestamp, order_id ascending for timestamp ties"
2017,MG,campanha,0,1,1,,,"monthly distinct customer_unique_id; city/state on earliest delivered-order purchase timestamp, order_id ascending for timestamp ties"
2017,MG,campestre,0,1,1,,,"monthly distinct customer_unique_id; city/state on earliest delivered-order purchase timestamp, order_id ascending for timestamp ties"
2017,MG,campina verde,0,1,1,,,"monthly distinct customer_unique_id; city/state on earliest delivered-order purchase timestamp, order_id ascending for timestamp ties"
2017,MG,carandai,0,1,1,,,"monthly distinct customer_unique_id; city/state on earliest delivered-order purchase timestamp, order_id ascending for timestamp ties"
2017,MG,carlos chagas,0,1,1,,,"monthly distinct customer_unique_id; city/state on earliest delivered-order purchase timestamp, order_id ascending for timestamp ties"
2017,MG,carmesia,0,1,1,,,"monthly distinct customer_unique_id; city/state on earliest delivered-order purchase timestamp, order_id ascending for timestamp ties"
2017,MG,carmo de minas,0,1,1,,,"monthly distinct customer_unique_id; city/state on earliest delivered-order purchase timestamp, order_id ascending for timestamp ties"
2017,MG,carmo do paranaiba,0,1,1,,,"monthly distinct customer_unique_id; city/state on earliest delivered-order purchase timestamp, order_id ascending for timestamp ties"
2017,MG,cataguases,0,1,1,,,"monthly distinct customer_unique_id; city/state on earliest delivered-order purchase timestamp, order_id ascending for timestamp ties"
2017,MG,claudio,0,1,1,,,"monthly distinct customer_unique_id; city/state on earliest delivered-order purchase timestamp, order_id ascending for timestamp ties"
2017,MG,coimbra,0,1,1,,,"monthly distinct customer_unique_id; city/state on earliest delivered-order purchase timestamp, order_id ascending for timestamp ties"
2017,MG,conceicao da aparecida,0,1,1,,,"monthly distinct customer_unique_id; city/state on earliest delivered-order purchase timestamp, order_id ascending for timestamp ties"
2017,MG,conceicao do rio verde,0,1,1,,,"monthly distinct customer_unique_id; city/state on earliest delivered-order purchase timestamp, order_id ascending for timestamp ties"
2017,MG,congonhas,0,1,1,,,"monthly distinct customer_unique_id; city/state on earliest delivered-order purchase timestamp, order_id ascending for timestamp ties"
2017,MG,conquista,0,1,1,,,"monthly distinct customer_unique_id; city/state on earliest delivered-order purchase timestamp, order_id ascending for timestamp ties"
2017,MG,conselheiro pena,0,1,1,,,"monthly distinct customer_unique_id; city/state on earliest delivered-order purchase timestamp, order_id ascending for timestamp ties"
2017,MG,corinto,0,1,1,,,"monthly distinct customer_unique_id; city/state on earliest delivered-order purchase timestamp, order_id ascending for timestamp ties"
2017,MG,cristina,0,1,1,,,"monthly distinct customer_unique_id; city/state on earliest delivered-order purchase timestamp, order_id ascending for timestamp ties"
2017,MG,cuite velho,0,1,1,,,"monthly distinct customer_unique_id; city/state on earliest delivered-order purchase timestamp, order_id ascending for timestamp ties"
2017,MG,eloi mendes,0,1,1,,,"monthly distinct customer_unique_id; city/state on earliest delivered-order purchase timestamp, order_id ascending for timestamp ties"
2017,MG,espera feliz,1,2,1,100.0,,"monthly distinct customer_unique_id; city/state on earliest delivered-order purchase timestamp, order_id ascending for timestamp ties"
2017,MG,fervedouro,0,1,1,,,"monthly distinct customer_unique_id; city/state on earliest delivered-order purchase timestamp, order_id ascending for timestamp ties"
2017,MG,formoso,0,1,1,,,"monthly distinct customer_unique_id; city/state on earliest delivered-order purchase timestamp, order_id ascending for timestamp ties"
2017,MG,gameleiras,0,1,1,,,"monthly distinct customer_unique_id; city/state on earliest delivered-order purchase timestamp, order_id ascending for timestamp ties"
2017,MG,guaxupe,0,1,1,,,"monthly distinct customer_unique_id; city/state on earliest delivered-order purchase timestamp, order_id ascending for timestamp ties"
2017,MG,ibiracatu,0,1,1,,,"monthly distinct customer_unique_id; city/state on earliest delivered-order purchase timestamp, order_id ascending for timestamp ties"
2017,MG,igarape,0,1,1,,,"monthly distinct customer_unique_id; city/state on earliest delivered-order purchase timestamp, order_id ascending for timestamp ties"
2017,MG,itabirito,1,2,1,100.0,,"monthly distinct customer_unique_id; city/state on earliest delivered-order purchase timestamp, order_id ascending for timestamp ties"
2017,MG,itajuba,5,6,1,20.0,,"monthly distinct customer_unique_id; city/state on earliest delivered-order purchase timestamp, order_id ascending for timestamp ties"
2017,MG,joaima,0,1,1,,,"monthly distinct customer_unique_id; city/state on earliest delivered-order purchase timestamp, order_id ascending for timestamp ties"
2017,MG,lagoa dourada,0,1,1,,,"monthly distinct customer_unique_id; city/state on earliest delivered-order purchase timestamp, order_id ascending for timestamp ties"
2017,MG,lavras,2,3,1,50.0,,"monthly distinct customer_unique_id; city/state on earliest delivered-order purchase timestamp, order_id ascending for timestamp ties"
2017,MG,madre de deus de minas,0,1,1,,,"monthly distinct customer_unique_id; city/state on earliest delivered-order purchase timestamp, order_id ascending for timestamp ties"
2017,MG,major porto,0,1,1,,,"monthly distinct customer_unique_id; city/state on earliest delivered-order purchase timestamp, order_id ascending for timestamp ties"
2017,MG,manga,0,1,1,,,"monthly distinct customer_unique_id; city/state on earliest delivered-order purchase timestamp, order_id ascending for timestamp ties"
2017,MG,manhumirim,0,1,1,,,"monthly distinct customer_unique_id; city/state on earliest delivered-order purchase timestamp, order_id ascending for timestamp ties"
2017,MG,mantena,0,1,1,,,"monthly distinct customer_unique_id; city/state on earliest delivered-order purchase timestamp, order_id ascending for timestamp ties"
2017,MG,mar de espanha,0,1,1,,,"monthly distinct customer_unique_id; city/state on earliest delivered-order purchase timestamp, order_id ascending for timestamp ties"
2017,MG,mata verde,0,1,1,,,"monthly distinct customer_unique_id; city/state on earliest delivered-order purchase timestamp, order_id ascending for timestamp ties"
2017,MG,monte alegre de minas,0,1,1,,,"monthly distinct customer_unique_id; city/state on earliest delivered-order purchase timestamp, order_id ascending for timestamp ties"
2017,MG,montes claros,7,8,1,14.285714285714285,,"monthly distinct customer_unique_id; city/state on earliest delivered-order purchase timestamp, order_id ascending for timestamp ties"
2017,MG,mutum,0,1,1,,,"monthly distinct customer_unique_id; city/state on earliest delivered-order purchase timestamp, order_id ascending for timestamp ties"
2017,MG,nanuque,0,1,1,,,"monthly distinct customer_unique_id; city/state on earliest delivered-order purchase timestamp, order_id ascending for timestamp ties"
2017,MG,nova era,0,1,1,,,"monthly distinct customer_unique_id; city/state on earliest delivered-order purchase timestamp, order_id ascending for timestamp ties"
2017,MG,nova serrana,1,2,1,100.0,,"monthly distinct customer_unique_id; city/state on earliest delivered-order purchase timestamp, order_id ascending for timestamp ties"
2017,MG,palma,0,1,1,,,"monthly distinct customer_unique_id; city/state on earliest delivered-order purchase timestamp, order_id ascending for timestamp ties"
2017,MG,para de minas,0,1,1,,,"monthly distinct customer_unique_id; city/state on earliest delivered-order purchase timestamp, order_id ascending for timestamp ties"
2017,MG,paracatu,1,2,1,100.0,,"monthly distinct customer_unique_id; city/state on earliest delivered-order purchase timestamp, order_id ascending for timestamp ties"
2017,MG,pecanha,0,1,1,,,"monthly distinct customer_unique_id; city/state on earliest delivered-order purchase timestamp, order_id ascending for timestamp ties"
2017,MG,perdigao,0,1,1,,,"monthly distinct customer_unique_id; city/state on earliest delivered-order purchase timestamp, order_id ascending for timestamp ties"
2017,MG,perdoes,0,1,1,,,"monthly distinct customer_unique_id; city/state on earliest delivered-order purchase timestamp, order_id ascending for timestamp ties"
2017,MG,planura,0,1,1,,,"monthly distinct customer_unique_id; city/state on earliest delivered-order purchase timestamp, order_id ascending for timestamp ties"
2017,MG,raul soares,0,1,1,,,"monthly distinct customer_unique_id; city/state on earliest delivered-order purchase timestamp, order_id ascending for timestamp ties"
2017,MG,resplendor,0,1,1,,,"monthly distinct customer_unique_id; city/state on earliest delivered-order purchase timestamp, order_id ascending for timestamp ties"
2017,MG,rio pardo de minas,0,1,1,,,"monthly distinct customer_unique_id; city/state on earliest delivered-order purchase timestamp, order_id ascending for timestamp ties"
2017,MG,rio pomba,0,1,1,,,"monthly distinct customer_unique_id; city/state on earliest delivered-order purchase timestamp, order_id ascending for timestamp ties"
2017,MG,salinas,0,1,1,,,"monthly distinct customer_unique_id; city/state on earliest delivered-order purchase timestamp, order_id ascending for timestamp ties"
2017,MG,santa cruz de minas,0,1,1,,,"monthly distinct customer_unique_id; city/state on earliest delivered-order purchase timestamp, order_id ascending for timestamp ties"
2017,MG,santa margarida,0,1,1,,,"monthly distinct customer_unique_id; city/state on earliest delivered-order purchase timestamp, order_id ascending for timestamp ties"
2017,MG,santa rita de jacutinga,0,1,1,,,"monthly distinct customer_unique_id; city/state on earliest delivered-order purchase timestamp, order_id ascending for timestamp ties"
2017,MG,santo antonio do monte,0,1,1,,,"monthly distinct customer_unique_id; city/state on earliest delivered-order purchase timestamp, order_id ascending for timestamp ties"
2017,MG,santos dumont,1,2,1,100.0,,"monthly distinct customer_unique_id; city/state on earliest delivered-order purchase timestamp, order_id ascending for timestamp ties"
2017,MG,sao francisco,0,1,1,,,"monthly distinct customer_unique_id; city/state on earliest delivered-order purchase timestamp, order_id ascending for timestamp ties"
2017,MG,sao joao do oriente,0,1,1,,,"monthly distinct customer_unique_id; city/state on earliest delivered-order purchase timestamp, order_id ascending for timestamp ties"
2017,MG,sao joao evangelista,0,1,1,,,"monthly distinct customer_unique_id; city/state on earliest delivered-order purchase timestamp, order_id ascending for timestamp ties"
2017,MG,sao joao nepomuceno,0,1,1,,,"monthly distinct customer_unique_id; city/state on earliest delivered-order purchase timestamp, order_id ascending for timestamp ties"
2017,MG,sao joaquim de bicas,0,1,1,,,"monthly distinct customer_unique_id; city/state on earliest delivered-order purchase timestamp, order_id ascending for timestamp ties"
2017,MG,sao lourenco,1,2,1,100.0,,"monthly distinct customer_unique_id; city/state on earliest delivered-order purchase timestamp, order_id ascending for timestamp ties"
2017,MG,sao tiago,0,1,1,,,"monthly distinct customer_unique_id; city/state on earliest delivered-order purchase timestamp, order_id ascending for timestamp ties"
2017,MG,senador modestino goncalves,0,1,1,,,"monthly distinct customer_unique_id; city/state on earliest delivered-order purchase timestamp, order_id ascending for timestamp ties"
2017,MG,serra azul de minas,0,1,1,,,"monthly distinct customer_unique_id; city/state on earliest delivered-order purchase timestamp, order_id ascending for timestamp ties"
2017,MG,taiobeiras,0,1,1,,,"monthly distinct customer_unique_id; city/state on earliest delivered-order purchase timestamp, order_id ascending for timestamp ties"
2017,MG,tupaciguara,0,1,1,,,"monthly distinct customer_unique_id; city/state on earliest delivered-order purchase timestamp, order_id ascending for timestamp ties"
2017,MG,turvolandia,0,1,1,,,"monthly distinct customer_unique_id; city/state on earliest delivered-order purchase timestamp, order_id ascending for timestamp ties"
2017,MG,unai,4,5,1,25.0,,"monthly distinct customer_unique_id; city/state on earliest delivered-order purchase timestamp, order_id ascending for timestamp ties"
2017,MG,verissimo,0,1,1,,,"monthly distinct customer_unique_id; city/state on earliest delivered-order purchase timestamp, order_id ascending for timestamp ties"
2017,MG,visconde do rio branco,0,1,1,,,"monthly distinct customer_unique_id; city/state on earliest delivered-order purchase timestamp, order_id ascending for timestamp ties"
2017,MG,caxambu,0,2,2,,,"monthly distinct customer_unique_id; city/state on earliest delivered-order purchase timestamp, order_id ascending for timestamp ties"
2017,MG,itaobim,0,2,2,,,"monthly distinct customer_unique_id; city/state on earliest delivered-order purchase timestamp, order_id ascending for timestamp ties"
2017,MG,iturama,0,2,2,,,"monthly distinct customer_unique_id; city/state on earliest delivered-order purchase timestamp, order_id ascending for timestamp ties"
2017,MG,jacutinga,0,2,2,,,"monthly distinct customer_unique_id; city/state on earliest delivered-order purchase timestamp, order_id ascending for timestamp ties"
2017,MG,muriae,3,5,2,66.66666666666666,,"monthly distinct customer_unique_id; city/state on earliest delivered-order purchase timestamp, order_id ascending for timestamp ties"
2017,MG,pouso alegre,4,6,2,50.0,,"monthly distinct customer_unique_id; city/state on earliest delivered-order purchase timestamp, order_id ascending for timestamp ties"
2017,MG,santana do paraiso,0,2,2,,,"monthly distinct customer_unique_id; city/state on earliest delivered-order purchase timestamp, order_id ascending for timestamp ties"
2017,MG,sarzedo,1,3,2,200.0,,"monthly distinct customer_unique_id; city/state on earliest delivered-order purchase timestamp, order_id ascending for timestamp ties"
2017,MG,uba,2,4,2,100.0,,"monthly distinct customer_unique_id; city/state on earliest delivered-order purchase timestamp, order_id ascending for timestamp ties"
2017,MG,varginha,1,3,2,200.0,,"monthly distinct customer_unique_id; city/state on earliest delivered-order purchase timestamp, order_id ascending for timestamp ties"
2017,MG,vespasiano,0,2,2,,,"monthly distinct customer_unique_id; city/state on earliest delivered-order purchase timestamp, order_id ascending for timestamp ties"
2017,MG,betim,8,11,3,37.5,,"monthly distinct customer_unique_id; city/state on earliest delivered-order purchase timestamp, order_id ascending for timestamp ties"
2017,MG,matozinhos,1,4,3,300.0,,"monthly distinct customer_unique_id; city/state on earliest delivered-order purchase timestamp, order_id ascending for timestamp ties"
2017,MG,nova lima,1,4,3,300.0,,"monthly distinct customer_unique_id; city/state on earliest delivered-order purchase timestamp, order_id ascending for timestamp ties"
2017,MG,teofilo otoni,2,5,3,150.0,,"monthly distinct customer_unique_id; city/state on earliest delivered-order purchase timestamp, order_id ascending for timestamp ties"
2017,MG,ituiutaba,0,4,4,,,"monthly distinct customer_unique_id; city/state on earliest delivered-order purchase timestamp, order_id ascending for timestamp ties"
2017,MG,sete lagoas,1,6,5,500.0,,"monthly distinct customer_unique_id; city/state on earliest delivered-order purchase timestamp, order_id ascending for timestamp ties"
2018,SP,sao paulo,1176,1034,-142,-12.074829931972788,1,"monthly distinct customer_unique_id; city/state on earliest delivered-order purchase timestamp, order_id ascending for timestamp ties"
2018,SP,santo andre,65,47,-18,-27.692307692307693,2,"monthly distinct customer_unique_id; city/state on earliest delivered-order purchase timestamp, order_id ascending for timestamp ties"
2018,SP,maua,40,23,-17,-42.5,3,"monthly distinct customer_unique_id; city/state on earliest delivered-order purchase timestamp, order_id ascending for timestamp ties"
2018,SP,jundiai,50,34,-16,-32.0,4,"monthly distinct customer_unique_id; city/state on earliest delivered-order purchase timestamp, order_id ascending for timestamp ties"
2018,SP,mogi das cruzes,27,11,-16,-59.25925925925925,5,"monthly distinct customer_unique_id; city/state on earliest delivered-order purchase timestamp, order_id ascending for timestamp ties"
2018,SP,sao jose dos campos,60,47,-13,-21.666666666666668,6,"monthly distinct customer_unique_id; city/state on earliest delivered-order purchase timestamp, order_id ascending for timestamp ties"
2018,SP,sorocaba,55,42,-13,-23.636363636363637,7,"monthly distinct customer_unique_id; city/state on earliest delivered-order purchase timestamp, order_id ascending for timestamp ties"
2018,SP,ferraz de vasconcelos,11,1,-10,-90.9090909090909,8,"monthly distinct customer_unique_id; city/state on earliest delivered-order purchase timestamp, order_id ascending for timestamp ties"
2018,SP,francisco morato,11,2,-9,-81.81818181818183,9,"monthly distinct customer_unique_id; city/state on earliest delivered-order purchase timestamp, order_id ascending for timestamp ties"
2018,SP,sao roque,12,3,-9,-75.0,10,"monthly distinct customer_unique_id; city/state on earliest delivered-order purchase timestamp, order_id ascending for timestamp ties"
2018,SP,jandira,9,1,-8,-88.88888888888889,11,"monthly distinct customer_unique_id; city/state on earliest delivered-order purchase timestamp, order_id ascending for timestamp ties"
2018,SP,presidente prudente,17,9,-8,-47.05882352941176,12,"monthly distinct customer_unique_id; city/state on earliest delivered-order purchase timestamp, order_id ascending for timestamp ties"
2018,SP,votuporanga,10,2,-8,-80.0,13,"monthly distinct customer_unique_id; city/state on earliest delivered-order purchase timestamp, order_id ascending for timestamp ties"
2018,SP,assis,8,1,-7,-87.5,14,"monthly distinct customer_unique_id; city/state on earliest delivered-order purchase timestamp, order_id ascending for timestamp ties"
2018,SP,rio claro,16,9,-7,-43.75,15,"monthly distinct customer_unique_id; city/state on earliest delivered-order purchase timestamp, order_id ascending for timestamp ties"
2018,SP,sao bernardo do campo,62,55,-7,-11.29032258064516,16,"monthly distinct customer_unique_id; city/state on earliest delivered-order purchase timestamp, order_id ascending for timestamp ties"
2018,SP,valinhos,17,10,-7,-41.17647058823529,17,"monthly distinct customer_unique_id; city/state on earliest delivered-order purchase timestamp, order_id ascending for timestamp ties"
2018,SP,varzea paulista,10,3,-7,-70.0,18,"monthly distinct customer_unique_id; city/state on earliest delivered-order purchase timestamp, order_id ascending for timestamp ties"
2018,SP,lorena,7,1,-6,-85.71428571428571,19,"monthly distinct customer_unique_id; city/state on earliest delivered-order purchase timestamp, order_id ascending for timestamp ties"
2018,SP,ourinhos,10,4,-6,-60.0,20,"monthly distinct customer_unique_id; city/state on earliest delivered-order purchase timestamp, order_id ascending for timestamp ties"
2018,SP,sao caetano do sul,27,21,-6,-22.22222222222222,21,"monthly distinct customer_unique_id; city/state on earliest delivered-order purchase timestamp, order_id ascending for timestamp ties"
2018,SP,sertaozinho,7,1,-6,-85.71428571428571,22,"monthly distinct customer_unique_id; city/state on earliest delivered-order purchase timestamp, order_id ascending for timestamp ties"
2018,SP,indaiatuba,21,16,-5,-23.809523809523807,23,"monthly distinct customer_unique_id; city/state on earliest delivered-order purchase timestamp, order_id ascending for timestamp ties"
2018,SP,salto,10,5,-5,-50.0,24,"monthly distinct customer_unique_id; city/state on earliest delivered-order purchase timestamp, order_id ascending for timestamp ties"
2018,SP,sao jose do rio pardo,5,0,-5,-100.0,25,"monthly distinct customer_unique_id; city/state on earliest delivered-order purchase timestamp, order_id ascending for timestamp ties"
2018,SP,birigui,7,3,-4,-57.14285714285714,26,"monthly distinct customer_unique_id; city/state on earliest delivered-order purchase timestamp, order_id ascending for timestamp ties"
2018,SP,cerquilho,5,1,-4,-80.0,27,"monthly distinct customer_unique_id; city/state on earliest delivered-order purchase timestamp, order_id ascending for timestamp ties"
2018,SP,embu das artes,17,13,-4,-23.52941176470588,28,"monthly distinct customer_unique_id; city/state on earliest delivered-order purchase timestamp, order_id ascending for timestamp ties"
2018,SP,guarulhos,99,95,-4,-4.040404040404041,29,"monthly distinct customer_unique_id; city/state on earliest delivered-order purchase timestamp, order_id ascending for timestamp ties"
2018,SP,mairipora,6,2,-4,-66.66666666666666,30,"monthly distinct customer_unique_id; city/state on earliest delivered-order purchase timestamp, order_id ascending for timestamp ties"
2018,SP,sao jose do rio preto,22,18,-4,-18.181818181818183,31,"monthly distinct customer_unique_id; city/state on earliest delivered-order purchase timestamp, order_id ascending for timestamp ties"
2018,SP,sao vicente,12,8,-4,-33.33333333333333,32,"monthly distinct customer_unique_id; city/state on earliest delivered-order purchase timestamp, order_id ascending for timestamp ties"
2018,SP,ubatuba,7,3,-4,-57.14285714285714,33,"monthly distinct customer_unique_id; city/state on earliest delivered-order purchase timestamp, order_id ascending for timestamp ties"
2018,SP,araraquara,10,7,-3,-30.0,34,"monthly distinct customer_unique_id; city/state on earliest delivered-order purchase timestamp, order_id ascending for timestamp ties"
2018,SP,atibaia,11,8,-3,-27.27272727272727,35,"monthly distinct customer_unique_id; city/state on earliest delivered-order purchase timestamp, order_id ascending for timestamp ties"
2018,SP,bastos,4,1,-3,-75.0,36,"monthly distinct customer_unique_id; city/state on earliest delivered-order purchase timestamp, order_id ascending for timestamp ties"
2018,SP,cacapava,8,5,-3,-37.5,37,"monthly distinct customer_unique_id; city/state on earliest delivered-order purchase timestamp, order_id ascending for timestamp ties"
2018,SP,carapicuiba,24,21,-3,-12.5,38,"monthly distinct customer_unique_id; city/state on earliest delivered-order purchase timestamp, order_id ascending for timestamp ties"
2018,SP,chavantes,4,1,-3,-75.0,39,"monthly distinct customer_unique_id; city/state on earliest delivered-order purchase timestamp, order_id ascending for timestamp ties"
2018,SP,cubatao,6,3,-3,-50.0,40,"monthly distinct customer_unique_id; city/state on earliest delivered-order purchase timestamp, order_id ascending for timestamp ties"
2018,SP,duartina,4,1,-3,-75.0,41,"monthly distinct customer_unique_id; city/state on earliest delivered-order purchase timestamp, order_id ascending for timestamp ties"
2018,SP,embu-guacu,4,1,-3,-75.0,42,"monthly distinct customer_unique_id; city/state on earliest delivered-order purchase timestamp, order_id ascending for timestamp ties"
2018,SP,guaruja,18,15,-3,-16.666666666666664,43,"monthly distinct customer_unique_id; city/state on earliest delivered-order purchase timestamp, order_id ascending for timestamp ties"
2018,SP,itupeva,3,0,-3,-100.0,44,"monthly distinct customer_unique_id; city/state on earliest delivered-order purchase timestamp, order_id ascending for timestamp ties"
2018,SP,jaboticabal,4,1,-3,-75.0,45,"monthly distinct customer_unique_id; city/state on earliest delivered-order purchase timestamp, order_id ascending for timestamp ties"
2018,SP,osasco,51,48,-3,-5.88235294117647,46,"monthly distinct customer_unique_id; city/state on earliest delivered-order purchase timestamp, order_id ascending for timestamp ties"
2018,SP,paraibuna,3,0,-3,-100.0,47,"monthly distinct customer_unique_id; city/state on earliest delivered-order purchase timestamp, order_id ascending for timestamp ties"
2018,SP,pirajui,3,0,-3,-100.0,48,"monthly distinct customer_unique_id; city/state on earliest delivered-order purchase timestamp, order_id ascending for timestamp ties"
2018,SP,poa,8,5,-3,-37.5,49,"monthly distinct customer_unique_id; city/state on earliest delivered-order purchase timestamp, order_id ascending for timestamp ties"
2018,SP,rio grande da serra,3,0,-3,-100.0,50,"monthly distinct customer_unique_id; city/state on earliest delivered-order purchase timestamp, order_id ascending for timestamp ties"
2018,SP,santa barbara d'oeste,11,8,-3,-27.27272727272727,51,"monthly distinct customer_unique_id; city/state on earliest delivered-order purchase timestamp, order_id ascending for timestamp ties"
2018,SP,sao manuel,3,0,-3,-100.0,52,"monthly distinct customer_unique_id; city/state on earliest delivered-order purchase timestamp, order_id ascending for timestamp ties"
2018,SP,taboao da serra,24,21,-3,-12.5,53,"monthly distinct customer_unique_id; city/state on earliest delivered-order purchase timestamp, order_id ascending for timestamp ties"
2018,SP,vinhedo,8,5,-3,-37.5,54,"monthly distinct customer_unique_id; city/state on earliest delivered-order purchase timestamp, order_id ascending for timestamp ties"
2018,SP,votorantim,6,3,-3,-50.0,55,"monthly distinct customer_unique_id; city/state on earliest delivered-order purchase timestamp, order_id ascending for timestamp ties"
2018,SP,alvares machado,2,0,-2,-100.0,56,"monthly distinct customer_unique_id; city/state on earliest delivered-order purchase timestamp, order_id ascending for timestamp ties"
2018,SP,aruja,6,4,-2,-33.33333333333333,57,"monthly distinct customer_unique_id; city/state on earliest delivered-order purchase timestamp, order_id ascending for timestamp ties"
2018,SP,barra bonita,3,1,-2,-66.66666666666666,58,"monthly distinct customer_unique_id; city/state on earliest delivered-order purchase timestamp, order_id ascending for timestamp ties"
2018,SP,barueri,34,32,-2,-5.88235294117647,59,"monthly distinct customer_unique_id; city/state on earliest delivered-order purchase timestamp, order_id ascending for timestamp ties"
2018,SP,biritiba-mirim,3,1,-2,-66.66666666666666,60,"monthly distinct customer_unique_id; city/state on earliest delivered-order purchase timestamp, order_id ascending for timestamp ties"
2018,SP,buritama,2,0,-2,-100.0,61,"monthly distinct customer_unique_id; city/state on earliest delivered-order purchase timestamp, order_id ascending for timestamp ties"
2018,SP,caieiras,9,7,-2,-22.22222222222222,62,"monthly distinct customer_unique_id; city/state on earliest delivered-order purchase timestamp, order_id ascending for timestamp ties"
2018,SP,capivari,2,0,-2,-100.0,63,"monthly distinct customer_unique_id; city/state on earliest delivered-order purchase timestamp, order_id ascending for timestamp ties"
2018,SP,casa branca,2,0,-2,-100.0,64,"monthly distinct customer_unique_id; city/state on earliest delivered-order purchase timestamp, order_id ascending for timestamp ties"
2018,SP,conchal,3,1,-2,-66.66666666666666,65,"monthly distinct customer_unique_id; city/state on earliest delivered-order purchase timestamp, order_id ascending for timestamp ties"
2018,SP,diadema,24,22,-2,-8.333333333333332,66,"monthly distinct customer_unique_id; city/state on earliest delivered-order purchase timestamp, order_id ascending for timestamp ties"
2018,SP,engenheiro coelho,2,0,-2,-100.0,67,"monthly distinct customer_unique_id; city/state on earliest delivered-order purchase timestamp, order_id ascending for timestamp ties"
2018,SP,ilhabela,4,2,-2,-50.0,68,"monthly distinct customer_unique_id; city/state on earliest delivered-order purchase timestamp, order_id ascending for timestamp ties"
2018,SP,ipero,2,0,-2,-100.0,69,"monthly distinct customer_unique_id; city/state on earliest delivered-order purchase timestamp, order_id ascending for timestamp ties"
2018,SP,itajobi,2,0,-2,-100.0,70,"monthly distinct customer_unique_id; city/state on earliest delivered-order purchase timestamp, order_id ascending for timestamp ties"
2018,SP,itapevi,10,8,-2,-20.0,71,"monthly distinct customer_unique_id; city/state on earliest delivered-order purchase timestamp, order_id ascending for timestamp ties"
2018,SP,jacarei,17,15,-2,-11.76470588235294,72,"monthly distinct customer_unique_id; city/state on earliest delivered-order purchase timestamp, order_id ascending for timestamp ties"
2018,SP,leme,3,1,-2,-66.66666666666666,73,"monthly distinct customer_unique_id; city/state on earliest delivered-order purchase timestamp, order_id ascending for timestamp ties"
2018,SP,lins,5,3,-2,-40.0,74,"monthly distinct customer_unique_id; city/state on earliest delivered-order purchase timestamp, order_id ascending for timestamp ties"
2018,SP,marilia,11,9,-2,-18.181818181818183,75,"monthly distinct customer_unique_id; city/state on earliest delivered-order purchase timestamp, order_id ascending for timestamp ties"
2018,SP,monte azul paulista,2,0,-2,-100.0,76,"monthly distinct customer_unique_id; city/state on earliest delivered-order purchase timestamp, order_id ascending for timestamp ties"
2018,SP,novo horizonte,3,1,-2,-66.66666666666666,77,"monthly distinct customer_unique_id; city/state on earliest delivered-order purchase timestamp, order_id ascending for timestamp ties"
2018,SP,orindiuva,2,0,-2,-100.0,78,"monthly distinct customer_unique_id; city/state on earliest delivered-order purchase timestamp, order_id ascending for timestamp ties"
2018,SP,piracaia,2,0,-2,-100.0,79,"monthly distinct customer_unique_id; city/state on earliest delivered-order purchase timestamp, order_id ascending for timestamp ties"
2018,SP,porto ferreira,2,0,-2,-100.0,80,"monthly distinct customer_unique_id; city/state on earliest delivered-order purchase timestamp, order_id ascending for timestamp ties"
2018,SP,saltinho,2,0,-2,-100.0,81,"monthly distinct customer_unique_id; city/state on earliest delivered-order purchase timestamp, order_id ascending for timestamp ties"
2018,SP,santa adelia,2,0,-2,-100.0,82,"monthly distinct customer_unique_id; city/state on earliest delivered-order purchase timestamp, order_id ascending for timestamp ties"
2018,SP,santa cruz do rio pardo,3,1,-2,-66.66666666666666,83,"monthly distinct customer_unique_id; city/state on earliest delivered-order purchase timestamp, order_id ascending for timestamp ties"
2018,SP,santa isabel,2,0,-2,-100.0,84,"monthly distinct customer_unique_id; city/state on earliest delivered-order purchase timestamp, order_id ascending for timestamp ties"
2018,SP,santa rosa de viterbo,2,0,-2,-100.0,85,"monthly distinct customer_unique_id; city/state on earliest delivered-order purchase timestamp, order_id ascending for timestamp ties"
2018,SP,santo antonio de posse,2,0,-2,-100.0,86,"monthly distinct customer_unique_id; city/state on earliest delivered-order purchase timestamp, order_id ascending for timestamp ties"
2018,SP,sao carlos,18,16,-2,-11.11111111111111,87,"monthly distinct customer_unique_id; city/state on earliest delivered-order purchase timestamp, order_id ascending for timestamp ties"
2018,SP,sumare,10,8,-2,-20.0,88,"monthly distinct customer_unique_id; city/state on earliest delivered-order purchase timestamp, order_id ascending for timestamp ties"
2018,SP,taquarituba,2,0,-2,-100.0,89,"monthly distinct customer_unique_id; city/state on earliest delivered-order purchase timestamp, order_id ascending for timestamp ties"
2018,SP,tatui,8,6,-2,-25.0,90,"monthly distinct customer_unique_id; city/state on earliest delivered-order purchase timestamp, order_id ascending for timestamp ties"
2018,SP,tupa,6,4,-2,-33.33333333333333,91,"monthly distinct customer_unique_id; city/state on earliest delivered-order purchase timestamp, order_id ascending for timestamp ties"
2018,SP,vargem grande do sul,2,0,-2,-100.0,92,"monthly distinct customer_unique_id; city/state on earliest delivered-order purchase timestamp, order_id ascending for timestamp ties"
2018,SP,adamantina,4,3,-1,-25.0,93,"monthly distinct customer_unique_id; city/state on earliest delivered-order purchase timestamp, order_id ascending for timestamp ties"
2018,SP,adolfo,1,0,-1,-100.0,94,"monthly distinct customer_unique_id; city/state on earliest delivered-order purchase timestamp, order_id ascending for timestamp ties"
2018,SP,aguai,1,0,-1,-100.0,95,"monthly distinct customer_unique_id; city/state on earliest delivered-order purchase timestamp, order_id ascending for timestamp ties"
2018,SP,aguas de lindoia,3,2,-1,-33.33333333333333,96,"monthly distinct customer_unique_id; city/state on earliest delivered-order purchase timestamp, order_id ascending for timestamp ties"
2018,SP,altinopolis,1,0,-1,-100.0,97,"monthly distinct customer_unique_id; city/state on earliest delivered-order purchase timestamp, order_id ascending for timestamp ties"
2018,SP,aluminio,2,1,-1,-50.0,98,"monthly distinct customer_unique_id; city/state on earliest delivered-order purchase timestamp, order_id ascending for timestamp ties"
2018,SP,americo brasiliense,1,0,-1,-100.0,99,"monthly distinct customer_unique_id; city/state on earliest delivered-order purchase timestamp, order_id ascending for timestamp ties"
2018,SP,andradina,2,1,-1,-50.0,100,"monthly distinct customer_unique_id; city/state on earliest delivered-order purchase timestamp, order_id ascending for timestamp ties"
2018,SP,aparecida,2,1,-1,-50.0,101,"monthly distinct customer_unique_id; city/state on earliest delivered-order purchase timestamp, order_id ascending for timestamp ties"
2018,SP,aracariguama,1,0,-1,-100.0,102,"monthly distinct customer_unique_id; city/state on earliest delivered-order purchase timestamp, order_id ascending for timestamp ties"
2018,SP,ariranha,1,0,-1,-100.0,103,"monthly distinct customer_unique_id; city/state on earliest delivered-order purchase timestamp, order_id ascending for timestamp ties"
2018,SP,bebedouro,5,4,-1,-20.0,104,"monthly distinct customer_unique_id; city/state on earliest delivered-order purchase timestamp, order_id ascending for timestamp ties"
2018,SP,boa esperanca do sul,2,1,-1,-50.0,105,"monthly distinct customer_unique_id; city/state on earliest delivered-order purchase timestamp, order_id ascending for timestamp ties"
2018,SP,bora,1,0,-1,-100.0,106,"monthly distinct customer_unique_id; city/state on earliest delivered-order purchase timestamp, order_id ascending for timestamp ties"
2018,SP,braganca paulista,10,9,-1,-10.0,107,"monthly distinct customer_unique_id; city/state on earliest delivered-order purchase timestamp, order_id ascending for timestamp ties"
2018,SP,buritizal,1,0,-1,-100.0,108,"monthly distinct customer_unique_id; city/state on earliest delivered-order purchase timestamp, order_id ascending for timestamp ties"
2018,SP,campina do monte alegre,1,0,-1,-100.0,109,"monthly distinct customer_unique_id; city/state on earliest delivered-order purchase timestamp, order_id ascending for timestamp ties"
2018,SP,campo limpo paulista,3,2,-1,-33.33333333333333,110,"monthly distinct customer_unique_id; city/state on earliest delivered-order purchase timestamp, order_id ascending for timestamp ties"
2018,SP,candido rodrigues,1,0,-1,-100.0,111,"monthly distinct customer_unique_id; city/state on earliest delivered-order purchase timestamp, order_id ascending for timestamp ties"
2018,SP,castilho,1,0,-1,-100.0,112,"monthly distinct customer_unique_id; city/state on earliest delivered-order purchase timestamp, order_id ascending for timestamp ties"
2018,SP,charqueada,1,0,-1,-100.0,113,"monthly distinct customer_unique_id; city/state on earliest delivered-order purchase timestamp, order_id ascending for timestamp ties"
2018,SP,colina,1,0,-1,-100.0,114,"monthly distinct customer_unique_id; city/state on earliest delivered-order purchase timestamp, order_id ascending for timestamp ties"
2018,SP,conchas,1,0,-1,-100.0,115,"monthly distinct customer_unique_id; city/state on earliest delivered-order purchase timestamp, order_id ascending for timestamp ties"
2018,SP,cordeiropolis,1,0,-1,-100.0,116,"monthly distinct customer_unique_id; city/state on earliest delivered-order purchase timestamp, order_id ascending for timestamp ties"
2018,SP,cravinhos,2,1,-1,-50.0,117,"monthly distinct customer_unique_id; city/state on earliest delivered-order purchase timestamp, order_id ascending for timestamp ties"
2018,SP,cunha,1,0,-1,-100.0,118,"monthly distinct customer_unique_id; city/state on earliest delivered-order purchase timestamp, order_id ascending for timestamp ties"
2018,SP,descalvado,1,0,-1,-100.0,119,"monthly distinct customer_unique_id; city/state on earliest delivered-order purchase timestamp, order_id ascending for timestamp ties"
2018,SP,divinolandia,1,0,-1,-100.0,120,"monthly distinct customer_unique_id; city/state on earliest delivered-order purchase timestamp, order_id ascending for timestamp ties"
2018,SP,dois corregos,1,0,-1,-100.0,121,"monthly distinct customer_unique_id; city/state on earliest delivered-order purchase timestamp, order_id ascending for timestamp ties"
2018,SP,dracena,1,0,-1,-100.0,122,"monthly distinct customer_unique_id; city/state on earliest delivered-order purchase timestamp, order_id ascending for timestamp ties"
2018,SP,guaira,3,2,-1,-33.33333333333333,123,"monthly distinct customer_unique_id; city/state on earliest delivered-order purchase timestamp, order_id ascending for timestamp ties"
2018,SP,guapiara,1,0,-1,-100.0,124,"monthly distinct customer_unique_id; city/state on earliest delivered-order purchase timestamp, order_id ascending for timestamp ties"
2018,SP,guararapes,1,0,-1,-100.0,125,"monthly distinct customer_unique_id; city/state on earliest delivered-order purchase timestamp, order_id ascending for timestamp ties"
2018,SP,guararema,1,0,-1,-100.0,126,"monthly distinct customer_unique_id; city/state on earliest delivered-order purchase timestamp, order_id ascending for timestamp ties"
2018,SP,guaratingueta,8,7,-1,-12.5,127,"monthly distinct customer_unique_id; city/state on earliest delivered-order purchase timestamp, order_id ascending for timestamp ties"
2018,SP,guariba,1,0,-1,-100.0,128,"monthly distinct customer_unique_id; city/state on earliest delivered-order purchase timestamp, order_id ascending for timestamp ties"
2018,SP,iacanga,1,0,-1,-100.0,129,"monthly distinct customer_unique_id; city/state on earliest delivered-order purchase timestamp, order_id ascending for timestamp ties"
2018,SP,ibate,1,0,-1,-100.0,130,"monthly distinct customer_unique_id; city/state on earliest delivered-order purchase timestamp, order_id ascending for timestamp ties"
2018,SP,ibitinga,2,1,-1,-50.0,131,"monthly distinct customer_unique_id; city/state on earliest delivered-order purchase timestamp, order_id ascending for timestamp ties"
2018,SP,ibiuna,3,2,-1,-33.33333333333333,132,"monthly distinct customer_unique_id; city/state on earliest delivered-order purchase timestamp, order_id ascending for timestamp ties"
2018,SP,iepe,1,0,-1,-100.0,133,"monthly distinct customer_unique_id; city/state on earliest delivered-order purchase timestamp, order_id ascending for timestamp ties"
2018,SP,igaracu do tiete,1,0,-1,-100.0,134,"monthly distinct customer_unique_id; city/state on earliest delivered-order purchase timestamp, order_id ascending for timestamp ties"
2018,SP,iguape,1,0,-1,-100.0,135,"monthly distinct customer_unique_id; city/state on earliest delivered-order purchase timestamp, order_id ascending for timestamp ties"
2018,SP,indiana,1,0,-1,-100.0,136,"monthly distinct customer_unique_id; city/state on earliest delivered-order purchase timestamp, order_id ascending for timestamp ties"
2018,SP,ipua,1,0,-1,-100.0,137,"monthly distinct customer_unique_id; city/state on earliest delivered-order purchase timestamp, order_id ascending for timestamp ties"
2018,SP,irapua,1,0,-1,-100.0,138,"monthly distinct customer_unique_id; city/state on earliest delivered-order purchase timestamp, order_id ascending for timestamp ties"
2018,SP,itaju,1,0,-1,-100.0,139,"monthly distinct customer_unique_id; city/state on earliest delivered-order purchase timestamp, order_id ascending for timestamp ties"
2018,SP,itanhaem,5,4,-1,-20.0,140,"monthly distinct customer_unique_id; city/state on earliest delivered-order purchase timestamp, order_id ascending for timestamp ties"
2018,SP,itapeva,5,4,-1,-20.0,141,"monthly distinct customer_unique_id; city/state on earliest delivered-order purchase timestamp, order_id ascending for timestamp ties"
2018,SP,itaporanga,2,1,-1,-50.0,142,"monthly distinct customer_unique_id; city/state on earliest delivered-order purchase timestamp, order_id ascending for timestamp ties"
2018,SP,itarare,2,1,-1,-50.0,143,"monthly distinct customer_unique_id; city/state on earliest delivered-order purchase timestamp, order_id ascending for timestamp ties"
2018,SP,jaborandi,1,0,-1,-100.0,144,"monthly distinct customer_unique_id; city/state on earliest delivered-order purchase timestamp, order_id ascending for timestamp ties"
2018,SP,jamaica,1,0,-1,-100.0,145,"monthly distinct customer_unique_id; city/state on earliest delivered-order purchase timestamp, order_id ascending for timestamp ties"
2018,SP,jardinopolis,1,0,-1,-100.0,146,"monthly distinct customer_unique_id; city/state on earliest delivered-order purchase timestamp, order_id ascending for timestamp ties"
2018,SP,louveira,4,3,-1,-25.0,147,"monthly distinct customer_unique_id; city/state on earliest delivered-order purchase timestamp, order_id ascending for timestamp ties"
2018,SP,lucelia,1,0,-1,-100.0,148,"monthly distinct customer_unique_id; city/state on earliest delivered-order purchase timestamp, order_id ascending for timestamp ties"
2018,SP,macaubal,1,0,-1,-100.0,149,"monthly distinct customer_unique_id; city/state on earliest delivered-order purchase timestamp, order_id ascending for timestamp ties"
2018,SP,martinopolis,1,0,-1,-100.0,150,"monthly distinct customer_unique_id; city/state on earliest delivered-order purchase timestamp, order_id ascending for timestamp ties"
2018,SP,mineiros do tiete,1,0,-1,-100.0,151,"monthly distinct customer_unique_id; city/state on earliest delivered-order purchase timestamp, order_id ascending for timestamp ties"
2018,SP,mirandopolis,2,1,-1,-50.0,152,"monthly distinct customer_unique_id; city/state on earliest delivered-order purchase timestamp, order_id ascending for timestamp ties"
2018,SP,moncoes,1,0,-1,-100.0,153,"monthly distinct customer_unique_id; city/state on earliest delivered-order purchase timestamp, order_id ascending for timestamp ties"
2018,SP,motuca,1,0,-1,-100.0,154,"monthly distinct customer_unique_id; city/state on earliest delivered-order purchase timestamp, order_id ascending for timestamp ties"
2018,SP,murutinga do sul,1,0,-1,-100.0,155,"monthly distinct customer_unique_id; city/state on earliest delivered-order purchase timestamp, order_id ascending for timestamp ties"
2018,SP,nipoa,1,0,-1,-100.0,156,"monthly distinct customer_unique_id; city/state on earliest delivered-order purchase timestamp, order_id ascending for timestamp ties"
2018,SP,nova granada,1,0,-1,-100.0,157,"monthly distinct customer_unique_id; city/state on earliest delivered-order purchase timestamp, order_id ascending for timestamp ties"
2018,SP,nuporanga,1,0,-1,-100.0,158,"monthly distinct customer_unique_id; city/state on earliest delivered-order purchase timestamp, order_id ascending for timestamp ties"
2018,SP,osvaldo cruz,1,0,-1,-100.0,159,"monthly distinct customer_unique_id; city/state on earliest delivered-order purchase timestamp, order_id ascending for timestamp ties"
2018,SP,ouroeste,1,0,-1,-100.0,160,"monthly distinct customer_unique_id; city/state on earliest delivered-order purchase timestamp, order_id ascending for timestamp ties"
2018,SP,paraiso,1,0,-1,-100.0,161,"monthly distinct customer_unique_id; city/state on earliest delivered-order purchase timestamp, order_id ascending for timestamp ties"
2018,SP,paranapanema,1,0,-1,-100.0,162,"monthly distinct customer_unique_id; city/state on earliest delivered-order purchase timestamp, order_id ascending for timestamp ties"
2018,SP,pariquera-acu,1,0,-1,-100.0,163,"monthly distinct customer_unique_id; city/state on earliest delivered-order purchase timestamp, order_id ascending for timestamp ties"
2018,SP,pederneiras,2,1,-1,-50.0,164,"monthly distinct customer_unique_id; city/state on earliest delivered-order purchase timestamp, order_id ascending for timestamp ties"
2018,SP,pedranopolis,1,0,-1,-100.0,165,"monthly distinct customer_unique_id; city/state on earliest delivered-order purchase timestamp, order_id ascending for timestamp ties"
2018,SP,pereira barreto,1,0,-1,-100.0,166,"monthly distinct customer_unique_id; city/state on earliest delivered-order purchase timestamp, order_id ascending for timestamp ties"
2018,SP,pinhalzinho,1,0,-1,-100.0,167,"monthly distinct customer_unique_id; city/state on earliest delivered-order purchase timestamp, order_id ascending for timestamp ties"
2018,SP,piquerobi,1,0,-1,-100.0,168,"monthly distinct customer_unique_id; city/state on earliest delivered-order purchase timestamp, order_id ascending for timestamp ties"
2018,SP,pirangi,1,0,-1,-100.0,169,"monthly distinct customer_unique_id; city/state on earliest delivered-order purchase timestamp, order_id ascending for timestamp ties"
2018,SP,pirapora do bom jesus,2,1,-1,-50.0,170,"monthly distinct customer_unique_id; city/state on earliest delivered-order purchase timestamp, order_id ascending for timestamp ties"
2018,SP,pirapozinho,1,0,-1,-100.0,171,"monthly distinct customer_unique_id; city/state on earliest delivered-order purchase timestamp, order_id ascending for timestamp ties"
2018,SP,pitangueiras,1,0,-1,-100.0,172,"monthly distinct customer_unique_id; city/state on earliest delivered-order purchase timestamp, order_id ascending for timestamp ties"
2018,SP,pompeia,2,1,-1,-50.0,173,"monthly distinct customer_unique_id; city/state on earliest delivered-order purchase timestamp, order_id ascending for timestamp ties"
2018,SP,porangaba,1,0,-1,-100.0,174,"monthly distinct customer_unique_id; city/state on earliest delivered-order purchase timestamp, order_id ascending for timestamp ties"
2018,SP,primavera,1,0,-1,-100.0,175,"monthly distinct customer_unique_id; city/state on earliest delivered-order purchase timestamp, order_id ascending for timestamp ties"
2018,SP,quata,1,0,-1,-100.0,176,"monthly distinct customer_unique_id; city/state on earliest delivered-order purchase timestamp, order_id ascending for timestamp ties"
2018,SP,quintana,1,0,-1,-100.0,177,"monthly distinct customer_unique_id; city/state on earliest delivered-order purchase timestamp, order_id ascending for timestamp ties"
2018,SP,sales,1,0,-1,-100.0,178,"monthly distinct customer_unique_id; city/state on earliest delivered-order purchase timestamp, order_id ascending for timestamp ties"
2018,SP,salto de pirapora,2,1,-1,-50.0,179,"monthly distinct customer_unique_id; city/state on earliest delivered-order purchase timestamp, order_id ascending for timestamp ties"
2018,SP,salto grande,1,0,-1,-100.0,180,"monthly distinct customer_unique_id; city/state on earliest delivered-order purchase timestamp, order_id ascending for timestamp ties"
2018,SP,santa cruz da conceicao,1,0,-1,-100.0,181,"monthly distinct customer_unique_id; city/state on earliest delivered-order purchase timestamp, order_id ascending for timestamp ties"
2018,SP,santa cruz das palmeiras,1,0,-1,-100.0,182,"monthly distinct customer_unique_id; city/state on earliest delivered-order purchase timestamp, order_id ascending for timestamp ties"
2018,SP,santo antonio do pinhal,1,0,-1,-100.0,183,"monthly distinct customer_unique_id; city/state on earliest delivered-order purchase timestamp, order_id ascending for timestamp ties"
2018,SP,sao joaquim da barra,3,2,-1,-33.33333333333333,184,"monthly distinct customer_unique_id; city/state on earliest delivered-order purchase timestamp, order_id ascending for timestamp ties"
2018,SP,sao pedro,1,0,-1,-100.0,185,"monthly distinct customer_unique_id; city/state on earliest delivered-order purchase timestamp, order_id ascending for timestamp ties"
2018,SP,serrana,1,0,-1,-100.0,186,"monthly distinct customer_unique_id; city/state on earliest delivered-order purchase timestamp, order_id ascending for timestamp ties"
2018,SP,sete barras,1,0,-1,-100.0,187,"monthly distinct customer_unique_id; city/state on earliest delivered-order purchase timestamp, order_id ascending for timestamp ties"
2018,SP,taiacu,1,0,-1,-100.0,188,"monthly distinct customer_unique_id; city/state on earliest delivered-order purchase timestamp, order_id ascending for timestamp ties"
2018,SP,taiuva,1,0,-1,-100.0,189,"monthly distinct customer_unique_id; city/state on earliest delivered-order purchase timestamp, order_id ascending for timestamp ties"
2018,SP,tanabi,1,0,-1,-100.0,190,"monthly distinct customer_unique_id; city/state on earliest delivered-order purchase timestamp, order_id ascending for timestamp ties"
2018,SP,taquarivai,1,0,-1,-100.0,191,"monthly distinct customer_unique_id; city/state on earliest delivered-order purchase timestamp, order_id ascending for timestamp ties"
2018,SP,tejupa,1,0,-1,-100.0,192,"monthly distinct customer_unique_id; city/state on earliest delivered-order purchase timestamp, order_id ascending for timestamp ties"
2018,SP,teodoro sampaio,2,1,-1,-50.0,193,"monthly distinct customer_unique_id; city/state on earliest delivered-order purchase timestamp, order_id ascending for timestamp ties"
2018,SP,tremembe,1,0,-1,-100.0,194,"monthly distinct customer_unique_id; city/state on earliest delivered-order purchase timestamp, order_id ascending for timestamp ties"
2018,SP,tres fronteiras,1,0,-1,-100.0,195,"monthly distinct customer_unique_id; city/state on earliest delivered-order purchase timestamp, order_id ascending for timestamp ties"
2018,SP,turmalina,1,0,-1,-100.0,196,"monthly distinct customer_unique_id; city/state on earliest delivered-order purchase timestamp, order_id ascending for timestamp ties"
2018,SP,vista alegre do alto,1,0,-1,-100.0,197,"monthly distinct customer_unique_id; city/state on earliest delivered-order purchase timestamp, order_id ascending for timestamp ties"
2018,SP,alvaro de carvalho,1,1,0,0.0,,"monthly distinct customer_unique_id; city/state on earliest delivered-order purchase timestamp, order_id ascending for timestamp ties"
2018,SP,aracatuba,10,10,0,0.0,,"monthly distinct customer_unique_id; city/state on earliest delivered-order purchase timestamp, order_id ascending for timestamp ties"
2018,SP,aracoiaba da serra,1,1,0,0.0,,"monthly distinct customer_unique_id; city/state on earliest delivered-order purchase timestamp, order_id ascending for timestamp ties"
2018,SP,araras,8,8,0,0.0,,"monthly distinct customer_unique_id; city/state on earliest delivered-order purchase timestamp, order_id ascending for timestamp ties"
2018,SP,auriflama,1,1,0,0.0,,"monthly distinct customer_unique_id; city/state on earliest delivered-order purchase timestamp, order_id ascending for timestamp ties"
2018,SP,avare,5,5,0,0.0,,"monthly distinct customer_unique_id; city/state on earliest delivered-order purchase timestamp, order_id ascending for timestamp ties"
2018,SP,barretos,3,3,0,0.0,,"monthly distinct customer_unique_id; city/state on earliest delivered-order purchase timestamp, order_id ascending for timestamp ties"
2018,SP,bofete,1,1,0,0.0,,"monthly distinct customer_unique_id; city/state on earliest delivered-order purchase timestamp, order_id ascending for timestamp ties"
2018,SP,boituva,5,5,0,0.0,,"monthly distinct customer_unique_id; city/state on earliest delivered-order purchase timestamp, order_id ascending for timestamp ties"
2018,SP,bom jesus dos perdoes,1,1,0,0.0,,"monthly distinct customer_unique_id; city/state on earliest delivered-order purchase timestamp, order_id ascending for timestamp ties"
2018,SP,buri,1,1,0,0.0,,"monthly distinct customer_unique_id; city/state on earliest delivered-order purchase timestamp, order_id ascending for timestamp ties"
2018,SP,caconde,1,1,0,0.0,,"monthly distinct customer_unique_id; city/state on earliest delivered-order purchase timestamp, order_id ascending for timestamp ties"
2018,SP,cafelandia,1,1,0,0.0,,"monthly distinct customer_unique_id; city/state on earliest delivered-order purchase timestamp, order_id ascending for timestamp ties"
2018,SP,cajuru,1,1,0,0.0,,"monthly distinct customer_unique_id; city/state on earliest delivered-order purchase timestamp, order_id ascending for timestamp ties"
2018,SP,campos do jordao,1,1,0,0.0,,"monthly distinct customer_unique_id; city/state on earliest delivered-order purchase timestamp, order_id ascending for timestamp ties"
2018,SP,candido mota,1,1,0,0.0,,"monthly distinct customer_unique_id; city/state on earliest delivered-order purchase timestamp, order_id ascending for timestamp ties"
2018,SP,capao bonito,2,2,0,0.0,,"monthly distinct customer_unique_id; city/state on earliest delivered-order purchase timestamp, order_id ascending for timestamp ties"
2018,SP,caraguatatuba,8,8,0,0.0,,"monthly distinct customer_unique_id; city/state on earliest delivered-order purchase timestamp, order_id ascending for timestamp ties"
2018,SP,cruzeiro,5,5,0,0.0,,"monthly distinct customer_unique_id; city/state on earliest delivered-order purchase timestamp, order_id ascending for timestamp ties"
2018,SP,espirito santo do pinhal,1,1,0,0.0,,"monthly distinct customer_unique_id; city/state on earliest delivered-order purchase timestamp, order_id ascending for timestamp ties"
2018,SP,fartura,1,1,0,0.0,,"monthly distinct customer_unique_id; city/state on earliest delivered-order purchase timestamp, order_id ascending for timestamp ties"
2018,SP,franca,8,8,0,0.0,,"monthly distinct customer_unique_id; city/state on earliest delivered-order purchase timestamp, order_id ascending for timestamp ties"
2018,SP,guara,1,1,0,0.0,,"monthly distinct customer_unique_id; city/state on earliest delivered-order purchase timestamp, order_id ascending for timestamp ties"
2018,SP,herculandia,1,1,0,0.0,,"monthly distinct customer_unique_id; city/state on earliest delivered-order purchase timestamp, order_id ascending for timestamp ties"
2018,SP,itabera,1,1,0,0.0,,"monthly distinct customer_unique_id; city/state on earliest delivered-order purchase timestamp, order_id ascending for timestamp ties"
2018,SP,itai,2,2,0,0.0,,"monthly distinct customer_unique_id; city/state on earliest delivered-order purchase timestamp, order_id ascending for timestamp ties"
2018,SP,jales,2,2,0,0.0,,"monthly distinct customer_unique_id; city/state on earliest delivered-order purchase timestamp, order_id ascending for timestamp ties"
2018,SP,juquitiba,1,1,0,0.0,,"monthly distinct customer_unique_id; city/state on earliest delivered-order purchase timestamp, order_id ascending for timestamp ties"
2018,SP,lindoia,1,1,0,0.0,,"monthly distinct customer_unique_id; city/state on earliest delivered-order purchase timestamp, order_id ascending for timestamp ties"
2018,SP,matao,2,2,0,0.0,,"monthly distinct customer_unique_id; city/state on earliest delivered-order purchase timestamp, order_id ascending for timestamp ties"
2018,SP,mirassol,2,2,0,0.0,,"monthly distinct customer_unique_id; city/state on earliest delivered-order purchase timestamp, order_id ascending for timestamp ties"
2018,SP,monte alegre do sul,1,1,0,0.0,,"monthly distinct customer_unique_id; city/state on earliest delivered-order purchase timestamp, order_id ascending for timestamp ties"
2018,SP,monte mor,4,4,0,0.0,,"monthly distinct customer_unique_id; city/state on earliest delivered-order purchase timestamp, order_id ascending for timestamp ties"
2018,SP,morro agudo,1,1,0,0.0,,"monthly distinct customer_unique_id; city/state on earliest delivered-order purchase timestamp, order_id ascending for timestamp ties"
2018,SP,nova odessa,4,4,0,0.0,,"monthly distinct customer_unique_id; city/state on earliest delivered-order purchase timestamp, order_id ascending for timestamp ties"
2018,SP,orlandia,1,1,0,0.0,,"monthly distinct customer_unique_id; city/state on earliest delivered-order purchase timestamp, order_id ascending for timestamp ties"
2018,SP,palmital,1,1,0,0.0,,"monthly distinct customer_unique_id; city/state on earliest delivered-order purchase timestamp, order_id ascending for timestamp ties"
2018,SP,paraguacu paulista,1,1,0,0.0,,"monthly distinct customer_unique_id; city/state on earliest delivered-order purchase timestamp, order_id ascending for timestamp ties"
2018,SP,penapolis,3,3,0,0.0,,"monthly distinct customer_unique_id; city/state on earliest delivered-order purchase timestamp, order_id ascending for timestamp ties"
2018,SP,pindamonhangaba,9,9,0,0.0,,"monthly distinct customer_unique_id; city/state on earliest delivered-order purchase timestamp, order_id ascending for timestamp ties"
2018,SP,piraju,1,1,0,0.0,,"monthly distinct customer_unique_id; city/state on earliest delivered-order purchase timestamp, order_id ascending for timestamp ties"
2018,SP,pradopolis,1,1,0,0.0,,"monthly distinct customer_unique_id; city/state on earliest delivered-order purchase timestamp, order_id ascending for timestamp ties"
2018,SP,promissao,1,1,0,0.0,,"monthly distinct customer_unique_id; city/state on earliest delivered-order purchase timestamp, order_id ascending for timestamp ties"
2018,SP,rio das pedras,2,2,0,0.0,,"monthly distinct customer_unique_id; city/state on earliest delivered-order purchase timestamp, order_id ascending for timestamp ties"
2018,SP,riolandia,1,1,0,0.0,,"monthly distinct customer_unique_id; city/state on earliest delivered-order purchase timestamp, order_id ascending for timestamp ties"
2018,SP,santa fe do sul,2,2,0,0.0,,"monthly distinct customer_unique_id; city/state on earliest delivered-order purchase timestamp, order_id ascending for timestamp ties"
2018,SP,santa gertrudes,1,1,0,0.0,,"monthly distinct customer_unique_id; city/state on earliest delivered-order purchase timestamp, order_id ascending for timestamp ties"
2018,SP,santa rita do passa quatro,1,1,0,0.0,,"monthly distinct customer_unique_id; city/state on earliest delivered-order purchase timestamp, order_id ascending for timestamp ties"
2018,SP,sao joao da boa vista,4,4,0,0.0,,"monthly distinct customer_unique_id; city/state on earliest delivered-order purchase timestamp, order_id ascending for timestamp ties"
2018,SP,sao jose da bela vista,1,1,0,0.0,,"monthly distinct customer_unique_id; city/state on earliest delivered-order purchase timestamp, order_id ascending for timestamp ties"
2018,SP,serra negra,2,2,0,0.0,,"monthly distinct customer_unique_id; city/state on earliest delivered-order purchase timestamp, order_id ascending for timestamp ties"
2018,SP,suzano,17,17,0,0.0,,"monthly distinct customer_unique_id; city/state on earliest delivered-order purchase timestamp, order_id ascending for timestamp ties"
2018,SP,tabatinga,1,1,0,0.0,,"monthly distinct customer_unique_id; city/state on earliest delivered-order purchase timestamp, order_id ascending for timestamp ties"
2018,SP,taguai,1,1,0,0.0,,"monthly distinct customer_unique_id; city/state on earliest delivered-order purchase timestamp, order_id ascending for timestamp ties"
2018,SP,tambau,2,2,0,0.0,,"monthly distinct customer_unique_id; city/state on earliest delivered-order purchase timestamp, order_id ascending for timestamp ties"
2018,SP,uchoa,1,1,0,0.0,,"monthly distinct customer_unique_id; city/state on earliest delivered-order purchase timestamp, order_id ascending for timestamp ties"
2018,SP,aguas da prata,1,2,1,100.0,,"monthly distinct customer_unique_id; city/state on earliest delivered-order purchase timestamp, order_id ascending for timestamp ties"
2018,SP,agudos,1,2,1,100.0,,"monthly distinct customer_unique_id; city/state on earliest delivered-order purchase timestamp, order_id ascending for timestamp ties"
2018,SP,analandia,0,1,1,,,"monthly distinct customer_unique_id; city/state on earliest delivered-order purchase timestamp, order_id ascending for timestamp ties"
2018,SP,areias,0,1,1,,,"monthly distinct customer_unique_id; city/state on earliest delivered-order purchase timestamp, order_id ascending for timestamp ties"
2018,SP,balbinos,0,1,1,,,"monthly distinct customer_unique_id; city/state on earliest delivered-order purchase timestamp, order_id ascending for timestamp ties"
2018,SP,barrinha,0,1,1,,,"monthly distinct customer_unique_id; city/state on earliest delivered-order purchase timestamp, order_id ascending for timestamp ties"
2018,SP,batatais,0,1,1,,,"monthly distinct customer_unique_id; city/state on earliest delivered-order purchase timestamp, order_id ascending for timestamp ties"
2018,SP,bernardino de campos,0,1,1,,,"monthly distinct customer_unique_id; city/state on earliest delivered-order purchase timestamp, order_id ascending for timestamp ties"
2018,SP,bertioga,2,3,1,50.0,,"monthly distinct customer_unique_id; city/state on earliest delivered-order purchase timestamp, order_id ascending for timestamp ties"
2018,SP,brotas,0,1,1,,,"monthly distinct customer_unique_id; city/state on earliest delivered-order purchase timestamp, order_id ascending for timestamp ties"
2018,SP,caiua,0,1,1,,,"monthly distinct customer_unique_id; city/state on earliest delivered-order purchase timestamp, order_id ascending for timestamp ties"
2018,SP,cajobi,0,1,1,,,"monthly distinct customer_unique_id; city/state on earliest delivered-order purchase timestamp, order_id ascending for timestamp ties"
2018,SP,cananeia,0,1,1,,,"monthly distinct customer_unique_id; city/state on earliest delivered-order purchase timestamp, order_id ascending for timestamp ties"
2018,SP,cardoso,0,1,1,,,"monthly distinct customer_unique_id; city/state on earliest delivered-order purchase timestamp, order_id ascending for timestamp ties"
2018,SP,cesario lange,0,1,1,,,"monthly distinct customer_unique_id; city/state on earliest delivered-order purchase timestamp, order_id ascending for timestamp ties"
2018,SP,clementina,0,1,1,,,"monthly distinct customer_unique_id; city/state on earliest delivered-order purchase timestamp, order_id ascending for timestamp ties"
2018,SP,eldorado,0,1,1,,,"monthly distinct customer_unique_id; city/state on earliest delivered-order purchase timestamp, order_id ascending for timestamp ties"
2018,SP,estrela do norte,0,1,1,,,"monthly distinct customer_unique_id; city/state on earliest delivered-order purchase timestamp, order_id ascending for timestamp ties"
2018,SP,fernandopolis,2,3,1,50.0,,"monthly distinct customer_unique_id; city/state on earliest delivered-order purchase timestamp, order_id ascending for timestamp ties"
2018,SP,general salgado,0,1,1,,,"monthly distinct customer_unique_id; city/state on earliest delivered-order purchase timestamp, order_id ascending for timestamp ties"
2018,SP,guaracai,0,1,1,,,"monthly distinct customer_unique_id; city/state on earliest delivered-order purchase timestamp, order_id ascending for timestamp ties"
2018,SP,holambra,1,2,1,100.0,,"monthly distinct customer_unique_id; city/state on earliest delivered-order purchase timestamp, order_id ascending for timestamp ties"
2018,SP,ibira,0,1,1,,,"monthly distinct customer_unique_id; city/state on earliest delivered-order purchase timestamp, order_id ascending for timestamp ties"
2018,SP,icem,0,1,1,,,"monthly distinct customer_unique_id; city/state on earliest delivered-order purchase timestamp, order_id ascending for timestamp ties"
2018,SP,igarata,0,1,1,,,"monthly distinct customer_unique_id; city/state on earliest delivered-order purchase timestamp, order_id ascending for timestamp ties"
2018,SP,ilha solteira,1,2,1,100.0,,"monthly distinct customer_unique_id; city/state on earliest delivered-order purchase timestamp, order_id ascending for timestamp ties"
2018,SP,itapecerica da serra,7,8,1,14.285714285714285,,"monthly distinct customer_unique_id; city/state on earliest delivered-order purchase timestamp, order_id ascending for timestamp ties"
2018,SP,itapira,2,3,1,50.0,,"monthly distinct customer_unique_id; city/state on earliest delivered-order purchase timestamp, order_id ascending for timestamp ties"
2018,SP,itirapina,0,1,1,,,"monthly distinct customer_unique_id; city/state on earliest delivered-order purchase timestamp, order_id ascending for timestamp ties"
2018,SP,jacupiranga,0,1,1,,,"monthly distinct customer_unique_id; city/state on earliest delivered-order purchase timestamp, order_id ascending for timestamp ties"
2018,SP,jose bonifacio,0,1,1,,,"monthly distinct customer_unique_id; city/state on earliest delivered-order purchase timestamp, order_id ascending for timestamp ties"
2018,SP,juquia,1,2,1,100.0,,"monthly distinct customer_unique_id; city/state on earliest delivered-order purchase timestamp, order_id ascending for timestamp ties"
2018,SP,laranjal paulista,1,2,1,100.0,,"monthly distinct customer_unique_id; city/state on earliest delivered-order purchase timestamp, order_id ascending for timestamp ties"
2018,SP,lavinia,0,1,1,,,"monthly distinct customer_unique_id; city/state on earliest delivered-order purchase timestamp, order_id ascending for timestamp ties"
2018,SP,lencois paulista,3,4,1,33.33333333333333,,"monthly distinct customer_unique_id; city/state on earliest delivered-order purchase timestamp, order_id ascending for timestamp ties"
2018,SP,lucianopolis,0,1,1,,,"monthly distinct customer_unique_id; city/state on earliest delivered-order purchase timestamp, order_id ascending for timestamp ties"
2018,SP,mongagua,2,3,1,50.0,,"monthly distinct customer_unique_id; city/state on earliest delivered-order purchase timestamp, order_id ascending for timestamp ties"
2018,SP,nova europa,1,2,1,100.0,,"monthly distinct customer_unique_id; city/state on earliest delivered-order purchase timestamp, order_id ascending for timestamp ties"
2018,SP,palestina,1,2,1,100.0,,"monthly distinct customer_unique_id; city/state on earliest delivered-order purchase timestamp, order_id ascending for timestamp ties"
2018,SP,palmeira d'oeste,0,1,1,,,"monthly distinct customer_unique_id; city/state on earliest delivered-order purchase timestamp, order_id ascending for timestamp ties"
2018,SP,paulinia,7,8,1,14.285714285714285,,"monthly distinct customer_unique_id; city/state on earliest delivered-order purchase timestamp, order_id ascending for timestamp ties"
2018,SP,pedro de toledo,0,1,1,,,"monthly distinct customer_unique_id; city/state on earliest delivered-order purchase timestamp, order_id ascending for timestamp ties"
2018,SP,peruibe,2,3,1,50.0,,"monthly distinct customer_unique_id; city/state on earliest delivered-order purchase timestamp, order_id ascending for timestamp ties"
2018,SP,pindorama,0,1,1,,,"monthly distinct customer_unique_id; city/state on earliest delivered-order purchase timestamp, order_id ascending for timestamp ties"
2018,SP,piracicaba,25,26,1,4.0,,"monthly distinct customer_unique_id; city/state on earliest delivered-order purchase timestamp, order_id ascending for timestamp ties"
2018,SP,piratininga,0,1,1,,,"monthly distinct customer_unique_id; city/state on earliest delivered-order purchase timestamp, order_id ascending for timestamp ties"
2018,SP,poloni,0,1,1,,,"monthly distinct customer_unique_id; city/state on earliest delivered-order purchase timestamp, order_id ascending for timestamp ties"
2018,SP,pongai,0,1,1,,,"monthly distinct customer_unique_id; city/state on earliest delivered-order purchase timestamp, order_id ascending for timestamp ties"
2018,SP,potirendaba,0,1,1,,,"monthly distinct customer_unique_id; city/state on earliest delivered-order purchase timestamp, order_id ascending for timestamp ties"
2018,SP,presidente alves,0,1,1,,,"monthly distinct customer_unique_id; city/state on earliest delivered-order purchase timestamp, order_id ascending for timestamp ties"
2018,SP,quadra,0,1,1,,,"monthly distinct customer_unique_id; city/state on earliest delivered-order purchase timestamp, order_id ascending for timestamp ties"
2018,SP,rafard,0,1,1,,,"monthly distinct customer_unique_id; city/state on earliest delivered-order purchase timestamp, order_id ascending for timestamp ties"
2018,SP,rinopolis,0,1,1,,,"monthly distinct customer_unique_id; city/state on earliest delivered-order purchase timestamp, order_id ascending for timestamp ties"
2018,SP,roseira,0,1,1,,,"monthly distinct customer_unique_id; city/state on earliest delivered-order purchase timestamp, order_id ascending for timestamp ties"
2018,SP,rubiacea,0,1,1,,,"monthly distinct customer_unique_id; city/state on earliest delivered-order purchase timestamp, order_id ascending for timestamp ties"
2018,SP,santana de parnaiba,12,13,1,8.333333333333332,,"monthly distinct customer_unique_id; city/state on earliest delivered-order purchase timestamp, order_id ascending for timestamp ties"
2018,SP,santo anastacio,0,1,1,,,"monthly distinct customer_unique_id; city/state on earliest delivered-order purchase timestamp, order_id ascending for timestamp ties"
2018,SP,santo antonio da alegria,0,1,1,,,"monthly distinct customer_unique_id; city/state on earliest delivered-order purchase timestamp, order_id ascending for timestamp ties"
2018,SP,sao miguel arcanjo,1,2,1,100.0,,"monthly distinct customer_unique_id; city/state on earliest delivered-order purchase timestamp, order_id ascending for timestamp ties"
2018,SP,sao sebastiao,3,4,1,33.33333333333333,,"monthly distinct customer_unique_id; city/state on earliest delivered-order purchase timestamp, order_id ascending for timestamp ties"
2018,SP,tapiratiba,0,1,1,,,"monthly distinct customer_unique_id; city/state on earliest delivered-order purchase timestamp, order_id ascending for timestamp ties"
2018,SP,timburi,0,1,1,,,"monthly distinct customer_unique_id; city/state on earliest delivered-order purchase timestamp, order_id ascending for timestamp ties"
2018,SP,torrinha,0,1,1,,,"monthly distinct customer_unique_id; city/state on earliest delivered-order purchase timestamp, order_id ascending for timestamp ties"
2018,SP,tupi paulista,1,2,1,100.0,,"monthly distinct customer_unique_id; city/state on earliest delivered-order purchase timestamp, order_id ascending for timestamp ties"
2018,SP,valentim gentil,0,1,1,,,"monthly distinct customer_unique_id; city/state on earliest delivered-order purchase timestamp, order_id ascending for timestamp ties"
2018,SP,viradouro,1,2,1,100.0,,"monthly distinct customer_unique_id; city/state on earliest delivered-order purchase timestamp, order_id ascending for timestamp ties"
2018,SP,americana,15,17,2,13.333333333333334,,"monthly distinct customer_unique_id; city/state on earliest delivered-order purchase timestamp, order_id ascending for timestamp ties"
2018,SP,amparo,3,5,2,66.66666666666666,,"monthly distinct customer_unique_id; city/state on earliest delivered-order purchase timestamp, order_id ascending for timestamp ties"
2018,SP,bady bassitt,0,2,2,,,"monthly distinct customer_unique_id; city/state on earliest delivered-order purchase timestamp, order_id ascending for timestamp ties"
2018,SP,bilac,0,2,2,,,"monthly distinct customer_unique_id; city/state on earliest delivered-order purchase timestamp, order_id ascending for timestamp ties"
2018,SP,bonfim paulista,0,2,2,,,"monthly distinct customer_unique_id; city/state on earliest delivered-order purchase timestamp, order_id ascending for timestamp ties"
2018,SP,brodowski,0,2,2,,,"monthly distinct customer_unique_id; city/state on earliest delivered-order purchase timestamp, order_id ascending for timestamp ties"
2018,SP,cajati,0,2,2,,,"monthly distinct customer_unique_id; city/state on earliest delivered-order purchase timestamp, order_id ascending for timestamp ties"
2018,SP,cosmopolis,2,4,2,100.0,,"monthly distinct customer_unique_id; city/state on earliest delivered-order purchase timestamp, order_id ascending for timestamp ties"
2018,SP,estiva gerbi,0,2,2,,,"monthly distinct customer_unique_id; city/state on earliest delivered-order purchase timestamp, order_id ascending for timestamp ties"
2018,SP,ipaussu,0,2,2,,,"monthly distinct customer_unique_id; city/state on earliest delivered-order purchase timestamp, order_id ascending for timestamp ties"
2018,SP,itapetininga,4,6,2,50.0,,"monthly distinct customer_unique_id; city/state on earliest delivered-order purchase timestamp, order_id ascending for timestamp ties"
2018,SP,itaquaquecetuba,10,12,2,20.0,,"monthly distinct customer_unique_id; city/state on earliest delivered-order purchase timestamp, order_id ascending for timestamp ties"
2018,SP,itatiba,6,8,2,33.33333333333333,,"monthly distinct customer_unique_id; city/state on earliest delivered-order purchase timestamp, order_id ascending for timestamp ties"
2018,SP,itobi,0,2,2,,,"monthly distinct customer_unique_id; city/state on earliest delivered-order purchase timestamp, order_id ascending for timestamp ties"
2018,SP,jaguariuna,4,6,2,50.0,,"monthly distinct customer_unique_id; city/state on earliest delivered-order purchase timestamp, order_id ascending for timestamp ties"
2018,SP,jarinu,1,3,2,200.0,,"monthly distinct customer_unique_id; city/state on earliest delivered-order purchase timestamp, order_id ascending for timestamp ties"
2018,SP,magda,0,2,2,,,"monthly distinct customer_unique_id; city/state on earliest delivered-order purchase timestamp, order_id ascending for timestamp ties"
2018,SP,mairinque,0,2,2,,,"monthly distinct customer_unique_id; city/state on earliest delivered-order purchase timestamp, order_id ascending for timestamp ties"
2018,SP,mococa,1,3,2,200.0,,"monthly distinct customer_unique_id; city/state on earliest delivered-order purchase timestamp, order_id ascending for timestamp ties"
2018,SP,mogi mirim,3,5,2,66.66666666666666,,"monthly distinct customer_unique_id; city/state on earliest delivered-order purchase timestamp, order_id ascending for timestamp ties"
2018,SP,monte alto,0,2,2,,,"monthly distinct customer_unique_id; city/state on earliest delivered-order purchase timestamp, order_id ascending for timestamp ties"
2018,SP,morungaba,0,2,2,,,"monthly distinct customer_unique_id; city/state on earliest delivered-order purchase timestamp, order_id ascending for timestamp ties"
2018,SP,olimpia,2,4,2,100.0,,"monthly distinct customer_unique_id; city/state on earliest delivered-order purchase timestamp, order_id ascending for timestamp ties"
2018,SP,pedreira,3,5,2,66.66666666666666,,"monthly distinct customer_unique_id; city/state on earliest delivered-order purchase timestamp, order_id ascending for timestamp ties"
2018,SP,pilar do sul,0,2,2,,,"monthly distinct customer_unique_id; city/state on earliest delivered-order purchase timestamp, order_id ascending for timestamp ties"
2018,SP,piquete,0,2,2,,,"monthly distinct customer_unique_id; city/state on earliest delivered-order purchase timestamp, order_id ascending for timestamp ties"
2018,SP,pirassununga,4,6,2,50.0,,"monthly distinct customer_unique_id; city/state on earliest delivered-order purchase timestamp, order_id ascending for timestamp ties"
2018,SP,porto feliz,0,2,2,,,"monthly distinct customer_unique_id; city/state on earliest delivered-order purchase timestamp, order_id ascending for timestamp ties"
2018,SP,rancharia,0,2,2,,,"monthly distinct customer_unique_id; city/state on earliest delivered-order purchase timestamp, order_id ascending for timestamp ties"
2018,SP,santos,50,52,2,4.0,,"monthly distinct customer_unique_id; city/state on earliest delivered-order purchase timestamp, order_id ascending for timestamp ties"
2018,SP,socorro,0,2,2,,,"monthly distinct customer_unique_id; city/state on earliest delivered-order purchase timestamp, order_id ascending for timestamp ties"
2018,SP,tiete,2,4,2,100.0,,"monthly distinct customer_unique_id; city/state on earliest delivered-order purchase timestamp, order_id ascending for timestamp ties"
2018,SP,cajamar,8,11,3,37.5,,"monthly distinct customer_unique_id; city/state on earliest delivered-order purchase timestamp, order_id ascending for timestamp ties"
2018,SP,catanduva,3,6,3,100.0,,"monthly distinct customer_unique_id; city/state on earliest delivered-order purchase timestamp, order_id ascending for timestamp ties"
2018,SP,cotia,15,18,3,20.0,,"monthly distinct customer_unique_id; city/state on earliest delivered-order purchase timestamp, order_id ascending for timestamp ties"
2018,SP,hortolandia,8,11,3,37.5,,"monthly distinct customer_unique_id; city/state on earliest delivered-order purchase timestamp, order_id ascending for timestamp ties"
2018,SP,iracemapolis,0,3,3,,,"monthly distinct customer_unique_id; city/state on earliest delivered-order purchase timestamp, order_id ascending for timestamp ties"
2018,SP,itu,5,8,3,60.0,,"monthly distinct customer_unique_id; city/state on earliest delivered-order purchase timestamp, order_id ascending for timestamp ties"
2018,SP,ituverava,0,3,3,,,"monthly distinct customer_unique_id; city/state on earliest delivered-order purchase timestamp, order_id ascending for timestamp ties"
2018,SP,mogi-guacu,4,7,3,75.0,,"monthly distinct customer_unique_id; city/state on earliest delivered-order purchase timestamp, order_id ascending for timestamp ties"
2018,SP,piedade,0,3,3,,,"monthly distinct customer_unique_id; city/state on earliest delivered-order purchase timestamp, order_id ascending for timestamp ties"
2018,SP,presidente epitacio,1,4,3,300.0,,"monthly distinct customer_unique_id; city/state on earliest delivered-order purchase timestamp, order_id ascending for timestamp ties"
2018,SP,registro,2,5,3,150.0,,"monthly distinct customer_unique_id; city/state on earliest delivered-order purchase timestamp, order_id ascending for timestamp ties"
2018,SP,ribeirao pires,4,7,3,75.0,,"monthly distinct customer_unique_id; city/state on earliest delivered-order purchase timestamp, order_id ascending for timestamp ties"
2018,SP,cachoeira paulista,0,4,4,,,"monthly distinct customer_unique_id; city/state on earliest delivered-order purchase timestamp, order_id ascending for timestamp ties"
2018,SP,garca,1,5,4,400.0,,"monthly distinct customer_unique_id; city/state on earliest delivered-order purchase timestamp, order_id ascending for timestamp ties"
2018,SP,itapolis,1,5,4,400.0,,"monthly distinct customer_unique_id; city/state on earliest delivered-order purchase timestamp, order_id ascending for timestamp ties"
2018,SP,praia grande,19,23,4,21.052631578947366,,"monthly distinct customer_unique_id; city/state on earliest delivered-order purchase timestamp, order_id ascending for timestamp ties"
2018,SP,taquaritinga,0,4,4,,,"monthly distinct customer_unique_id; city/state on earliest delivered-order purchase timestamp, order_id ascending for timestamp ties"
2018,SP,vargem grande paulista,2,6,4,200.0,,"monthly distinct customer_unique_id; city/state on earliest delivered-order purchase timestamp, order_id ascending for timestamp ties"
2018,SP,taubate,18,23,5,27.77777777777778,,"monthly distinct customer_unique_id; city/state on earliest delivered-order purchase timestamp, order_id ascending for timestamp ties"
2018,SP,artur nogueira,1,7,6,600.0,,"monthly distinct customer_unique_id; city/state on earliest delivered-order purchase timestamp, order_id ascending for timestamp ties"
2018,SP,franco da rocha,4,10,6,150.0,,"monthly distinct customer_unique_id; city/state on earliest delivered-order purchase timestamp, order_id ascending for timestamp ties"
2018,SP,jau,2,8,6,300.0,,"monthly distinct customer_unique_id; city/state on earliest delivered-order purchase timestamp, order_id ascending for timestamp ties"
2018,SP,ribeirao preto,33,39,6,18.181818181818183,,"monthly distinct customer_unique_id; city/state on earliest delivered-order purchase timestamp, order_id ascending for timestamp ties"
2018,SP,limeira,9,16,7,77.77777777777779,,"monthly distinct customer_unique_id; city/state on earliest delivered-order purchase timestamp, order_id ascending for timestamp ties"
2018,SP,botucatu,3,11,8,266.66666666666663,,"monthly distinct customer_unique_id; city/state on earliest delivered-order purchase timestamp, order_id ascending for timestamp ties"
2018,SP,campinas,100,110,10,10.0,,"monthly distinct customer_unique_id; city/state on earliest delivered-order purchase timestamp, order_id ascending for timestamp ties"
2018,SP,bauru,14,25,11,78.57142857142857,,"monthly distinct customer_unique_id; city/state on earliest delivered-order purchase timestamp, order_id ascending for timestamp ties"
2018,RJ,rio de janeiro,414,352,-62,-14.975845410628018,1,"monthly distinct customer_unique_id; city/state on earliest delivered-order purchase timestamp, order_id ascending for timestamp ties"
2018,RJ,sao goncalo,35,23,-12,-34.285714285714285,2,"monthly distinct customer_unique_id; city/state on earliest delivered-order purchase timestamp, order_id ascending for timestamp ties"
2018,RJ,niteroi,63,54,-9,-14.285714285714285,3,"monthly distinct customer_unique_id; city/state on earliest delivered-order purchase timestamp, order_id ascending for timestamp ties"
2018,RJ,araruama,8,1,-7,-87.5,4,"monthly distinct customer_unique_id; city/state on earliest delivered-order purchase timestamp, order_id ascending for timestamp ties"
2018,RJ,nova friburgo,11,5,-6,-54.54545454545454,5,"monthly distinct customer_unique_id; city/state on earliest delivered-order purchase timestamp, order_id ascending for timestamp ties"
2018,RJ,itaguai,8,3,-5,-62.5,6,"monthly distinct customer_unique_id; city/state on earliest delivered-order purchase timestamp, order_id ascending for timestamp ties"
2018,RJ,barra mansa,11,7,-4,-36.36363636363637,7,"monthly distinct customer_unique_id; city/state on earliest delivered-order purchase timestamp, order_id ascending for timestamp ties"
2018,RJ,cabo frio,7,3,-4,-57.14285714285714,8,"monthly distinct customer_unique_id; city/state on earliest delivered-order purchase timestamp, order_id ascending for timestamp ties"
2018,RJ,campos dos goytacazes,19,15,-4,-21.052631578947366,9,"monthly distinct customer_unique_id; city/state on earliest delivered-order purchase timestamp, order_id ascending for timestamp ties"
2018,RJ,angra dos reis,7,4,-3,-42.857142857142854,10,"monthly distinct customer_unique_id; city/state on earliest delivered-order purchase timestamp, order_id ascending for timestamp ties"
2018,RJ,macae,18,15,-3,-16.666666666666664,11,"monthly distinct customer_unique_id; city/state on earliest delivered-order purchase timestamp, order_id ascending for timestamp ties"
2018,RJ,sao fidelis,4,1,-3,-75.0,12,"monthly distinct customer_unique_id; city/state on earliest delivered-order purchase timestamp, order_id ascending for timestamp ties"
2018,RJ,seropedica,6,3,-3,-50.0,13,"monthly distinct customer_unique_id; city/state on earliest delivered-order purchase timestamp, order_id ascending for timestamp ties"
2018,RJ,vassouras,4,1,-3,-75.0,14,"monthly distinct customer_unique_id; city/state on earliest delivered-order purchase timestamp, order_id ascending for timestamp ties"
2018,RJ,volta redonda,13,10,-3,-23.076923076923077,15,"monthly distinct customer_unique_id; city/state on earliest delivered-order purchase timestamp, order_id ascending for timestamp ties"
2018,RJ,armacao dos buzios,4,2,-2,-50.0,16,"monthly distinct customer_unique_id; city/state on earliest delivered-order purchase timestamp, order_id ascending for timestamp ties"
2018,RJ,cordeiro,4,2,-2,-50.0,17,"monthly distinct customer_unique_id; city/state on earliest delivered-order purchase timestamp, order_id ascending for timestamp ties"
2018,RJ,mage,8,6,-2,-25.0,18,"monthly distinct customer_unique_id; city/state on earliest delivered-order purchase timestamp, order_id ascending for timestamp ties"
2018,RJ,mesquita,8,6,-2,-25.0,19,"monthly distinct customer_unique_id; city/state on earliest delivered-order purchase timestamp, order_id ascending for timestamp ties"
2018,RJ,paraty,2,0,-2,-100.0,20,"monthly distinct customer_unique_id; city/state on earliest delivered-order purchase timestamp, order_id ascending for timestamp ties"
2018,RJ,tocos,2,0,-2,-100.0,21,"monthly distinct customer_unique_id; city/state on earliest delivered-order purchase timestamp, order_id ascending for timestamp ties"
2018,RJ,anta,1,0,-1,-100.0,22,"monthly distinct customer_unique_id; city/state on earliest delivered-order purchase timestamp, order_id ascending for timestamp ties"
2018,RJ,arraial do cabo,2,1,-1,-50.0,23,"monthly distinct customer_unique_id; city/state on earliest delivered-order purchase timestamp, order_id ascending for timestamp ties"
2018,RJ,barra do pirai,1,0,-1,-100.0,24,"monthly distinct customer_unique_id; city/state on earliest delivered-order purchase timestamp, order_id ascending for timestamp ties"
2018,RJ,bom jesus do itabapoana,2,1,-1,-50.0,25,"monthly distinct customer_unique_id; city/state on earliest delivered-order purchase timestamp, order_id ascending for timestamp ties"
2018,RJ,cardoso moreira,1,0,-1,-100.0,26,"monthly distinct customer_unique_id; city/state on earliest delivered-order purchase timestamp, order_id ascending for timestamp ties"
2018,RJ,conservatoria,1,0,-1,-100.0,27,"monthly distinct customer_unique_id; city/state on earliest delivered-order purchase timestamp, order_id ascending for timestamp ties"
2018,RJ,iguaba grande,1,0,-1,-100.0,28,"monthly distinct customer_unique_id; city/state on earliest delivered-order purchase timestamp, order_id ascending for timestamp ties"
2018,RJ,italva,1,0,-1,-100.0,29,"monthly distinct customer_unique_id; city/state on earliest delivered-order purchase timestamp, order_id ascending for timestamp ties"
2018,RJ,itaocara,2,1,-1,-50.0,30,"monthly distinct customer_unique_id; city/state on earliest delivered-order purchase timestamp, order_id ascending for timestamp ties"
2018,RJ,itatiaia,2,1,-1,-50.0,31,"monthly distinct customer_unique_id; city/state on earliest delivered-order purchase timestamp, order_id ascending for timestamp ties"
2018,RJ,mangaratiba,1,0,-1,-100.0,32,"monthly distinct customer_unique_id; city/state on earliest delivered-order purchase timestamp, order_id ascending for timestamp ties"
2018,RJ,miguel pereira,1,0,-1,-100.0,33,"monthly distinct customer_unique_id; city/state on earliest delivered-order purchase timestamp, order_id ascending for timestamp ties"
2018,RJ,miracema,1,0,-1,-100.0,34,"monthly distinct customer_unique_id; city/state on earliest delivered-order purchase timestamp, order_id ascending for timestamp ties"
2018,RJ,rio bonito,2,1,-1,-50.0,35,"monthly distinct customer_unique_id; city/state on earliest delivered-order purchase timestamp, order_id ascending for timestamp ties"
2018,RJ,sao sebastiao do alto,1,0,-1,-100.0,36,"monthly distinct customer_unique_id; city/state on earliest delivered-order purchase timestamp, order_id ascending for timestamp ties"
2018,RJ,sumidouro,1,0,-1,-100.0,37,"monthly distinct customer_unique_id; city/state on earliest delivered-order purchase timestamp, order_id ascending for timestamp ties"
2018,RJ,travessao,1,0,-1,-100.0,38,"monthly distinct customer_unique_id; city/state on earliest delivered-order purchase timestamp, order_id ascending for timestamp ties"
2018,RJ,valenca,1,0,-1,-100.0,39,"monthly distinct customer_unique_id; city/state on earliest delivered-order purchase timestamp, order_id ascending for timestamp ties"
2018,RJ,areal,1,1,0,0.0,,"monthly distinct customer_unique_id; city/state on earliest delivered-order purchase timestamp, order_id ascending for timestamp ties"
2018,RJ,barra de sao joao,1,1,0,0.0,,"monthly distinct customer_unique_id; city/state on earliest delivered-order purchase timestamp, order_id ascending for timestamp ties"
2018,RJ,cantagalo,1,1,0,0.0,,"monthly distinct customer_unique_id; city/state on earliest delivered-order purchase timestamp, order_id ascending for timestamp ties"
2018,RJ,carmo,1,1,0,0.0,,"monthly distinct customer_unique_id; city/state on earliest delivered-order purchase timestamp, order_id ascending for timestamp ties"
2018,RJ,mendes,1,1,0,0.0,,"monthly distinct customer_unique_id; city/state on earliest delivered-order purchase timestamp, order_id ascending for timestamp ties"
2018,RJ,nilopolis,8,8,0,0.0,,"monthly distinct customer_unique_id; city/state on earliest delivered-order purchase timestamp, order_id ascending for timestamp ties"
2018,RJ,tres rios,4,4,0,0.0,,"monthly distinct customer_unique_id; city/state on earliest delivered-order purchase timestamp, order_id ascending for timestamp ties"
2018,RJ,aperibe,0,1,1,,,"monthly distinct customer_unique_id; city/state on earliest delivered-order purchase timestamp, order_id ascending for timestamp ties"
2018,RJ,cachoeiras de macacu,1,2,1,100.0,,"monthly distinct customer_unique_id; city/state on earliest delivered-order purchase timestamp, order_id ascending for timestamp ties"
2018,RJ,cambuci,0,1,1,,,"monthly distinct customer_unique_id; city/state on earliest delivered-order purchase timestamp, order_id ascending for timestamp ties"
2018,RJ,engenheiro paulo de frontin,0,1,1,,,"monthly distinct customer_unique_id; city/state on earliest delivered-order purchase timestamp, order_id ascending for timestamp ties"
2018,RJ,guapimirim,0,1,1,,,"monthly distinct customer_unique_id; city/state on earliest delivered-order purchase timestamp, order_id ascending for timestamp ties"
2018,RJ,ibitioca,0,1,1,,,"monthly distinct customer_unique_id; city/state on earliest delivered-order purchase timestamp, order_id ascending for timestamp ties"
2018,RJ,ipiabas,0,1,1,,,"monthly distinct customer_unique_id; city/state on earliest delivered-order purchase timestamp, order_id ascending for timestamp ties"
2018,RJ,itaperuna,3,4,1,33.33333333333333,,"monthly distinct customer_unique_id; city/state on earliest delivered-order purchase timestamp, order_id ascending for timestamp ties"
2018,RJ,japeri,1,2,1,100.0,,"monthly distinct customer_unique_id; city/state on earliest delivered-order purchase timestamp, order_id ascending for timestamp ties"
2018,RJ,nova iguacu,28,29,1,3.571428571428571,,"monthly distinct customer_unique_id; city/state on earliest delivered-order purchase timestamp, order_id ascending for timestamp ties"
2018,RJ,papucaia,0,1,1,,,"monthly distinct customer_unique_id; city/state on earliest delivered-order purchase timestamp, order_id ascending for timestamp ties"
2018,RJ,paracambi,1,2,1,100.0,,"monthly distinct customer_unique_id; city/state on earliest delivered-order purchase timestamp, order_id ascending for timestamp ties"
2018,RJ,paraiba do sul,1,2,1,100.0,,"monthly distinct customer_unique_id; city/state on earliest delivered-order purchase timestamp, order_id ascending for timestamp ties"
2018,RJ,petropolis,13,14,1,7.6923076923076925,,"monthly distinct customer_unique_id; city/state on earliest delivered-order purchase timestamp, order_id ascending for timestamp ties"
2018,RJ,porciuncula,1,2,1,100.0,,"monthly distinct customer_unique_id; city/state on earliest delivered-order purchase timestamp, order_id ascending for timestamp ties"
2018,RJ,quatis,0,1,1,,,"monthly distinct customer_unique_id; city/state on earliest delivered-order purchase timestamp, order_id ascending for timestamp ties"
2018,RJ,resende,4,5,1,25.0,,"monthly distinct customer_unique_id; city/state on earliest delivered-order purchase timestamp, order_id ascending for timestamp ties"
2018,RJ,santa maria madalena,0,1,1,,,"monthly distinct customer_unique_id; city/state on earliest delivered-order purchase timestamp, order_id ascending for timestamp ties"
2018,RJ,santo antonio de padua,0,1,1,,,"monthly distinct customer_unique_id; city/state on earliest delivered-order purchase timestamp, order_id ascending for timestamp ties"
2018,RJ,sao francisco de itabapoana,3,4,1,33.33333333333333,,"monthly distinct customer_unique_id; city/state on earliest delivered-order purchase timestamp, order_id ascending for timestamp ties"
2018,RJ,sao jose do vale do rio preto,0,1,1,,,"monthly distinct customer_unique_id; city/state on earliest delivered-order purchase timestamp, order_id ascending for timestamp ties"
2018,RJ,saquarema,3,4,1,33.33333333333333,,"monthly distinct customer_unique_id; city/state on earliest delivered-order purchase timestamp, order_id ascending for timestamp ties"
2018,RJ,teresopolis,7,8,1,14.285714285714285,,"monthly distinct customer_unique_id; city/state on earliest delivered-order purchase timestamp, order_id ascending for timestamp ties"
2018,RJ,varre-sai,0,1,1,,,"monthly distinct customer_unique_id; city/state on earliest delivered-order purchase timestamp, order_id ascending for timestamp ties"
2018,RJ,vila muriqui,1,2,1,100.0,,"monthly distinct customer_unique_id; city/state on earliest delivered-order purchase timestamp, order_id ascending for timestamp ties"
2018,RJ,belford roxo,4,6,2,50.0,,"monthly distinct customer_unique_id; city/state on earliest delivered-order purchase timestamp, order_id ascending for timestamp ties"
2018,RJ,casimiro de abreu,0,2,2,,,"monthly distinct customer_unique_id; city/state on earliest delivered-order purchase timestamp, order_id ascending for timestamp ties"
2018,RJ,duque de caxias,16,18,2,12.5,,"monthly distinct customer_unique_id; city/state on earliest delivered-order purchase timestamp, order_id ascending for timestamp ties"
2018,RJ,goitacazes,0,2,2,,,"monthly distinct customer_unique_id; city/state on earliest delivered-order purchase timestamp, order_id ascending for timestamp ties"
2018,RJ,marica,7,9,2,28.57142857142857,,"monthly distinct customer_unique_id; city/state on earliest delivered-order purchase timestamp, order_id ascending for timestamp ties"
2018,RJ,sao joao da barra,0,2,2,,,"monthly distinct customer_unique_id; city/state on earliest delivered-order purchase timestamp, order_id ascending for timestamp ties"
2018,RJ,itaborai,1,4,3,300.0,,"monthly distinct customer_unique_id; city/state on earliest delivered-order purchase timestamp, order_id ascending for timestamp ties"
2018,RJ,queimados,3,6,3,100.0,,"monthly distinct customer_unique_id; city/state on earliest delivered-order purchase timestamp, order_id ascending for timestamp ties"
2018,RJ,sao joao de meriti,8,11,3,37.5,,"monthly distinct customer_unique_id; city/state on earliest delivered-order purchase timestamp, order_id ascending for timestamp ties"
2018,RJ,sao pedro da aldeia,0,4,4,,,"monthly distinct customer_unique_id; city/state on earliest delivered-order purchase timestamp, order_id ascending for timestamp ties"
2018,RJ,rio das ostras,6,12,6,100.0,,"monthly distinct customer_unique_id; city/state on earliest delivered-order purchase timestamp, order_id ascending for timestamp ties"
2018,RS,porto alegre,82,65,-17,-20.73170731707317,1,"monthly distinct customer_unique_id; city/state on earliest delivered-order purchase timestamp, order_id ascending for timestamp ties"
2018,RS,pelotas,20,11,-9,-45.0,2,"monthly distinct customer_unique_id; city/state on earliest delivered-order purchase timestamp, order_id ascending for timestamp ties"
2018,RS,caxias do sul,16,10,-6,-37.5,3,"monthly distinct customer_unique_id; city/state on earliest delivered-order purchase timestamp, order_id ascending for timestamp ties"
2018,RS,bento goncalves,5,1,-4,-80.0,4,"monthly distinct customer_unique_id; city/state on earliest delivered-order purchase timestamp, order_id ascending for timestamp ties"
2018,RS,cachoeira do sul,4,0,-4,-100.0,5,"monthly distinct customer_unique_id; city/state on earliest delivered-order purchase timestamp, order_id ascending for timestamp ties"
2018,RS,ijui,6,2,-4,-66.66666666666666,6,"monthly distinct customer_unique_id; city/state on earliest delivered-order purchase timestamp, order_id ascending for timestamp ties"
2018,RS,sapiranga,5,1,-4,-80.0,7,"monthly distinct customer_unique_id; city/state on earliest delivered-order purchase timestamp, order_id ascending for timestamp ties"
2018,RS,gramado,3,0,-3,-100.0,8,"monthly distinct customer_unique_id; city/state on earliest delivered-order purchase timestamp, order_id ascending for timestamp ties"
2018,RS,novo hamburgo,9,6,-3,-33.33333333333333,9,"monthly distinct customer_unique_id; city/state on earliest delivered-order purchase timestamp, order_id ascending for timestamp ties"
2018,RS,rio grande,10,7,-3,-30.0,10,"monthly distinct customer_unique_id; city/state on earliest delivered-order purchase timestamp, order_id ascending for timestamp ties"
2018,RS,santa rosa,3,0,-3,-100.0,11,"monthly distinct customer_unique_id; city/state on earliest delivered-order purchase timestamp, order_id ascending for timestamp ties"
2018,RS,santana do livramento,4,1,-3,-75.0,12,"monthly distinct customer_unique_id; city/state on earliest delivered-order purchase timestamp, order_id ascending for timestamp ties"
2018,RS,sao leopoldo,7,4,-3,-42.857142857142854,13,"monthly distinct customer_unique_id; city/state on earliest delivered-order purchase timestamp, order_id ascending for timestamp ties"
2018,RS,ajuricaba,2,0,-2,-100.0,14,"monthly distinct customer_unique_id; city/state on earliest delivered-order purchase timestamp, order_id ascending for timestamp ties"
2018,RS,arroio dos ratos,2,0,-2,-100.0,15,"monthly distinct customer_unique_id; city/state on earliest delivered-order purchase timestamp, order_id ascending for timestamp ties"
2018,RS,arroio grande,2,0,-2,-100.0,16,"monthly distinct customer_unique_id; city/state on earliest delivered-order purchase timestamp, order_id ascending for timestamp ties"
2018,RS,capao da canoa,3,1,-2,-66.66666666666666,17,"monthly distinct customer_unique_id; city/state on earliest delivered-order purchase timestamp, order_id ascending for timestamp ties"
2018,RS,charqueadas,2,0,-2,-100.0,18,"monthly distinct customer_unique_id; city/state on earliest delivered-order purchase timestamp, order_id ascending for timestamp ties"
2018,RS,garibaldi,2,0,-2,-100.0,19,"monthly distinct customer_unique_id; city/state on earliest delivered-order purchase timestamp, order_id ascending for timestamp ties"
2018,RS,imbe,2,0,-2,-100.0,20,"monthly distinct customer_unique_id; city/state on earliest delivered-order purchase timestamp, order_id ascending for timestamp ties"
2018,RS,lajeado,6,4,-2,-33.33333333333333,21,"monthly distinct customer_unique_id; city/state on earliest delivered-order purchase timestamp, order_id ascending for timestamp ties"
2018,RS,rolante,3,1,-2,-66.66666666666666,22,"monthly distinct customer_unique_id; city/state on earliest delivered-order purchase timestamp, order_id ascending for timestamp ties"
2018,RS,ronda alta,2,0,-2,-100.0,23,"monthly distinct customer_unique_id; city/state on earliest delivered-order purchase timestamp, order_id ascending for timestamp ties"
2018,RS,sananduva,2,0,-2,-100.0,24,"monthly distinct customer_unique_id; city/state on earliest delivered-order purchase timestamp, order_id ascending for timestamp ties"
2018,RS,sao marcos,2,0,-2,-100.0,25,"monthly distinct customer_unique_id; city/state on earliest delivered-order purchase timestamp, order_id ascending for timestamp ties"
2018,RS,teutonia,2,0,-2,-100.0,26,"monthly distinct customer_unique_id; city/state on earliest delivered-order purchase timestamp, order_id ascending for timestamp ties"
2018,RS,uruguaiana,3,1,-2,-66.66666666666666,27,"monthly distinct customer_unique_id; city/state on earliest delivered-order purchase timestamp, order_id ascending for timestamp ties"
2018,RS,alvorada,3,2,-1,-33.33333333333333,28,"monthly distinct customer_unique_id; city/state on earliest delivered-order purchase timestamp, order_id ascending for timestamp ties"
2018,RS,cacapava do sul,1,0,-1,-100.0,29,"monthly distinct customer_unique_id; city/state on earliest delivered-order purchase timestamp, order_id ascending for timestamp ties"
2018,RS,cacequi,1,0,-1,-100.0,30,"monthly distinct customer_unique_id; city/state on earliest delivered-order purchase timestamp, order_id ascending for timestamp ties"
2018,RS,campos borges,1,0,-1,-100.0,31,"monthly distinct customer_unique_id; city/state on earliest delivered-order purchase timestamp, order_id ascending for timestamp ties"
2018,RS,candido godoi,1,0,-1,-100.0,32,"monthly distinct customer_unique_id; city/state on earliest delivered-order purchase timestamp, order_id ascending for timestamp ties"
2018,RS,canoas,15,14,-1,-6.666666666666667,33,"monthly distinct customer_unique_id; city/state on earliest delivered-order purchase timestamp, order_id ascending for timestamp ties"
2018,RS,carazinho,3,2,-1,-33.33333333333333,34,"monthly distinct customer_unique_id; city/state on earliest delivered-order purchase timestamp, order_id ascending for timestamp ties"
2018,RS,carlos barbosa,1,0,-1,-100.0,35,"monthly distinct customer_unique_id; city/state on earliest delivered-order purchase timestamp, order_id ascending for timestamp ties"
2018,RS,cruzeiro do sul,1,0,-1,-100.0,36,"monthly distinct customer_unique_id; city/state on earliest delivered-order purchase timestamp, order_id ascending for timestamp ties"
2018,RS,david canabarro,1,0,-1,-100.0,37,"monthly distinct customer_unique_id; city/state on earliest delivered-order purchase timestamp, order_id ascending for timestamp ties"
2018,RS,eldorado do sul,1,0,-1,-100.0,38,"monthly distinct customer_unique_id; city/state on earliest delivered-order purchase timestamp, order_id ascending for timestamp ties"
2018,RS,entre-ijuis,1,0,-1,-100.0,39,"monthly distinct customer_unique_id; city/state on earliest delivered-order purchase timestamp, order_id ascending for timestamp ties"
2018,RS,eugenio de castro,1,0,-1,-100.0,40,"monthly distinct customer_unique_id; city/state on earliest delivered-order purchase timestamp, order_id ascending for timestamp ties"
2018,RS,farroupilha,2,1,-1,-50.0,41,"monthly distinct customer_unique_id; city/state on earliest delivered-order purchase timestamp, order_id ascending for timestamp ties"
2018,RS,feliz,1,0,-1,-100.0,42,"monthly distinct customer_unique_id; city/state on earliest delivered-order purchase timestamp, order_id ascending for timestamp ties"
2018,RS,guabiju,1,0,-1,-100.0,43,"monthly distinct customer_unique_id; city/state on earliest delivered-order purchase timestamp, order_id ascending for timestamp ties"
2018,RS,hulha negra,1,0,-1,-100.0,44,"monthly distinct customer_unique_id; city/state on earliest delivered-order purchase timestamp, order_id ascending for timestamp ties"
2018,RS,ivoti,1,0,-1,-100.0,45,"monthly distinct customer_unique_id; city/state on earliest delivered-order purchase timestamp, order_id ascending for timestamp ties"
2018,RS,julio de castilhos,1,0,-1,-100.0,46,"monthly distinct customer_unique_id; city/state on earliest delivered-order purchase timestamp, order_id ascending for timestamp ties"
2018,RS,montenegro,1,0,-1,-100.0,47,"monthly distinct customer_unique_id; city/state on earliest delivered-order purchase timestamp, order_id ascending for timestamp ties"
2018,RS,nova esperanca do sul,1,0,-1,-100.0,48,"monthly distinct customer_unique_id; city/state on earliest delivered-order purchase timestamp, order_id ascending for timestamp ties"
2018,RS,nova prata,2,1,-1,-50.0,49,"monthly distinct customer_unique_id; city/state on earliest delivered-order purchase timestamp, order_id ascending for timestamp ties"
2018,RS,porto xavier,1,0,-1,-100.0,50,"monthly distinct customer_unique_id; city/state on earliest delivered-order purchase timestamp, order_id ascending for timestamp ties"
2018,RS,roca sales,1,0,-1,-100.0,51,"monthly distinct customer_unique_id; city/state on earliest delivered-order purchase timestamp, order_id ascending for timestamp ties"
2018,RS,santa cruz do sul,3,2,-1,-33.33333333333333,52,"monthly distinct customer_unique_id; city/state on earliest delivered-order purchase timestamp, order_id ascending for timestamp ties"
2018,RS,santa vitoria do palmar,1,0,-1,-100.0,53,"monthly distinct customer_unique_id; city/state on earliest delivered-order purchase timestamp, order_id ascending for timestamp ties"
2018,RS,santo cristo,1,0,-1,-100.0,54,"monthly distinct customer_unique_id; city/state on earliest delivered-order purchase timestamp, order_id ascending for timestamp ties"
2018,RS,santo expedito do sul,1,0,-1,-100.0,55,"monthly distinct customer_unique_id; city/state on earliest delivered-order purchase timestamp, order_id ascending for timestamp ties"
2018,RS,sao francisco de paula,1,0,-1,-100.0,56,"monthly distinct customer_unique_id; city/state on earliest delivered-order purchase timestamp, order_id ascending for timestamp ties"
2018,RS,sao jorge,1,0,-1,-100.0,57,"monthly distinct customer_unique_id; city/state on earliest delivered-order purchase timestamp, order_id ascending for timestamp ties"
2018,RS,sao jose do inhacora,1,0,-1,-100.0,58,"monthly distinct customer_unique_id; city/state on earliest delivered-order purchase timestamp, order_id ascending for timestamp ties"
2018,RS,sao pedro do butia,1,0,-1,-100.0,59,"monthly distinct customer_unique_id; city/state on earliest delivered-order purchase timestamp, order_id ascending for timestamp ties"
2018,RS,sao sebastiao do cai,1,0,-1,-100.0,60,"monthly distinct customer_unique_id; city/state on earliest delivered-order purchase timestamp, order_id ascending for timestamp ties"
2018,RS,soledade,1,0,-1,-100.0,61,"monthly distinct customer_unique_id; city/state on earliest delivered-order purchase timestamp, order_id ascending for timestamp ties"
2018,RS,tramandai,2,1,-1,-50.0,62,"monthly distinct customer_unique_id; city/state on earliest delivered-order purchase timestamp, order_id ascending for timestamp ties"
2018,RS,tres coroas,1,0,-1,-100.0,63,"monthly distinct customer_unique_id; city/state on earliest delivered-order purchase timestamp, order_id ascending for timestamp ties"
2018,RS,veranopolis,1,0,-1,-100.0,64,"monthly distinct customer_unique_id; city/state on earliest delivered-order purchase timestamp, order_id ascending for timestamp ties"
2018,RS,victor graeff,1,0,-1,-100.0,65,"monthly distinct customer_unique_id; city/state on earliest delivered-order purchase timestamp, order_id ascending for timestamp ties"
2018,RS,alegrete,3,3,0,0.0,,"monthly distinct customer_unique_id; city/state on earliest delivered-order purchase timestamp, order_id ascending for timestamp ties"
2018,RS,bage,4,4,0,0.0,,"monthly distinct customer_unique_id; city/state on earliest delivered-order purchase timestamp, order_id ascending for timestamp ties"
2018,RS,cachoeirinha,6,6,0,0.0,,"monthly distinct customer_unique_id; city/state on earliest delivered-order purchase timestamp, order_id ascending for timestamp ties"
2018,RS,camaqua,1,1,0,0.0,,"monthly distinct customer_unique_id; city/state on earliest delivered-order purchase timestamp, order_id ascending for timestamp ties"
2018,RS,canela,1,1,0,0.0,,"monthly distinct customer_unique_id; city/state on earliest delivered-order purchase timestamp, order_id ascending for timestamp ties"
2018,RS,casca,1,1,0,0.0,,"monthly distinct customer_unique_id; city/state on earliest delivered-order purchase timestamp, order_id ascending for timestamp ties"
2018,RS,cruz alta,2,2,0,0.0,,"monthly distinct customer_unique_id; city/state on earliest delivered-order purchase timestamp, order_id ascending for timestamp ties"
2018,RS,dois irmaos,2,2,0,0.0,,"monthly distinct customer_unique_id; city/state on earliest delivered-order purchase timestamp, order_id ascending for timestamp ties"
2018,RS,erechim,4,4,0,0.0,,"monthly distinct customer_unique_id; city/state on earliest delivered-order purchase timestamp, order_id ascending for timestamp ties"
2018,RS,estancia velha,1,1,0,0.0,,"monthly distinct customer_unique_id; city/state on earliest delivered-order purchase timestamp, order_id ascending for timestamp ties"
2018,RS,frederico westphalen,1,1,0,0.0,,"monthly distinct customer_unique_id; city/state on earliest delivered-order purchase timestamp, order_id ascending for timestamp ties"
2018,RS,getulio vargas,1,1,0,0.0,,"monthly distinct customer_unique_id; city/state on earliest delivered-order purchase timestamp, order_id ascending for timestamp ties"
2018,RS,panambi,1,1,0,0.0,,"monthly distinct customer_unique_id; city/state on earliest delivered-order purchase timestamp, order_id ascending for timestamp ties"
2018,RS,rosario do sul,1,1,0,0.0,,"monthly distinct customer_unique_id; city/state on earliest delivered-order purchase timestamp, order_id ascending for timestamp ties"
2018,RS,santiago,3,3,0,0.0,,"monthly distinct customer_unique_id; city/state on earliest delivered-order purchase timestamp, order_id ascending for timestamp ties"
2018,RS,santo angelo,2,2,0,0.0,,"monthly distinct customer_unique_id; city/state on earliest delivered-order purchase timestamp, order_id ascending for timestamp ties"
2018,RS,sao borja,1,1,0,0.0,,"monthly distinct customer_unique_id; city/state on earliest delivered-order purchase timestamp, order_id ascending for timestamp ties"
2018,RS,sao gabriel,2,2,0,0.0,,"monthly distinct customer_unique_id; city/state on earliest delivered-order purchase timestamp, order_id ascending for timestamp ties"
2018,RS,sao lourenco do sul,1,1,0,0.0,,"monthly distinct customer_unique_id; city/state on earliest delivered-order purchase timestamp, order_id ascending for timestamp ties"
2018,RS,sapucaia do sul,1,1,0,0.0,,"monthly distinct customer_unique_id; city/state on earliest delivered-order purchase timestamp, order_id ascending for timestamp ties"
2018,RS,tapejara,1,1,0,0.0,,"monthly distinct customer_unique_id; city/state on earliest delivered-order purchase timestamp, order_id ascending for timestamp ties"
2018,RS,taquara,1,1,0,0.0,,"monthly distinct customer_unique_id; city/state on earliest delivered-order purchase timestamp, order_id ascending for timestamp ties"
2018,RS,taquari,2,2,0,0.0,,"monthly distinct customer_unique_id; city/state on earliest delivered-order purchase timestamp, order_id ascending for timestamp ties"
2018,RS,trindade do sul,1,1,0,0.0,,"monthly distinct customer_unique_id; city/state on earliest delivered-order purchase timestamp, order_id ascending for timestamp ties"
2018,RS,acegua,0,1,1,,,"monthly distinct customer_unique_id; city/state on earliest delivered-order purchase timestamp, order_id ascending for timestamp ties"
2018,RS,ararica,0,1,1,,,"monthly distinct customer_unique_id; city/state on earliest delivered-order purchase timestamp, order_id ascending for timestamp ties"
2018,RS,arroio do sal,0,1,1,,,"monthly distinct customer_unique_id; city/state on earliest delivered-order purchase timestamp, order_id ascending for timestamp ties"
2018,RS,aurea,0,1,1,,,"monthly distinct customer_unique_id; city/state on earliest delivered-order purchase timestamp, order_id ascending for timestamp ties"
2018,RS,barracao,0,1,1,,,"monthly distinct customer_unique_id; city/state on earliest delivered-order purchase timestamp, order_id ascending for timestamp ties"
2018,RS,butia,0,1,1,,,"monthly distinct customer_unique_id; city/state on earliest delivered-order purchase timestamp, order_id ascending for timestamp ties"
2018,RS,caibate,0,1,1,,,"monthly distinct customer_unique_id; city/state on earliest delivered-order purchase timestamp, order_id ascending for timestamp ties"
2018,RS,cangucu,0,1,1,,,"monthly distinct customer_unique_id; city/state on earliest delivered-order purchase timestamp, order_id ascending for timestamp ties"
2018,RS,colorado,0,1,1,,,"monthly distinct customer_unique_id; city/state on earliest delivered-order purchase timestamp, order_id ascending for timestamp ties"
2018,RS,coqueiro baixo,0,1,1,,,"monthly distinct customer_unique_id; city/state on earliest delivered-order purchase timestamp, order_id ascending for timestamp ties"
2018,RS,coxilha,0,1,1,,,"monthly distinct customer_unique_id; city/state on earliest delivered-order purchase timestamp, order_id ascending for timestamp ties"
2018,RS,dom pedrito,0,1,1,,,"monthly distinct customer_unique_id; city/state on earliest delivered-order purchase timestamp, order_id ascending for timestamp ties"
2018,RS,encantado,0,1,1,,,"monthly distinct customer_unique_id; city/state on earliest delivered-order purchase timestamp, order_id ascending for timestamp ties"
2018,RS,espumoso,0,1,1,,,"monthly distinct customer_unique_id; city/state on earliest delivered-order purchase timestamp, order_id ascending for timestamp ties"
2018,RS,estacao,0,1,1,,,"monthly distinct customer_unique_id; city/state on earliest delivered-order purchase timestamp, order_id ascending for timestamp ties"
2018,RS,estrela,0,1,1,,,"monthly distinct customer_unique_id; city/state on earliest delivered-order purchase timestamp, order_id ascending for timestamp ties"
2018,RS,gaurama,0,1,1,,,"monthly distinct customer_unique_id; city/state on earliest delivered-order purchase timestamp, order_id ascending for timestamp ties"
2018,RS,guarani das missoes,0,1,1,,,"monthly distinct customer_unique_id; city/state on earliest delivered-order purchase timestamp, order_id ascending for timestamp ties"
2018,RS,imigrante,0,1,1,,,"monthly distinct customer_unique_id; city/state on earliest delivered-order purchase timestamp, order_id ascending for timestamp ties"
2018,RS,ipe,0,1,1,,,"monthly distinct customer_unique_id; city/state on earliest delivered-order purchase timestamp, order_id ascending for timestamp ties"
2018,RS,ipiranga,0,1,1,,,"monthly distinct customer_unique_id; city/state on earliest delivered-order purchase timestamp, order_id ascending for timestamp ties"
2018,RS,jaguari,0,1,1,,,"monthly distinct customer_unique_id; city/state on earliest delivered-order purchase timestamp, order_id ascending for timestamp ties"
2018,RS,liberato salzano,0,1,1,,,"monthly distinct customer_unique_id; city/state on earliest delivered-order purchase timestamp, order_id ascending for timestamp ties"
2018,RS,maquine,0,1,1,,,"monthly distinct customer_unique_id; city/state on earliest delivered-order purchase timestamp, order_id ascending for timestamp ties"
2018,RS,morro reuter,0,1,1,,,"monthly distinct customer_unique_id; city/state on earliest delivered-order purchase timestamp, order_id ascending for timestamp ties"
2018,RS,osorio,4,5,1,25.0,,"monthly distinct customer_unique_id; city/state on earliest delivered-order purchase timestamp, order_id ascending for timestamp ties"
2018,RS,palmeira das missoes,0,1,1,,,"monthly distinct customer_unique_id; city/state on earliest delivered-order purchase timestamp, order_id ascending for timestamp ties"
2018,RS,paraiso do sul,0,1,1,,,"monthly distinct customer_unique_id; city/state on earliest delivered-order purchase timestamp, order_id ascending for timestamp ties"
2018,RS,parobe,0,1,1,,,"monthly distinct customer_unique_id; city/state on earliest delivered-order purchase timestamp, order_id ascending for timestamp ties"
2018,RS,restinga seca,1,2,1,100.0,,"monthly distinct customer_unique_id; city/state on earliest delivered-order purchase timestamp, order_id ascending for timestamp ties"
2018,RS,santana da boa vista,0,1,1,,,"monthly distinct customer_unique_id; city/state on earliest delivered-order purchase timestamp, order_id ascending for timestamp ties"
2018,RS,sao jeronimo,0,1,1,,,"monthly distinct customer_unique_id; city/state on earliest delivered-order purchase timestamp, order_id ascending for timestamp ties"
2018,RS,sao jose do hortencio,0,1,1,,,"monthly distinct customer_unique_id; city/state on earliest delivered-order purchase timestamp, order_id ascending for timestamp ties"
2018,RS,sao jose do ouro,0,1,1,,,"monthly distinct customer_unique_id; city/state on earliest delivered-order purchase timestamp, order_id ascending for timestamp ties"
2018,RS,sao martinho,0,1,1,,,"monthly distinct customer_unique_id; city/state on earliest delivered-order purchase timestamp, order_id ascending for timestamp ties"
2018,RS,senador salgado filho,0,1,1,,,"monthly distinct customer_unique_id; city/state on earliest delivered-order purchase timestamp, order_id ascending for timestamp ties"
2018,RS,serafina correa,0,1,1,,,"monthly distinct customer_unique_id; city/state on earliest delivered-order purchase timestamp, order_id ascending for timestamp ties"
2018,RS,sobradinho,0,1,1,,,"monthly distinct customer_unique_id; city/state on earliest delivered-order purchase timestamp, order_id ascending for timestamp ties"
2018,RS,tapes,0,1,1,,,"monthly distinct customer_unique_id; city/state on earliest delivered-order purchase timestamp, order_id ascending for timestamp ties"
2018,RS,tres arroios,0,1,1,,,"monthly distinct customer_unique_id; city/state on earliest delivered-order purchase timestamp, order_id ascending for timestamp ties"
2018,RS,tres cachoeiras,0,1,1,,,"monthly distinct customer_unique_id; city/state on earliest delivered-order purchase timestamp, order_id ascending for timestamp ties"
2018,RS,tuparendi,0,1,1,,,"monthly distinct customer_unique_id; city/state on earliest delivered-order purchase timestamp, order_id ascending for timestamp ties"
2018,RS,vacaria,0,1,1,,,"monthly distinct customer_unique_id; city/state on earliest delivered-order purchase timestamp, order_id ascending for timestamp ties"
2018,RS,campo bom,1,3,2,200.0,,"monthly distinct customer_unique_id; city/state on earliest delivered-order purchase timestamp, order_id ascending for timestamp ties"
2018,RS,candelaria,0,2,2,,,"monthly distinct customer_unique_id; city/state on earliest delivered-order purchase timestamp, order_id ascending for timestamp ties"
2018,RS,esteio,1,3,2,200.0,,"monthly distinct customer_unique_id; city/state on earliest delivered-order purchase timestamp, order_id ascending for timestamp ties"
2018,RS,horizontina,0,2,2,,,"monthly distinct customer_unique_id; city/state on earliest delivered-order purchase timestamp, order_id ascending for timestamp ties"
2018,RS,ibiruba,0,2,2,,,"monthly distinct customer_unique_id; city/state on earliest delivered-order purchase timestamp, order_id ascending for timestamp ties"
2018,RS,igrejinha,1,3,2,200.0,,"monthly distinct customer_unique_id; city/state on earliest delivered-order purchase timestamp, order_id ascending for timestamp ties"
2018,RS,santo antonio da patrulha,0,2,2,,,"monthly distinct customer_unique_id; city/state on earliest delivered-order purchase timestamp, order_id ascending for timestamp ties"
2018,RS,torres,0,2,2,,,"monthly distinct customer_unique_id; city/state on earliest delivered-order purchase timestamp, order_id ascending for timestamp ties"
2018,RS,tres passos,0,2,2,,,"monthly distinct customer_unique_id; city/state on earliest delivered-order purchase timestamp, order_id ascending for timestamp ties"
2018,RS,triunfo,0,2,2,,,"monthly distinct customer_unique_id; city/state on earliest delivered-order purchase timestamp, order_id ascending for timestamp ties"
2018,RS,guaiba,0,3,3,,,"monthly distinct customer_unique_id; city/state on earliest delivered-order purchase timestamp, order_id ascending for timestamp ties"
2018,RS,marau,0,3,3,,,"monthly distinct customer_unique_id; city/state on earliest delivered-order purchase timestamp, order_id ascending for timestamp ties"
2018,RS,santa maria,13,16,3,23.076923076923077,,"monthly distinct customer_unique_id; city/state on earliest delivered-order purchase timestamp, order_id ascending for timestamp ties"
2018,RS,viamao,4,7,3,75.0,,"monthly distinct customer_unique_id; city/state on earliest delivered-order purchase timestamp, order_id ascending for timestamp ties"
2018,RS,gravatai,5,9,4,80.0,,"monthly distinct customer_unique_id; city/state on earliest delivered-order purchase timestamp, order_id ascending for timestamp ties"
2018,RS,passo fundo,4,13,9,225.0,,"monthly distinct customer_unique_id; city/state on earliest delivered-order purchase timestamp, order_id ascending for timestamp ties"
