year,category,product_id,all_categories,product_label,sales_status,may_item_rows,june_item_rows,may_merchandise_cents,june_merchandise_cents,may_amount_brl,june_amount_brl,may_avg_price_brl_per_item,june_avg_price_brl_per_item,amount_change_cents,amount_change_brl,amount_change_pct,volume_contribution_cents,price_contribution_cents,entry_exit_cents,volume_contribution_brl,price_contribution_brl,entry_exit_brl
2017,health_beauty,00210e41887c2a8ef9f791ebc780cc36,health_beauty,00210e41887c2a8ef9f791ebc780cc36,两月均有销量,1,6,3298,20091,32.98,200.91,32.98,33.485,16793,167.93,509.1873862947241,16616,177,,166.16,1.77,
2017,luggage_accessories,003962cb74a8b43cf1034fed541a76f0,luggage_accessories,003962cb74a8b43cf1034fed541a76f0,仅5月销售,1,0,9490,0,94.9,0.0,94.9,,-9490,-94.9,-100.0,,,-9490,,,-94.9
2017,sports_leisure,003dbcabcf8e3231de657c7d9f9a5eba,sports_leisure,003dbcabcf8e3231de657c7d9f9a5eba,仅6月销售,0,2,0,7200,0.0,72.0,,36.0,7200,72.0,,,,7200,,,72.0
2017,housewares,007c63ae4b346920756b5adcad8095de,housewares,007c63ae4b346920756b5adcad8095de,两月均有销量,2,1,15998,7999,159.98,79.99,79.99,79.99,-7999,-79.99,-50.0,-7999,0,,-79.99,0.0,
2017,sports_leisure,008cff0e5792219fae03e570f980b330,sports_leisure,008cff0e5792219fae03e570f980b330,仅6月销售,0,1,0,14590,0.0,145.9,,145.9,14590,145.9,,,,14590,,,145.9
2017,housewares,00ba6d766f0b1d7b78a5ce3e1e033263,housewares,00ba6d766f0b1d7b78a5ce3e1e033263,两月均有销量,3,3,14397,14397,143.97,143.97,47.99,47.99,0,0.0,0.0,0,0,,0.0,0.0,
2017,furniture_decor,00e2784f846618842151d40ec730ece0,furniture_decor,00e2784f846618842151d40ec730ece0,仅6月销售,0,1,0,10990,0.0,109.9,,109.9,10990,109.9,,,,10990,,,109.9
2017,furniture_decor,00e41fb1706dc56cc3bbdd2c1d6df362,furniture_decor,00e41fb1706dc56cc3bbdd2c1d6df362,仅5月销售,1,0,2490,0,24.9,0.0,24.9,,-2490,-24.9,-100.0,,,-2490,,,-24.9
2017,computers_accessories,00f179926ae5965cd6ff548d765d8a61,computers_accessories,00f179926ae5965cd6ff548d765d8a61,仅5月销售,1,0,1590,0,15.9,0.0,15.9,,-1590,-15.9,-100.0,,,-1590,,,-15.9
2017,pc_gamer,0105b5323d24fc655f73052694dbbb3a,pc_gamer,0105b5323d24fc655f73052694dbbb3a,两月均有销量,1,1,12999,12999,129.99,129.99,129.99,129.99,0,0.0,0.0,0,0,,0.0,0.0,
2017,cool_stuff,0112c32bab2fb9a2147b92cdd5f1d3e7,cool_stuff,0112c32bab2fb9a2147b92cdd5f1d3e7,仅5月销售,1,0,6500,0,65.0,0.0,65.0,,-6500,-65.0,-100.0,,,-6500,,,-65.0
2017,sports_leisure,0116f3b947377cccf0135f8071b54d74,sports_leisure,0116f3b947377cccf0135f8071b54d74,仅6月销售,0,1,0,9990,0.0,99.9,,99.9,9990,99.9,,,,9990,,,99.9
2017,sports_leisure,011967a30ceeaa86acb72e79664544ad,sports_leisure,011967a30ceeaa86acb72e79664544ad,仅5月销售,1,0,9990,0,99.9,0.0,99.9,,-9990,-99.9,-100.0,,,-9990,,,-99.9
2017,baby,014a8a503291921f7b004a5215bb3c36,baby,014a8a503291921f7b004a5215bb3c36,仅5月销售,1,0,3690,0,36.9,0.0,36.9,,-3690,-36.9,-100.0,,,-3690,,,-36.9
2017,cool_stuff,01593b27eef404f592e6a3f1174493bf,cool_stuff,01593b27eef404f592e6a3f1174493bf,仅5月销售,2,0,43998,0,439.98,0.0,219.99,,-43998,-439.98,-100.0,,,-43998,,,-439.98
2017,cool_stuff,0176bf7839ab4e611dc01cdc3ef6f4e4,cool_stuff,0176bf7839ab4e611dc01cdc3ef6f4e4,两月均有销量,1,1,19900,19900,199.0,199.0,199.0,199.0,0,0.0,0.0,0,0,,0.0,0.0,
2017,housewares,01a184b7d8422cd95e9cf2a8cff32b5e,housewares,01a184b7d8422cd95e9cf2a8cff32b5e,仅5月销售,2,0,23980,0,239.8,0.0,119.9,,-23980,-239.8,-100.0,,,-23980,,,-239.8
2017,bed_bath_table,01b864cf36d60d972e2e29d8c5084d64,bed_bath_table,01b864cf36d60d972e2e29d8c5084d64,仅5月销售,1,0,13999,0,139.99,0.0,139.99,,-13999,-139.99,-100.0,,,-13999,,,-139.99
2017,toys,01cf8c7364048b4b6ed0fe400667054d,toys,01cf8c7364048b4b6ed0fe400667054d,仅5月销售,1,0,22990,0,229.9,0.0,229.9,,-22990,-229.9,-100.0,,,-22990,,,-229.9
2017,cool_stuff,01d15932271068f9fd1f369b8449cac1,cool_stuff,01d15932271068f9fd1f369b8449cac1,仅6月销售,0,1,0,10990,0.0,109.9,,109.9,10990,109.9,,,,10990,,,109.9
2017,auto,01ea47d0dff23faa8d07ba3f353d2af0,auto,01ea47d0dff23faa8d07ba3f353d2af0,仅5月销售,1,0,4450,0,44.5,0.0,44.5,,-4450,-44.5,-100.0,,,-4450,,,-44.5
2017,bed_bath_table,025dd9fac2544d8e7e3451ec87bc6511,bed_bath_table,025dd9fac2544d8e7e3451ec87bc6511,仅5月销售,1,0,11858,0,118.58,0.0,118.58,,-11858,-118.58,-100.0,,,-11858,,,-118.58
2017,housewares,0269bdfd3a4f3d384753cbadc1d742be,housewares,0269bdfd3a4f3d384753cbadc1d742be,仅5月销售,1,0,2790,0,27.9,0.0,27.9,,-2790,-27.9,-100.0,,,-2790,,,-27.9
2017,perfumery,027cdd14a677a5834bc67a9789db5021,perfumery,027cdd14a677a5834bc67a9789db5021,仅6月销售,0,2,0,27980,0.0,279.8,,139.9,27980,279.8,,,,27980,,,279.8
2017,dvds_blu_ray,0285a1295a18a4d37c11fa446d4c1345,dvds_blu_ray,0285a1295a18a4d37c11fa446d4c1345,仅6月销售,0,1,0,1990,0.0,19.9,,19.9,1990,19.9,,,,1990,,,19.9
2017,books_technical,0288532d075e4bf58e044c92e68c94cd,books_technical,0288532d075e4bf58e044c92e68c94cd,仅6月销售,0,1,0,6590,0.0,65.9,,65.9,6590,65.9,,,,6590,,,65.9
2017,furniture_bedroom,0296dd002a346e3bbdda4e0bc48a5073,furniture_bedroom,0296dd002a346e3bbdda4e0bc48a5073,仅5月销售,3,0,144000,0,1440.0,0.0,480.0,,-144000,-1440.0,-100.0,,,-144000,,,-1440.0
2017,cool_stuff,02a93c4e95263ca545e9f46ca2b59833,cool_stuff,02a93c4e95263ca545e9f46ca2b59833,仅6月销售,0,1,0,19900,0.0,199.0,,199.0,19900,199.0,,,,19900,,,199.0
2017,sports_leisure,02aa16706915b09bedf8409296478283,sports_leisure,02aa16706915b09bedf8409296478283,仅5月销售,1,0,4490,0,44.9,0.0,44.9,,-4490,-44.9,-100.0,,,-4490,,,-44.9
2017,office_furniture,02ce0c74e59d6cf6bc9026601414a9c4,office_furniture,02ce0c74e59d6cf6bc9026601414a9c4,仅6月销售,0,3,0,33000,0.0,330.0,,110.0,33000,330.0,,,,33000,,,330.0
2017,office_furniture,02ce467092b184e71d3967d29110adc1,office_furniture,02ce467092b184e71d3967d29110adc1,两月均有销量,1,3,17996,53997,179.96,539.97,179.96,179.99,36001,360.01,200.0500111135808,35995,6,,359.95,0.06,
2017,electronics,02d48451331287e2bf12560d032d57a6,electronics,02d48451331287e2bf12560d032d57a6,仅5月销售,2,0,15800,0,158.0,0.0,79.0,,-15800,-158.0,-100.0,,,-15800,,,-158.0
2017,toys,02f381f455650d4c7b90c96dc50a6206,toys,02f381f455650d4c7b90c96dc50a6206,仅6月销售,0,1,0,1880,0.0,18.8,,18.8,1880,18.8,,,,1880,,,18.8
2017,watches_gifts,02f8dd9b448d3ec2c73e65a22da1121c,watches_gifts,02f8dd9b448d3ec2c73e65a22da1121c,仅6月销售,0,1,0,14590,0.0,145.9,,145.9,14590,145.9,,,,14590,,,145.9
2017,luggage_accessories,02fb2d61da1247bf732360ea76b16240,luggage_accessories,02fb2d61da1247bf732360ea76b16240,两月均有销量,2,2,21980,21980,219.8,219.8,109.9,109.9,0,0.0,0.0,0,0,,0.0,0.0,
2017,office_furniture,0335b2f76fdeed85180abe8c6c444aa4,office_furniture,0335b2f76fdeed85180abe8c6c444aa4,仅5月销售,1,0,15999,0,159.99,0.0,159.99,,-15999,-159.99,-100.0,,,-15999,,,-159.99
2017,office_furniture,0352f26fa462bd615275f3e91857926d,office_furniture,0352f26fa462bd615275f3e91857926d,仅5月销售,1,0,22999,0,229.99,0.0,229.99,,-22999,-229.99,-100.0,,,-22999,,,-229.99
2017,garden_tools,0354c6a8cb8961e29b70e564b93861fe,garden_tools,0354c6a8cb8961e29b70e564b93861fe,仅5月销售,1,0,3499,0,34.99,0.0,34.99,,-3499,-34.99,-100.0,,,-3499,,,-34.99
2017,(unknown),036a6272d538ae862d248339c4c9adeb,(unknown),036a6272d538ae862d248339c4c9adeb,仅6月销售,0,1,0,4998,0.0,49.98,,49.98,4998,49.98,,,,4998,,,49.98
2017,(unknown),03706dca83513062fe74967a71b5fc78,(unknown),03706dca83513062fe74967a71b5fc78,仅5月销售,1,0,3499,0,34.99,0.0,34.99,,-3499,-34.99,-100.0,,,-3499,,,-34.99
2017,housewares,03894c9a40bf32b84a349ef0ddfccc1d,housewares,03894c9a40bf32b84a349ef0ddfccc1d,仅5月销售,1,0,8750,0,87.5,0.0,87.5,,-8750,-87.5,-100.0,,,-8750,,,-87.5
2017,housewares,03a8d0921d804ba08d3da40064a4e281,housewares,03a8d0921d804ba08d3da40064a4e281,仅5月销售,1,0,2790,0,27.9,0.0,27.9,,-2790,-27.9,-100.0,,,-2790,,,-27.9
2017,bed_bath_table,03bb06cda40712fb8473f7962fb7d198,bed_bath_table,03bb06cda40712fb8473f7962fb7d198,两月均有销量,1,1,12990,12990,129.9,129.9,129.9,129.9,0,0.0,0.0,0,0,,0.0,0.0,
2017,computers_accessories,03bb24d19ea7449ce170e0888d830707,computers_accessories,03bb24d19ea7449ce170e0888d830707,仅6月销售,0,1,0,19910,0.0,199.1,,199.1,19910,199.1,,,,19910,,,199.1
2017,garden_tools,03c14a3d479e334e87ee5baf2563811d,garden_tools,03c14a3d479e334e87ee5baf2563811d,仅6月销售,0,1,0,77900,0.0,779.0,,779.0,77900,779.0,,,,77900,,,779.0
2017,furniture_decor,03c1fa561b6e1d70f9fa22ab1f08c762,furniture_decor,03c1fa561b6e1d70f9fa22ab1f08c762,仅5月销售,1,0,28490,0,284.9,0.0,284.9,,-28490,-284.9,-100.0,,,-28490,,,-284.9
2017,small_appliances,03ccf3bdaa33497fa04d1e2f746a4555,small_appliances,03ccf3bdaa33497fa04d1e2f746a4555,仅5月销售,1,0,12990,0,129.9,0.0,129.9,,-12990,-129.9,-100.0,,,-12990,,,-129.9
2017,housewares,03e1c946c0ddfc58724ff262aef08dff,housewares,03e1c946c0ddfc58724ff262aef08dff,仅5月销售,1,0,2070,0,20.7,0.0,20.7,,-2070,-20.7,-100.0,,,-2070,,,-20.7
2017,sports_leisure,03e606af3a694d55bf9abce7f5b07c42,sports_leisure,03e606af3a694d55bf9abce7f5b07c42,仅6月销售,0,1,0,5990,0.0,59.9,,59.9,5990,59.9,,,,5990,,,59.9
2017,cool_stuff,041022915a950ec95b761b690ddb6b24,cool_stuff,041022915a950ec95b761b690ddb6b24,两月均有销量,1,1,12980,12980,129.8,129.8,129.8,129.8,0,0.0,0.0,0,0,,0.0,0.0,
2017,sports_leisure,044b06b901539ec1ac136565a97d0fec,sports_leisure,044b06b901539ec1ac136565a97d0fec,仅5月销售,3,0,26970,0,269.7,0.0,89.9,,-26970,-269.7,-100.0,,,-26970,,,-269.7
2017,perfumery,049469901143a0f4ead566611fda0544,perfumery,049469901143a0f4ead566611fda0544,仅5月销售,1,0,34990,0,349.9,0.0,349.9,,-34990,-349.9,-100.0,,,-34990,,,-349.9
2017,sports_leisure,04a67e69edfb208f784da30294f69c5b,sports_leisure,04a67e69edfb208f784da30294f69c5b,仅5月销售,1,0,18200,0,182.0,0.0,182.0,,-18200,-182.0,-100.0,,,-18200,,,-182.0
2017,watches_gifts,04af9f3af5c6afc4eece909c25330934,watches_gifts,04af9f3af5c6afc4eece909c25330934,仅5月销售,1,0,12900,0,129.0,0.0,129.0,,-12900,-129.0,-100.0,,,-12900,,,-129.0
2017,housewares,04c200c7067838a36677c2cb65f90987,housewares,04c200c7067838a36677c2cb65f90987,两月均有销量,1,1,2899,2899,28.99,28.99,28.99,28.99,0,0.0,0.0,0,0,,0.0,0.0,
2017,watches_gifts,04c4a4b9c924494fcf82e0fba966f955,watches_gifts,04c4a4b9c924494fcf82e0fba966f955,两月均有销量,1,1,2669,2669,26.69,26.69,26.69,26.69,0,0.0,0.0,0,0,,0.0,0.0,
2017,furniture_decor,04d7da0499dd7cdfba6ef58c85e70324,furniture_decor,04d7da0499dd7cdfba6ef58c85e70324,仅5月销售,1,0,1290,0,12.9,0.0,12.9,,-1290,-12.9,-100.0,,,-1290,,,-12.9
2017,consoles_games,04dc26a02c448f6f2b914f01c2902ebd,consoles_games,04dc26a02c448f6f2b914f01c2902ebd,仅6月销售,0,3,0,112020,0.0,1120.2,,373.4,112020,1120.2,,,,112020,,,1120.2
2017,auto,04fa587378a8e74c3b0acc00efecc93e,auto,04fa587378a8e74c3b0acc00efecc93e,仅5月销售,1,0,28990,0,289.9,0.0,289.9,,-28990,-289.9,-100.0,,,-28990,,,-289.9
2017,health_beauty,05019bc35fc2ed878c0c0f55346b91c6,health_beauty,05019bc35fc2ed878c0c0f55346b91c6,仅5月销售,1,0,10498,0,104.98,0.0,104.98,,-10498,-104.98,-100.0,,,-10498,,,-104.98
2017,pet_shop,0519a542f6238651af817ddc6fcbbcf4,pet_shop,0519a542f6238651af817ddc6fcbbcf4,仅6月销售,0,1,0,9098,0.0,90.98,,90.98,9098,90.98,,,,9098,,,90.98
2017,furniture_decor,0522015abfd1094949180dee8dacbdf9,furniture_decor,0522015abfd1094949180dee8dacbdf9,两月均有销量,1,1,2490,2990,24.9,29.9,24.9,29.9,500,5.0,20.080321285140563,0,500,,0.0,5.0,
2017,electronics,0527af46c46b7a345d2086ea304ae8d7,electronics,0527af46c46b7a345d2086ea304ae8d7,仅5月销售,1,0,4000,0,40.0,0.0,40.0,,-4000,-40.0,-100.0,,,-4000,,,-40.0
2017,perfumery,052b8660ee8a9ee18815d9b276694a10,perfumery,052b8660ee8a9ee18815d9b276694a10,两月均有销量,2,1,5780,2890,57.8,28.9,28.9,28.9,-2890,-28.9,-50.0,-2890,0,,-28.9,0.0,
2017,housewares,056193fc88b3f131fae751356896b168,housewares,056193fc88b3f131fae751356896b168,两月均有销量,2,2,25998,25998,259.98,259.98,129.99,129.99,0,0.0,0.0,0,0,,0.0,0.0,
2017,furniture_decor,056fc939c78534a5fb6a762ef17d912e,furniture_decor,056fc939c78534a5fb6a762ef17d912e,仅5月销售,1,0,8790,0,87.9,0.0,87.9,,-8790,-87.9,-100.0,,,-8790,,,-87.9
2017,housewares,0581c05e8e3c0d17ea0ef8904419ec00,housewares,0581c05e8e3c0d17ea0ef8904419ec00,仅5月销售,1,0,5200,0,52.0,0.0,52.0,,-5200,-52.0,-100.0,,,-5200,,,-52.0
2017,cool_stuff,05833dad7f04a1b2991641771bfe6d9f,cool_stuff,05833dad7f04a1b2991641771bfe6d9f,仅6月销售,0,1,0,8010,0.0,80.1,,80.1,8010,80.1,,,,8010,,,80.1
2017,telephony,059fb7d4b3383690a65610a1d6320e7e,telephony,059fb7d4b3383690a65610a1d6320e7e,仅5月销售,1,0,1500,0,15.0,0.0,15.0,,-1500,-15.0,-100.0,,,-1500,,,-15.0
2017,furniture_decor,05b316ac6e25ef5776b4841f5696bfb8,furniture_decor,05b316ac6e25ef5776b4841f5696bfb8,仅5月销售,1,0,5990,0,59.9,0.0,59.9,,-5990,-59.9,-100.0,,,-5990,,,-59.9
2017,auto,05b9a00b36b50edaea8de91b8c19fc22,auto,05b9a00b36b50edaea8de91b8c19fc22,仅5月销售,1,0,8900,0,89.0,0.0,89.0,,-8900,-89.0,-100.0,,,-8900,,,-89.0
2017,perfumery,05bb531648459f3fb15bda0cdbf21322,perfumery,05bb531648459f3fb15bda0cdbf21322,仅6月销售,0,1,0,28990,0.0,289.9,,289.9,28990,289.9,,,,28990,,,289.9
2017,toys,05d26098907b7bd26c0f92feefd10eae,toys,05d26098907b7bd26c0f92feefd10eae,仅5月销售,1,0,9450,0,94.5,0.0,94.5,,-9450,-94.5,-100.0,,,-9450,,,-94.5
2017,sports_leisure,05d7b955682862c7ee7db5c1a7d728ce,sports_leisure,05d7b955682862c7ee7db5c1a7d728ce,仅5月销售,1,0,8900,0,89.0,0.0,89.0,,-8900,-89.0,-100.0,,,-8900,,,-89.0
2017,housewares,05eabe04aa341d8960d07f9b398d7a3f,housewares,05eabe04aa341d8960d07f9b398d7a3f,仅5月销售,1,0,6990,0,69.9,0.0,69.9,,-6990,-69.9,-100.0,,,-6990,,,-69.9
2017,housewares,060109450b2f49e4d5c4fdfd3d8ebc34,housewares,060109450b2f49e4d5c4fdfd3d8ebc34,仅5月销售,2,0,4980,0,49.8,0.0,24.9,,-4980,-49.8,-100.0,,,-4980,,,-49.8
2017,auto,060890b1af8cc031e9dde49cf544f884,auto,060890b1af8cc031e9dde49cf544f884,两月均有销量,1,1,9430,9430,94.3,94.3,94.3,94.3,0,0.0,0.0,0,0,,0.0,0.0,
2017,bed_bath_table,060965aa6dfa817b80abda0c9413cc77,bed_bath_table,060965aa6dfa817b80abda0c9413cc77,仅5月销售,1,0,83456,0,834.56,0.0,834.56,,-83456,-834.56,-100.0,,,-83456,,,-834.56
2017,bed_bath_table,060b5b8d4937e08d87e86d0bf339aaeb,bed_bath_table,060b5b8d4937e08d87e86d0bf339aaeb,仅5月销售,1,0,4799,0,47.99,0.0,47.99,,-4799,-47.99,-100.0,,,-4799,,,-47.99
2017,auto,060cb19345d90064d1015407193c233d,auto,060cb19345d90064d1015407193c233d,两月均有销量,4,1,59160,14790,591.6,147.9,147.9,147.9,-44370,-443.7,-75.0,-44370,0,,-443.7,0.0,
2017,garden_tools,060e9872b582bceaa83d520807008f1b,garden_tools,060e9872b582bceaa83d520807008f1b,仅6月销售,0,1,0,14990,0.0,149.9,,149.9,14990,149.9,,,,14990,,,149.9
2017,fashion_bags_accessories,061c050147b7b9fb6f088593900e8dc6,fashion_bags_accessories,061c050147b7b9fb6f088593900e8dc6,仅5月销售,1,0,1999,0,19.99,0.0,19.99,,-1999,-19.99,-100.0,,,-1999,,,-19.99
2017,health_beauty,062619359d5f9a664606cb2a6ccb477a,health_beauty,062619359d5f9a664606cb2a6ccb477a,仅5月销售,1,0,12199,0,121.99,0.0,121.99,,-12199,-121.99,-100.0,,,-12199,,,-121.99
2017,sports_leisure,06484143f7046fc1c2ec000aba13e28a,sports_leisure,06484143f7046fc1c2ec000aba13e28a,两月均有销量,1,1,2499,2499,24.99,24.99,24.99,24.99,0,0.0,0.0,0,0,,0.0,0.0,
2017,baby,065bb8f275e61de958ffcaf0eebb1791,baby,065bb8f275e61de958ffcaf0eebb1791,仅5月销售,1,0,2990,0,29.9,0.0,29.9,,-2990,-29.9,-100.0,,,-2990,,,-29.9
2017,stationery,0663a33c86fed5322e603ef430775b7b,stationery,0663a33c86fed5322e603ef430775b7b,两月均有销量,2,1,9780,4890,97.8,48.9,48.9,48.9,-4890,-48.9,-50.0,-4890,0,,-48.9,0.0,
2017,bed_bath_table,0693bcecfea57f2ad547d1ff56c7d9ea,bed_bath_table,0693bcecfea57f2ad547d1ff56c7d9ea,仅6月销售,0,1,0,1590,0.0,15.9,,15.9,1590,15.9,,,,1590,,,15.9
2017,luggage_accessories,06976617d8c5e71de4f3c2d93e788fd5,luggage_accessories,06976617d8c5e71de4f3c2d93e788fd5,两月均有销量,1,5,10290,51450,102.9,514.5,102.9,102.9,41160,411.6,400.0,41160,0,,411.6,0.0,
2017,furniture_decor,069a004edf898d16c9331bafd6ac7f46,furniture_decor,069a004edf898d16c9331bafd6ac7f46,仅6月销售,0,1,0,4990,0.0,49.9,,49.9,4990,49.9,,,,4990,,,49.9
2017,bed_bath_table,06ad93d66e91d09df5ce746906d9658b,bed_bath_table,06ad93d66e91d09df5ce746906d9658b,仅6月销售,0,1,0,19990,0.0,199.9,,199.9,19990,199.9,,,,19990,,,199.9
2017,toys,06c38a87544301cba8b0fb5a0796383d,toys,06c38a87544301cba8b0fb5a0796383d,两月均有销量,4,6,21160,31740,211.6,317.4,52.9,52.9,10580,105.8,50.0,10580,0,,105.8,0.0,
2017,computers_accessories,06c6e01186af8b98ee1fc9e01f9471e9,computers_accessories,06c6e01186af8b98ee1fc9e01f9471e9,两月均有销量,13,15,51870,59850,518.7,598.5,39.9,39.9,7980,79.8,15.384615384615385,7980,0,,79.8,0.0,
2017,health_beauty,06ce9c3e61c7a07f872f8317a7dc534d,health_beauty,06ce9c3e61c7a07f872f8317a7dc534d,仅5月销售,1,0,9890,0,98.9,0.0,98.9,,-9890,-98.9,-100.0,,,-9890,,,-98.9
2017,fashion_bags_accessories,06e73ddcb54620a36bfdb2e073c4dc40,fashion_bags_accessories,06e73ddcb54620a36bfdb2e073c4dc40,两月均有销量,1,2,3490,6980,34.9,69.8,34.9,34.9,3490,34.9,100.0,3490,0,,34.9,0.0,
2017,bed_bath_table,06edb72f1e0c64b14c5b79353f7abea3,bed_bath_table,06edb72f1e0c64b14c5b79353f7abea3,两月均有销量,1,3,4595,13785,45.95,137.85,45.95,45.95,9190,91.9,200.0,9190,0,,91.9,0.0,
2017,audio,06ef141d37f22c5742e445504b5805a7,audio,06ef141d37f22c5742e445504b5805a7,仅6月销售,0,2,0,15000,0.0,150.0,,75.0,15000,150.0,,,,15000,,,150.0
2017,stationery,06f0e85c7892d5df893f332706340af1,stationery,06f0e85c7892d5df893f332706340af1,仅5月销售,1,0,16900,0,169.0,0.0,169.0,,-16900,-169.0,-100.0,,,-16900,,,-169.0
2017,housewares,06f18114503e7543d81252fd61a53df8,housewares,06f18114503e7543d81252fd61a53df8,仅5月销售,1,0,19990,0,199.9,0.0,199.9,,-19990,-199.9,-100.0,,,-19990,,,-199.9
2017,cool_stuff,071b82cad6de748755bb587ff3feec2e,cool_stuff,071b82cad6de748755bb587ff3feec2e,仅5月销售,1,0,12999,0,129.99,0.0,129.99,,-12999,-129.99,-100.0,,,-12999,,,-129.99
2017,watches_gifts,073ed404e3aec5b0a486334c05ee2fe9,watches_gifts,073ed404e3aec5b0a486334c05ee2fe9,仅6月销售,0,1,0,41900,0.0,419.0,,419.0,41900,419.0,,,,41900,,,419.0
2017,health_beauty,076e4ce53c8914382e7ff3732511b17e,health_beauty,076e4ce53c8914382e7ff3732511b17e,仅6月销售,0,5,0,49995,0.0,499.95,,99.99,49995,499.95,,,,49995,,,499.95
2017,food_drink,0776155007ad20447a0b0f91d4aad644,food_drink,0776155007ad20447a0b0f91d4aad644,仅5月销售,1,0,1700,0,17.0,0.0,17.0,,-1700,-17.0,-100.0,,,-1700,,,-17.0
2017,housewares,07778ad3984dfbcc6b9dfd8b8595ba7b,housewares,07778ad3984dfbcc6b9dfd8b8595ba7b,仅6月销售,0,1,0,4290,0.0,42.9,,42.9,4290,42.9,,,,4290,,,42.9
2017,computers_accessories,078a6c96f58d2261cc4241dc9907b143,computers_accessories,078a6c96f58d2261cc4241dc9907b143,仅6月销售,0,1,0,6900,0.0,69.0,,69.0,6900,69.0,,,,6900,,,69.0
2017,fashion_bags_accessories,07a6e4e1f838d9d39277d13c9b411dc4,fashion_bags_accessories,07a6e4e1f838d9d39277d13c9b411dc4,仅6月销售,0,1,0,6990,0.0,69.9,,69.9,6990,69.9,,,,6990,,,69.9
2017,auto,07aa6a21d16be9ac95fbff7ab3ed81e9,auto,07aa6a21d16be9ac95fbff7ab3ed81e9,两月均有销量,1,1,7500,7500,75.0,75.0,75.0,75.0,0,0.0,0.0,0,0,,0.0,0.0,
2017,garden_tools,07b6a220c2eaa7e458c5df73daec6e6e,garden_tools,07b6a220c2eaa7e458c5df73daec6e6e,仅6月销售,0,2,0,27100,0.0,271.0,,135.5,27100,271.0,,,,27100,,,271.0
2017,furniture_decor,07c055536ebf10dfbb6c6db6dbfc36e5,furniture_decor,07c055536ebf10dfbb6c6db6dbfc36e5,两月均有销量,3,3,13770,13770,137.7,137.7,45.9,45.9,0,0.0,0.0,0,0,,0.0,0.0,
2017,watches_gifts,07ecfc5bd0d3ca496facedede13afb80,watches_gifts,07ecfc5bd0d3ca496facedede13afb80,仅6月销售,0,1,0,98999,0.0,989.99,,989.99,98999,989.99,,,,98999,,,989.99
2017,cool_stuff,08056d78bb75ed3ace107c72c16ec511,cool_stuff,08056d78bb75ed3ace107c72c16ec511,仅6月销售,0,1,0,12999,0.0,129.99,,129.99,12999,129.99,,,,12999,,,129.99
2017,auto,081ecfd29d91be2327fbd9c03d2f33de,auto,081ecfd29d91be2327fbd9c03d2f33de,仅6月销售,0,1,0,12499,0.0,124.99,,124.99,12499,124.99,,,,12499,,,124.99
2017,computers_accessories,083ffd30820b592e294de7ed668ff975,computers_accessories,083ffd30820b592e294de7ed668ff975,两月均有销量,2,2,9980,9980,99.8,99.8,49.9,49.9,0,0.0,0.0,0,0,,0.0,0.0,
2017,books_general_interest,08567cdf24fd261914bbb7a2b1b9a2f2,books_general_interest,08567cdf24fd261914bbb7a2b1b9a2f2,两月均有销量,1,1,2268,2268,22.68,22.68,22.68,22.68,0,0.0,0.0,0,0,,0.0,0.0,
2017,garden_tools,08574b074924071f4e201e151b152b4e,garden_tools,08574b074924071f4e201e151b152b4e,两月均有销量,19,7,182100,62300,1821.0,623.0,95.8421052631579,89.0,-119800,-1198.0,-65.7880285557386,-110905,-8895,,-1109.05,-88.95,
2017,bed_bath_table,086351823300e0339f6955b27998c186,bed_bath_table,086351823300e0339f6955b27998c186,仅5月销售,1,0,14990,0,149.9,0.0,149.9,,-14990,-149.9,-100.0,,,-14990,,,-149.9
2017,baby,0878b8484ae10e2ef355fac0690fabe7,baby,0878b8484ae10e2ef355fac0690fabe7,仅6月销售,0,1,0,11000,0.0,110.0,,110.0,11000,110.0,,,,11000,,,110.0
2017,computers_accessories,089cc17c8bf2226d13648392e33dabd7,computers_accessories,089cc17c8bf2226d13648392e33dabd7,仅5月销售,1,0,4500,0,45.0,0.0,45.0,,-4500,-45.0,-100.0,,,-4500,,,-45.0
2017,housewares,08c1754fd6455e4c70a6521f4ed66819,housewares,08c1754fd6455e4c70a6521f4ed66819,仅6月销售,0,1,0,10776,0.0,107.76,,107.76,10776,107.76,,,,10776,,,107.76
2017,arts_and_craftmanship,08c5c3d471845327e913b52aded0caf3,arts_and_craftmanship,08c5c3d471845327e913b52aded0caf3,仅5月销售,1,0,2199,0,21.99,0.0,21.99,,-2199,-21.99,-100.0,,,-2199,,,-21.99
2017,furniture_decor,08d76e49b8206d0cfb7456fe3aa7d3b4,furniture_decor,08d76e49b8206d0cfb7456fe3aa7d3b4,仅5月销售,1,0,10900,0,109.0,0.0,109.0,,-10900,-109.0,-100.0,,,-10900,,,-109.0
2017,fashion_bags_accessories,09061028f7ee991c6f2c294e19d344dd,fashion_bags_accessories,09061028f7ee991c6f2c294e19d344dd,仅5月销售,2,0,11980,0,119.8,0.0,59.9,,-11980,-119.8,-100.0,,,-11980,,,-119.8
2017,toys,090a47567475a8de67cdc10ac38d76bf,toys,090a47567475a8de67cdc10ac38d76bf,仅5月销售,1,0,4490,0,44.9,0.0,44.9,,-4490,-44.9,-100.0,,,-4490,,,-44.9
2017,telephony,090ab1523d3fe5832c09a55b7195e32b,telephony,090ab1523d3fe5832c09a55b7195e32b,两月均有销量,3,2,6897,4598,68.97,45.98,22.99,22.99,-2299,-22.99,-33.333333333333336,-2299,0,,-22.99,0.0,
2017,books_general_interest,095cb863f2b04911455ad33f5177062e,books_general_interest,095cb863f2b04911455ad33f5177062e,两月均有销量,3,1,16170,5390,161.7,53.9,53.9,53.9,-10780,-107.8,-66.66666666666667,-10780,0,,-107.8,0.0,
2017,watches_gifts,09690382191f134e947200ccfe32f7c0,watches_gifts,09690382191f134e947200ccfe32f7c0,仅5月销售,1,0,22800,0,228.0,0.0,228.0,,-22800,-228.0,-100.0,,,-22800,,,-228.0
2017,pet_shop,096d687ce8c7ae68039cce3f229b1d4c,pet_shop,096d687ce8c7ae68039cce3f229b1d4c,两月均有销量,1,1,6190,6190,61.9,61.9,61.9,61.9,0,0.0,0.0,0,0,,0.0,0.0,
2017,toys,096e14458100c2b6d10f72d69f80cf34,toys,096e14458100c2b6d10f72d69f80cf34,两月均有销量,1,1,27999,27999,279.99,279.99,279.99,279.99,0,0.0,0.0,0,0,,0.0,0.0,
2017,cool_stuff,098c8d862a494bb5926e558a87687768,cool_stuff,098c8d862a494bb5926e558a87687768,仅5月销售,1,0,19999,0,199.99,0.0,199.99,,-19999,-199.99,-100.0,,,-19999,,,-199.99
2017,bed_bath_table,098d2dad07d012b54e469c5ba2cedbe7,bed_bath_table,098d2dad07d012b54e469c5ba2cedbe7,仅5月销售,1,0,19990,0,199.9,0.0,199.9,,-19990,-199.9,-100.0,,,-19990,,,-199.9
2017,baby,09982590713913e225d3ce5ccb670688,baby,09982590713913e225d3ce5ccb670688,仅5月销售,1,0,5933,0,59.33,0.0,59.33,,-5933,-59.33,-100.0,,,-5933,,,-59.33
2017,bed_bath_table,09a1f8a0ac3f2a9d3eed87339b7fd9d2,bed_bath_table,09a1f8a0ac3f2a9d3eed87339b7fd9d2,仅5月销售,1,0,4490,0,44.9,0.0,44.9,,-4490,-44.9,-100.0,,,-4490,,,-44.9
2017,baby,09c3d39641970009c198caed304ccfc4,baby,09c3d39641970009c198caed304ccfc4,仅5月销售,2,0,7980,0,79.8,0.0,39.9,,-7980,-79.8,-100.0,,,-7980,,,-79.8
2017,watches_gifts,09cd1c07b1920158011ed5247fa5a65b,watches_gifts,09cd1c07b1920158011ed5247fa5a65b,仅5月销售,1,0,66556,0,665.56,0.0,665.56,,-66556,-665.56,-100.0,,,-66556,,,-665.56
2017,health_beauty,09d54f61ad675c5398b22357fa3ce395,health_beauty,09d54f61ad675c5398b22357fa3ce395,仅6月销售,0,1,0,5600,0.0,56.0,,56.0,5600,56.0,,,,5600,,,56.0
2017,bed_bath_table,09e40d66cfc38cddf812d8a495376722,bed_bath_table,09e40d66cfc38cddf812d8a495376722,仅5月销售,2,0,5580,0,55.8,0.0,27.9,,-5580,-55.8,-100.0,,,-5580,,,-55.8
2017,furniture_decor,09ebc052c8e265f5ea1e86320c049322,furniture_decor,09ebc052c8e265f5ea1e86320c049322,仅5月销售,1,0,13990,0,139.9,0.0,139.9,,-13990,-139.9,-100.0,,,-13990,,,-139.9
2017,fashion_shoes,09f62215f404dbd29cb4378c9952e1b9,fashion_shoes,09f62215f404dbd29cb4378c9952e1b9,两月均有销量,1,2,2990,5980,29.9,59.8,29.9,29.9,2990,29.9,100.0,2990,0,,29.9,0.0,
2017,computers_accessories,09f80ba142f03fa8ccc8d62ff68b6d1d,computers_accessories,09f80ba142f03fa8ccc8d62ff68b6d1d,仅6月销售,0,1,0,26900,0.0,269.0,,269.0,26900,269.0,,,,26900,,,269.0
2017,perfumery,0a27be3536127164b11173c57f14a2da,perfumery,0a27be3536127164b11173c57f14a2da,两月均有销量,2,1,43980,21990,439.8,219.9,219.9,219.9,-21990,-219.9,-50.0,-21990,0,,-219.9,0.0,
2017,industry_commerce_and_business,0a2baff646a591a97387bbe599a7565d,industry_commerce_and_business,0a2baff646a591a97387bbe599a7565d,仅5月销售,1,0,13990,0,139.9,0.0,139.9,,-13990,-139.9,-100.0,,,-13990,,,-139.9
2017,sports_leisure,0a41699cb57f40c605d3cfdddd61673b,sports_leisure,0a41699cb57f40c605d3cfdddd61673b,仅6月销售,0,1,0,4499,0.0,44.99,,44.99,4499,44.99,,,,4499,,,44.99
2017,watches_gifts,0a57f7d2c983bcf8188589a5fea4a8da,watches_gifts,0a57f7d2c983bcf8188589a5fea4a8da,仅6月销售,0,3,0,54000,0.0,540.0,,180.0,54000,540.0,,,,54000,,,540.0
2017,consoles_games,0a74b9407eaec9d6c760a1e92c10d96c,consoles_games,0a74b9407eaec9d6c760a1e92c10d96c,仅5月销售,1,0,11900,0,119.0,0.0,119.0,,-11900,-119.0,-100.0,,,-11900,,,-119.0
2017,health_beauty,0a783d7ce18a37749c3a059cf829564b,health_beauty,0a783d7ce18a37749c3a059cf829564b,仅5月销售,2,0,42400,0,424.0,0.0,212.0,,-42400,-424.0,-100.0,,,-42400,,,-424.0
2017,garden_tools,0a8038344359ff23c26156650b801e6c,garden_tools,0a8038344359ff23c26156650b801e6c,仅6月销售,0,1,0,15790,0.0,157.9,,157.9,15790,157.9,,,,15790,,,157.9
2017,home_construction,0a80f03007af9e2c5ac5065d6742e1b2,home_construction,0a80f03007af9e2c5ac5065d6742e1b2,仅5月销售,2,0,14300,0,143.0,0.0,71.5,,-14300,-143.0,-100.0,,,-14300,,,-143.0
2017,sports_leisure,0a8b35c2fbc824f7e1015cf330e6cc3c,sports_leisure,0a8b35c2fbc824f7e1015cf330e6cc3c,仅5月销售,1,0,4133,0,41.33,0.0,41.33,,-4133,-41.33,-100.0,,,-4133,,,-41.33
2017,sports_leisure,0a9c1eb587d41f043827b05a8b02070a,sports_leisure,0a9c1eb587d41f043827b05a8b02070a,仅6月销售,0,1,0,4990,0.0,49.9,,49.9,4990,49.9,,,,4990,,,49.9
2017,fashion_childrens_clothes,0ab3ab3b2869073aa9afe795fe9151aa,fashion_childrens_clothes,0ab3ab3b2869073aa9afe795fe9151aa,仅5月销售,1,0,11000,0,110.0,0.0,110.0,,-11000,-110.0,-100.0,,,-11000,,,-110.0
2017,food_drink,0ab66f8ffee46568f8a8fba7c300ae50,food_drink,0ab66f8ffee46568f8a8fba7c300ae50,仅6月销售,0,1,0,1990,0.0,19.9,,19.9,1990,19.9,,,,1990,,,19.9
2017,computers_accessories,0ac2a75d9c1e9688df3a7730a4ffad14,computers_accessories,0ac2a75d9c1e9688df3a7730a4ffad14,仅6月销售,0,2,0,7980,0.0,79.8,,39.9,7980,79.8,,,,7980,,,79.8
2017,fashion_bags_accessories,0ac4b9dc5e23908abf09e13da3ea1bbb,fashion_bags_accessories,0ac4b9dc5e23908abf09e13da3ea1bbb,两月均有销量,3,1,14700,4900,147.0,49.0,49.0,49.0,-9800,-98.0,-66.66666666666667,-9800,0,,-98.0,0.0,
2017,bed_bath_table,0accb86cd9322f97f4d1523781e10fa5,bed_bath_table,0accb86cd9322f97f4d1523781e10fa5,仅5月销售,1,0,15820,0,158.2,0.0,158.2,,-15820,-158.2,-100.0,,,-15820,,,-158.2
2017,auto,0ad48bfc4a5619823e2b0f24b3c0b11b,auto,0ad48bfc4a5619823e2b0f24b3c0b11b,仅6月销售,0,1,0,17621,0.0,176.21,,176.21,17621,176.21,,,,17621,,,176.21
2017,(unknown),0ae10ca52e6cb8745e17c11e7c43907c,(unknown),0ae10ca52e6cb8745e17c11e7c43907c,仅5月销售,1,0,3990,0,39.9,0.0,39.9,,-3990,-39.9,-100.0,,,-3990,,,-39.9
2017,bed_bath_table,0afcbdb22d7e003f65d87a77cc7a401a,bed_bath_table,0afcbdb22d7e003f65d87a77cc7a401a,仅5月销售,1,0,11099,0,110.99,0.0,110.99,,-11099,-110.99,-100.0,,,-11099,,,-110.99
2017,bed_bath_table,0b00b16606aeb46da3543bbabff4d6b3,bed_bath_table,0b00b16606aeb46da3543bbabff4d6b3,仅6月销售,0,2,0,46598,0.0,465.98,,232.99,46598,465.98,,,,46598,,,465.98
2017,furniture_decor,0b01d053a0d36c3f3ea27d74f5e5702c,furniture_decor,0b01d053a0d36c3f3ea27d74f5e5702c,仅5月销售,1,0,5990,0,59.9,0.0,59.9,,-5990,-59.9,-100.0,,,-5990,,,-59.9
2017,watches_gifts,0b035ff3ab8827ae8c56022c16712e9c,watches_gifts,0b035ff3ab8827ae8c56022c16712e9c,仅5月销售,1,0,21899,0,218.99,0.0,218.99,,-21899,-218.99,-100.0,,,-21899,,,-218.99
2017,health_beauty,0b3de7b77f38988388362460d76d884f,health_beauty,0b3de7b77f38988388362460d76d884f,仅6月销售,0,1,0,9200,0.0,92.0,,92.0,9200,92.0,,,,9200,,,92.0
2017,bed_bath_table,0b3f6a2323c814e1b19fd44838c160ef,bed_bath_table,0b3f6a2323c814e1b19fd44838c160ef,仅6月销售,0,2,0,3798,0.0,37.98,,18.99,3798,37.98,,,,3798,,,37.98
2017,(unknown),0b7fb806fe0194cc7eb473329c680e34,(unknown),0b7fb806fe0194cc7eb473329c680e34,仅6月销售,0,1,0,6900,0.0,69.0,,69.0,6900,69.0,,,,6900,,,69.0
2017,housewares,0b8eaa48559710f4dd234b9c7918dd43,housewares,0b8eaa48559710f4dd234b9c7918dd43,仅5月销售,1,0,4799,0,47.99,0.0,47.99,,-4799,-47.99,-100.0,,,-4799,,,-47.99
2017,fashion_shoes,0b9d32c4f39a77eca7f39c5b69ebc690,fashion_shoes,0b9d32c4f39a77eca7f39c5b69ebc690,仅5月销售,1,0,3590,0,35.9,0.0,35.9,,-3590,-35.9,-100.0,,,-3590,,,-35.9
2017,housewares,0bb7cb61f1957f79dac582ab66ccdc1f,housewares,0bb7cb61f1957f79dac582ab66ccdc1f,两月均有销量,7,8,16730,19120,167.3,191.2,23.9,23.9,2390,23.9,14.285714285714286,2390,0,,23.9,0.0,
2017,computers_accessories,0bc26e3e8475d1df57c86c60c3304a27,computers_accessories,0bc26e3e8475d1df57c86c60c3304a27,仅5月销售,1,0,17490,0,174.9,0.0,174.9,,-17490,-174.9,-100.0,,,-17490,,,-174.9
2017,health_beauty,0bc5e6c957486577f11519bf36577b38,health_beauty,0bc5e6c957486577f11519bf36577b38,仅6月销售,0,4,0,8796,0.0,87.96,,21.99,8796,87.96,,,,8796,,,87.96
2017,garden_tools,0bcc3eeca39e1064258aa1e932269894,garden_tools,0bcc3eeca39e1064258aa1e932269894,仅5月销售,1,0,5990,0,59.9,0.0,59.9,,-5990,-59.9,-100.0,,,-5990,,,-59.9
2017,bed_bath_table,0be487faac01dd57fd7ed17cfbdf2dee,bed_bath_table,0be487faac01dd57fd7ed17cfbdf2dee,两月均有销量,2,2,4580,4580,45.8,45.8,22.9,22.9,0,0.0,0.0,0,0,,0.0,0.0,
2017,housewares,0c104d5a094ca1ba910a793cae5b620e,housewares,0c104d5a094ca1ba910a793cae5b620e,仅6月销售,0,1,0,7599,0.0,75.99,,75.99,7599,75.99,,,,7599,,,75.99
2017,furniture_decor,0c173069a88cd29f5ef890155d8ea182,furniture_decor,0c173069a88cd29f5ef890155d8ea182,仅6月销售,0,1,0,4450,0.0,44.5,,44.5,4450,44.5,,,,4450,,,44.5
2017,perfumery,0c3305267c17b542aecbc2385f5f0794,perfumery,0c3305267c17b542aecbc2385f5f0794,两月均有销量,4,2,87960,43980,879.6,439.8,219.9,219.9,-43980,-439.8,-50.0,-43980,0,,-439.8,0.0,
2017,watches_gifts,0c3cd8d63839bed6f80aca6388766417,watches_gifts,0c3cd8d63839bed6f80aca6388766417,仅6月销售,0,1,0,2790,0.0,27.9,,27.9,2790,27.9,,,,2790,,,27.9
2017,musical_instruments,0c6fc9b9317a68d1cda098c063914b72,musical_instruments,0c6fc9b9317a68d1cda098c063914b72,仅6月销售,0,3,0,125970,0.0,1259.7,,419.9,125970,1259.7,,,,125970,,,1259.7
2017,(unknown),0c877471e35049402bca235e06cb8063,(unknown),0c877471e35049402bca235e06cb8063,两月均有销量,1,2,8490,16980,84.9,169.8,84.9,84.9,8490,84.9,100.0,8490,0,,84.9,0.0,
2017,garden_tools,0c8862859cb952ee81428f80dc8140d9,garden_tools,0c8862859cb952ee81428f80dc8140d9,仅6月销售,0,1,0,116000,0.0,1160.0,,1160.0,116000,1160.0,,,,116000,,,1160.0
2017,health_beauty,0c94b3b3e297c165f359c7cd62acc3da,health_beauty,0c94b3b3e297c165f359c7cd62acc3da,仅5月销售,1,0,29000,0,290.0,0.0,290.0,,-29000,-290.0,-100.0,,,-29000,,,-290.0
2017,auto,0c9ff9d8ed9b9bdd825487b3a66e05f5,auto,0c9ff9d8ed9b9bdd825487b3a66e05f5,两月均有销量,1,2,23890,47780,238.9,477.8,238.9,238.9,23890,238.9,100.0,23890,0,,238.9,0.0,
2017,housewares,0cb3a271c0da633b811ac57f0c63d48d,housewares,0cb3a271c0da633b811ac57f0c63d48d,仅5月销售,2,0,24840,0,248.4,0.0,124.2,,-24840,-248.4,-100.0,,,-24840,,,-248.4
2017,telephony,0ce1e35bdc6af7e582e7ef9363e29b5b,telephony,0ce1e35bdc6af7e582e7ef9363e29b5b,两月均有销量,6,1,9994,1599,99.94,15.99,16.656666666666666,15.99,-8395,-83.95,-84.00040024014409,-8162,-233,,-81.62,-2.33,
2017,(unknown),0cf1296fa38622de944eb05701b4ff34,(unknown),0cf1296fa38622de944eb05701b4ff34,仅5月销售,1,0,4680,0,46.8,0.0,46.8,,-4680,-46.8,-100.0,,,-4680,,,-46.8
2017,furniture_decor,0cf13ac73dbcf6586ba63b89dd1f780a,furniture_decor,0cf13ac73dbcf6586ba63b89dd1f780a,两月均有销量,1,2,4700,9400,47.0,94.0,47.0,47.0,4700,47.0,100.0,4700,0,,47.0,0.0,
2017,baby,0cf41187284d7f099adc8415a743ebbd,baby,0cf41187284d7f099adc8415a743ebbd,仅6月销售,0,1,0,3590,0.0,35.9,,35.9,3590,35.9,,,,3590,,,35.9
2017,telephony,0cf573090c66bb30ac5e53c82bdb0403,telephony,0cf573090c66bb30ac5e53c82bdb0403,仅5月销售,3,0,17700,0,177.0,0.0,59.0,,-17700,-177.0,-100.0,,,-17700,,,-177.0
2017,perfumery,0d009643171aee696f4733340bc2fdd0,perfumery,0d009643171aee696f4733340bc2fdd0,仅5月销售,2,0,67800,0,678.0,0.0,339.0,,-67800,-678.0,-100.0,,,-67800,,,-678.0
2017,furniture_decor,0d146484c69d613fe015c0229056b065,furniture_decor,0d146484c69d613fe015c0229056b065,两月均有销量,1,1,1090,1090,10.9,10.9,10.9,10.9,0,0.0,0.0,0,0,,0.0,0.0,
2017,furniture_decor,0d5340e7cf010ca42cdf4305101ed005,furniture_decor,0d5340e7cf010ca42cdf4305101ed005,仅5月销售,1,0,7990,0,79.9,0.0,79.9,,-7990,-79.9,-100.0,,,-7990,,,-79.9
2017,bed_bath_table,0d8a610fba87a613abc873be8d164bb7,bed_bath_table,0d8a610fba87a613abc873be8d164bb7,仅5月销售,1,0,10499,0,104.99,0.0,104.99,,-10499,-104.99,-100.0,,,-10499,,,-104.99
2017,furniture_decor,0d8c64a12c0e49b2515674c031b965a1,furniture_decor,0d8c64a12c0e49b2515674c031b965a1,仅5月销售,1,0,5500,0,55.0,0.0,55.0,,-5500,-55.0,-100.0,,,-5500,,,-55.0
2017,construction_tools_construction,0da9ffd92214425d880de3f94e74ce39,construction_tools_construction,0da9ffd92214425d880de3f94e74ce39,两月均有销量,1,1,9999,9999,99.99,99.99,99.99,99.99,0,0.0,0.0,0,0,,0.0,0.0,
2017,furniture_living_room,0db04bfc9ca0d0dc2c530e7f2d023160,furniture_living_room,0db04bfc9ca0d0dc2c530e7f2d023160,仅5月销售,3,0,9470,0,94.7,0.0,31.566666666666666,,-9470,-94.7,-100.0,,,-9470,,,-94.7
2017,furniture_decor,0db3775f48739f2e8dbaebeb631eb4ac,furniture_decor,0db3775f48739f2e8dbaebeb631eb4ac,仅6月销售,0,1,0,34990,0.0,349.9,,349.9,34990,349.9,,,,34990,,,349.9
2017,computers_accessories,0dbda89985ac97cc36d9239d67a1172b,computers_accessories,0dbda89985ac97cc36d9239d67a1172b,仅6月销售,0,1,0,23990,0.0,239.9,,239.9,23990,239.9,,,,23990,,,239.9
2017,housewares,0dc3bdb1240958ec9be2c91cba5bcc57,housewares,0dc3bdb1240958ec9be2c91cba5bcc57,仅6月销售,0,1,0,3599,0.0,35.99,,35.99,3599,35.99,,,,3599,,,35.99
2017,toys,0dc7e2749b6f2da894167fc88c86a2cc,toys,0dc7e2749b6f2da894167fc88c86a2cc,仅5月销售,1,0,8790,0,87.9,0.0,87.9,,-8790,-87.9,-100.0,,,-8790,,,-87.9
2017,toys,0dcbc0d012d42719216ea7dff6b90a6f,toys,0dcbc0d012d42719216ea7dff6b90a6f,仅6月销售,0,1,0,19999,0.0,199.99,,199.99,19999,199.99,,,,19999,,,199.99
2017,watches_gifts,0dce093fc7ec4dec214256df878e3c08,watches_gifts,0dce093fc7ec4dec214256df878e3c08,仅5月销售,2,0,27000,0,270.0,0.0,135.0,,-27000,-270.0,-100.0,,,-27000,,,-270.0
2017,housewares,0ddc12518a71c5561e6c1054f3816a3e,housewares,0ddc12518a71c5561e6c1054f3816a3e,仅5月销售,1,0,4490,0,44.9,0.0,44.9,,-4490,-44.9,-100.0,,,-4490,,,-44.9
2017,cool_stuff,0de11423be68ad641c9be1135450074c,cool_stuff,0de11423be68ad641c9be1135450074c,仅5月销售,1,0,59900,0,599.0,0.0,599.0,,-59900,-599.0,-100.0,,,-59900,,,-599.0
2017,perfumery,0de1e69dff6f40f9f71be7034a8bb8d2,perfumery,0de1e69dff6f40f9f71be7034a8bb8d2,仅5月销售,1,0,30990,0,309.9,0.0,309.9,,-30990,-309.9,-100.0,,,-30990,,,-309.9
2017,housewares,0de9e97aea20a7497e01b63e7788e43f,housewares,0de9e97aea20a7497e01b63e7788e43f,仅6月销售,0,1,0,48990,0.0,489.9,,489.9,48990,489.9,,,,48990,,,489.9
2017,pet_shop,0dfb3f08547a24999bb7ec4d025b7d7d,pet_shop,0dfb3f08547a24999bb7ec4d025b7d7d,仅6月销售,0,1,0,1200,0.0,12.0,,12.0,1200,12.0,,,,1200,,,12.0
2017,(unknown),0e030462875259ec0cb868f7ecf1fd5e,(unknown),0e030462875259ec0cb868f7ecf1fd5e,仅5月销售,1,0,274000,0,2740.0,0.0,2740.0,,-274000,-2740.0,-100.0,,,-274000,,,-2740.0
2017,small_appliances,0e20a07ca1714df21f9b07ca3bf7c682,small_appliances,0e20a07ca1714df21f9b07ca3bf7c682,仅6月销售,0,1,0,31900,0.0,319.0,,319.0,31900,319.0,,,,31900,,,319.0
2017,telephony,0e259b36666420c6032de273ef47cdc7,telephony,0e259b36666420c6032de273ef47cdc7,仅5月销售,1,0,1250,0,12.5,0.0,12.5,,-1250,-12.5,-100.0,,,-1250,,,-12.5
2017,furniture_bedroom,0e2d52789a024cfd6f9204778320a8e5,furniture_bedroom,0e2d52789a024cfd6f9204778320a8e5,两月均有销量,2,1,43800,21900,438.0,219.0,219.0,219.0,-21900,-219.0,-50.0,-21900,0,,-219.0,0.0,
2017,health_beauty,0e54696a1223698bef52eeff59a10098,health_beauty,0e54696a1223698bef52eeff59a10098,仅5月销售,1,0,16990,0,169.9,0.0,169.9,,-16990,-169.9,-100.0,,,-16990,,,-169.9
2017,health_beauty,0e621085968d9a9585ed3c2c204825e2,health_beauty,0e621085968d9a9585ed3c2c204825e2,仅5月销售,1,0,45990,0,459.9,0.0,459.9,,-45990,-459.9,-100.0,,,-45990,,,-459.9
2017,cool_stuff,0e87ff05afa3ddd73b7920ff4587e0a4,cool_stuff,0e87ff05afa3ddd73b7920ff4587e0a4,仅5月销售,2,0,39800,0,398.0,0.0,199.0,,-39800,-398.0,-100.0,,,-39800,,,-398.0
2017,air_conditioning,0e8d8404861cea31d9b2010514fc53ad,air_conditioning,0e8d8404861cea31d9b2010514fc53ad,仅6月销售,0,1,0,1390,0.0,13.9,,13.9,1390,13.9,,,,1390,,,13.9
2017,toys,0e8e65e0044a4d888d422517f545ba2e,toys,0e8e65e0044a4d888d422517f545ba2e,仅5月销售,1,0,15990,0,159.9,0.0,159.9,,-15990,-159.9,-100.0,,,-15990,,,-159.9
2017,bed_bath_table,0e942ba3342dde6fd0f8d2e735ac4264,bed_bath_table,0e942ba3342dde6fd0f8d2e735ac4264,仅6月销售,0,2,0,17998,0.0,179.98,,89.99,17998,179.98,,,,17998,,,179.98
2017,luggage_accessories,0eb4fddd203cfbfae403820aca2656e3,luggage_accessories,0eb4fddd203cfbfae403820aca2656e3,仅6月销售,0,1,0,5690,0.0,56.9,,56.9,5690,56.9,,,,5690,,,56.9
2017,pet_shop,0eb5e2c967974b4a88f060ae6610788e,pet_shop,0eb5e2c967974b4a88f060ae6610788e,两月均有销量,1,1,7887,7887,78.87,78.87,78.87,78.87,0,0.0,0.0,0,0,,0.0,0.0,
2017,sports_leisure,0ec5f6f08cf32bc916d0ae089696a44a,sports_leisure,0ec5f6f08cf32bc916d0ae089696a44a,仅5月销售,2,0,54200,0,542.0,0.0,271.0,,-54200,-542.0,-100.0,,,-54200,,,-542.0
2017,furniture_decor,0ecb699933e1e9cc336bf7569ad72e84,furniture_decor,0ecb699933e1e9cc336bf7569ad72e84,仅6月销售,0,1,0,3499,0.0,34.99,,34.99,3499,34.99,,,,3499,,,34.99
2017,(unknown),0ed27993e016d4546e2038bfd75b812c,(unknown),0ed27993e016d4546e2038bfd75b812c,仅5月销售,2,0,11980,0,119.8,0.0,59.9,,-11980,-119.8,-100.0,,,-11980,,,-119.8
2017,health_beauty,0eda6e310c91549299a2f97d0354f7fb,health_beauty,0eda6e310c91549299a2f97d0354f7fb,两月均有销量,1,3,10400,31200,104.0,312.0,104.0,104.0,20800,208.0,200.0,20800,0,,208.0,0.0,
2017,housewares,0eee5c8d0dc71aeb3fcead3dd83abc07,housewares,0eee5c8d0dc71aeb3fcead3dd83abc07,仅6月销售,0,3,0,26430,0.0,264.3,,88.1,26430,264.3,,,,26430,,,264.3
2017,baby,0ef56954a7f2e8c36b83dadad90b9cc9,baby,0ef56954a7f2e8c36b83dadad90b9cc9,仅5月销售,1,0,1400,0,14.0,0.0,14.0,,-1400,-14.0,-100.0,,,-1400,,,-14.0
2017,sports_leisure,0ef97c3cdccb448931cb0f778af3584c,sports_leisure,0ef97c3cdccb448931cb0f778af3584c,仅5月销售,1,0,12990,0,129.9,0.0,129.9,,-12990,-129.9,-100.0,,,-12990,,,-129.9
2017,bed_bath_table,0efc91aa52d1f0669126d3000a94279b,bed_bath_table,0efc91aa52d1f0669126d3000a94279b,两月均有销量,6,1,65994,10999,659.94,109.99,109.99,109.99,-54995,-549.95,-83.33333333333333,-54995,0,,-549.95,0.0,
2017,furniture_decor,0efe972876d70927f5099b77f387c6c7,furniture_decor,0efe972876d70927f5099b77f387c6c7,仅6月销售,0,1,0,8390,0.0,83.9,,83.9,8390,83.9,,,,8390,,,83.9
2017,electronics,0f0c4960b05d6145bbb4b348423503ef,electronics,0f0c4960b05d6145bbb4b348423503ef,两月均有销量,1,2,4200,8400,42.0,84.0,42.0,42.0,4200,42.0,100.0,4200,0,,42.0,0.0,
2017,fashion_bags_accessories,0f18321a5c6483ce8d2b2785f0c8f25d,fashion_bags_accessories,0f18321a5c6483ce8d2b2785f0c8f25d,仅5月销售,1,0,3900,0,39.0,0.0,39.0,,-3900,-39.0,-100.0,,,-3900,,,-39.0
2017,telephony,0f2ebb4245936455a76efd643a5e0745,telephony,0f2ebb4245936455a76efd643a5e0745,仅6月销售,0,1,0,2999,0.0,29.99,,29.99,2999,29.99,,,,2999,,,29.99
2017,watches_gifts,0f370babdc8148e1dd9d4bfc3235982a,watches_gifts,0f370babdc8148e1dd9d4bfc3235982a,两月均有销量,1,3,4900,14700,49.0,147.0,49.0,49.0,9800,98.0,200.0,9800,0,,98.0,0.0,
2017,sports_leisure,0f3777229e40207d248acfd6e1f716b6,sports_leisure,0f3777229e40207d248acfd6e1f716b6,仅5月销售,1,0,18990,0,189.9,0.0,189.9,,-18990,-189.9,-100.0,,,-18990,,,-189.9
2017,pet_shop,0f66dd888ff5af9eba17aa59be9870d1,pet_shop,0f66dd888ff5af9eba17aa59be9870d1,仅5月销售,1,0,6999,0,69.99,0.0,69.99,,-6999,-69.99,-100.0,,,-6999,,,-69.99
2017,watches_gifts,0f67b4ef3dcb82c257f9f14b6f694ccd,watches_gifts,0f67b4ef3dcb82c257f9f14b6f694ccd,仅6月销售,0,1,0,24825,0.0,248.25,,248.25,24825,248.25,,,,24825,,,248.25
2017,toys,0f6e2c3bbb97980782ed6cb1506f5d95,toys,0f6e2c3bbb97980782ed6cb1506f5d95,仅5月销售,1,0,1987,0,19.87,0.0,19.87,,-1987,-19.87,-100.0,,,-1987,,,-19.87
2017,bed_bath_table,0f789be671fe3bd93cabfbb4a710f282,bed_bath_table,0f789be671fe3bd93cabfbb4a710f282,仅6月销售,0,2,0,5980,0.0,59.8,,29.9,5980,59.8,,,,5980,,,59.8
2017,health_beauty,0f7b5d8f0464562dd0d3e46054e0bd0e,health_beauty,0f7b5d8f0464562dd0d3e46054e0bd0e,仅5月销售,1,0,8200,0,82.0,0.0,82.0,,-8200,-82.0,-100.0,,,-8200,,,-82.0
2017,home_appliances,0f81e9b864727ae5398d12bea4061449,home_appliances,0f81e9b864727ae5398d12bea4061449,仅5月销售,1,0,3900,0,39.0,0.0,39.0,,-3900,-39.0,-100.0,,,-3900,,,-39.0
2017,computers_accessories,0fc6914383c2bea767a9562c9d8b43a1,computers_accessories,0fc6914383c2bea767a9562c9d8b43a1,仅6月销售,0,1,0,4499,0.0,44.99,,44.99,4499,44.99,,,,4499,,,44.99
2017,furniture_decor,0fce35c0b7338bda3e52e2389f0c0762,furniture_decor,0fce35c0b7338bda3e52e2389f0c0762,仅6月销售,0,1,0,18915,0.0,189.15,,189.15,18915,189.15,,,,18915,,,189.15
2017,garden_tools,0fd34234ad17b2324b58696fb78e6c2e,garden_tools,0fd34234ad17b2324b58696fb78e6c2e,仅6月销售,0,2,0,55800,0.0,558.0,,279.0,55800,558.0,,,,55800,,,558.0
2017,(unknown),0fe09f32709c79ba4bf19d43c4e49515,(unknown),0fe09f32709c79ba4bf19d43c4e49515,仅5月销售,1,0,2490,0,24.9,0.0,24.9,,-2490,-24.9,-100.0,,,-2490,,,-24.9
2017,housewares,0fe81ae548bfaebcb1efcb38208efa1c,housewares,0fe81ae548bfaebcb1efcb38208efa1c,仅6月销售,0,1,0,2550,0.0,25.5,,25.5,2550,25.5,,,,2550,,,25.5
2017,sports_leisure,0ff5f3f4eb547a3d1ff9625cd85e4ad0,sports_leisure,0ff5f3f4eb547a3d1ff9625cd85e4ad0,仅6月销售,0,2,0,7998,0.0,79.98,,39.99,7998,79.98,,,,7998,,,79.98
2017,furniture_living_room,0ffd7e5d9372f67eb4346205f0cbcb2a,furniture_living_room,0ffd7e5d9372f67eb4346205f0cbcb2a,仅5月销售,1,0,9996,0,99.96,0.0,99.96,,-9996,-99.96,-100.0,,,-9996,,,-99.96
2017,housewares,100260bf9206d859dc8db128c8c5afc9,housewares,100260bf9206d859dc8db128c8c5afc9,两月均有销量,1,1,2500,2500,25.0,25.0,25.0,25.0,0,0.0,0.0,0,0,,0.0,0.0,
2017,furniture_decor,100c85a71d709c9f00d0381b88853c35,furniture_decor,100c85a71d709c9f00d0381b88853c35,仅5月销售,2,0,15998,0,159.98,0.0,79.99,,-15998,-159.98,-100.0,,,-15998,,,-159.98
2017,cool_stuff,1020d163f03db957860905e9bfdfd414,cool_stuff,1020d163f03db957860905e9bfdfd414,仅6月销售,0,1,0,29900,0.0,299.0,,299.0,29900,299.0,,,,29900,,,299.0
2017,perfumery,102cdda7fcf3cb71b5f9d6d2a3e56b58,perfumery,102cdda7fcf3cb71b5f9d6d2a3e56b58,仅5月销售,1,0,6990,0,69.9,0.0,69.9,,-6990,-69.9,-100.0,,,-6990,,,-69.9
2017,small_appliances,10558db20f88e2b71f8dff4614f9e3bf,small_appliances,10558db20f88e2b71f8dff4614f9e3bf,仅6月销售,0,1,0,189000,0.0,1890.0,,1890.0,189000,1890.0,,,,189000,,,1890.0
2017,small_appliances,10853770629fe365086f9522cb540549,small_appliances,10853770629fe365086f9522cb540549,仅5月销售,1,0,22900,0,229.0,0.0,229.0,,-22900,-229.0,-100.0,,,-22900,,,-229.0
2017,sports_leisure,108e01163b7588c7924ec8cb5ad81b63,sports_leisure,108e01163b7588c7924ec8cb5ad81b63,仅6月销售,0,1,0,11999,0.0,119.99,,119.99,11999,119.99,,,,11999,,,119.99
2017,books_general_interest,10953168e42bc4a9f7bb6468974cb5f8,books_general_interest,10953168e42bc4a9f7bb6468974cb5f8,仅6月销售,0,1,0,10990,0.0,109.9,,109.9,10990,109.9,,,,10990,,,109.9
2017,sports_leisure,10d196ec072e2d8382c7ec9c942d7ea8,sports_leisure,10d196ec072e2d8382c7ec9c942d7ea8,两月均有销量,1,1,1990,1990,19.9,19.9,19.9,19.9,0,0.0,0.0,0,0,,0.0,0.0,
2017,toys,110e153a52beae118fe6dc43ef592e0b,toys,110e153a52beae118fe6dc43ef592e0b,仅6月销售,0,1,0,6900,0.0,69.0,,69.0,6900,69.0,,,,6900,,,69.0
2017,furniture_decor,11185dbab7a8593a8f117c4df8be18dd,furniture_decor,11185dbab7a8593a8f117c4df8be18dd,仅6月销售,0,2,0,19000,0.0,190.0,,95.0,19000,190.0,,,,19000,,,190.0
2017,housewares,1122726437ec94b92705d85be11b4019,housewares,1122726437ec94b92705d85be11b4019,仅5月销售,1,0,3450,0,34.5,0.0,34.5,,-3450,-34.5,-100.0,,,-3450,,,-34.5
2017,sports_leisure,114be868e131c0ec44f054b335118724,sports_leisure,114be868e131c0ec44f054b335118724,两月均有销量,1,1,3000,3000,30.0,30.0,30.0,30.0,0,0.0,0.0,0,0,,0.0,0.0,
2017,home_appliances,115d882d50c476a481e899b79aca6174,home_appliances,115d882d50c476a481e899b79aca6174,仅5月销售,1,0,2700,0,27.0,0.0,27.0,,-2700,-27.0,-100.0,,,-2700,,,-27.0
2017,cool_stuff,1168ebbaa08c1f416c8c880dd470171c,cool_stuff,1168ebbaa08c1f416c8c880dd470171c,仅5月销售,1,0,6999,0,69.99,0.0,69.99,,-6999,-69.99,-100.0,,,-6999,,,-69.99
2017,sports_leisure,11875b30b49585209e608f40e8082e65,sports_leisure,11875b30b49585209e608f40e8082e65,两月均有销量,9,8,62480,52000,624.8,520.0,69.42222222222223,65.0,-10480,-104.8,-16.77336747759283,-6721,-3759,,-67.21,-37.59,
2017,toys,118fa7a08a83564776c37433aca3ca71,toys,118fa7a08a83564776c37433aca3ca71,两月均有销量,1,2,3490,6980,34.9,69.8,34.9,34.9,3490,34.9,100.0,3490,0,,34.9,0.0,
2017,furniture_decor,119addecf70b398c86bec023de4b8786,furniture_decor,119addecf70b398c86bec023de4b8786,仅6月销售,0,2,0,11980,0.0,119.8,,59.9,11980,119.8,,,,11980,,,119.8
2017,kitchen_dining_laundry_garden_furniture,11b062c710beb867b4897ff2728e828d,kitchen_dining_laundry_garden_furniture,11b062c710beb867b4897ff2728e828d,仅5月销售,1,0,2999,0,29.99,0.0,29.99,,-2999,-29.99,-100.0,,,-2999,,,-29.99
2017,health_beauty,11bbef4e2a44601d9dd471aa1fb433e6,health_beauty,11bbef4e2a44601d9dd471aa1fb433e6,两月均有销量,7,3,231993,98997,2319.93,989.97,331.41857142857145,329.99,-132996,-1329.96,-57.32759178078649,-132282,-714,,-1322.82,-7.14,
2017,home_appliances,11cf21fc07b965dd7f4bf7a2c3e5f1c4,home_appliances,11cf21fc07b965dd7f4bf7a2c3e5f1c4,仅5月销售,1,0,13500,0,135.0,0.0,135.0,,-13500,-135.0,-100.0,,,-13500,,,-135.0
2017,watches_gifts,11d73cb1179dc43858edd4ab0cea359d,watches_gifts,11d73cb1179dc43858edd4ab0cea359d,仅5月销售,1,0,103948,0,1039.48,0.0,1039.48,,-103948,-1039.48,-100.0,,,-103948,,,-1039.48
2017,sports_leisure,11dc4053871ff53ff79fb1fc7e6b160f,sports_leisure,11dc4053871ff53ff79fb1fc7e6b160f,仅6月销售,0,4,0,39600,0.0,396.0,,99.0,39600,396.0,,,,39600,,,396.0
2017,bed_bath_table,11e70144cff3fcf2bb31adf12b91178c,bed_bath_table,11e70144cff3fcf2bb31adf12b91178c,仅5月销售,1,0,7775,0,77.75,0.0,77.75,,-7775,-77.75,-100.0,,,-7775,,,-77.75
2017,cool_stuff,11fd9d7ba552e1d28872e008acf1e050,cool_stuff,11fd9d7ba552e1d28872e008acf1e050,两月均有销量,2,7,27980,97930,279.8,979.3,139.9,139.9,69950,699.5,250.0,69950,0,,699.5,0.0,
2017,cool_stuff,122bedead6e7541d311e6e0ab3cf248f,cool_stuff,122bedead6e7541d311e6e0ab3cf248f,仅6月销售,0,1,0,264900,0.0,2649.0,,2649.0,264900,2649.0,,,,264900,,,2649.0
2017,bed_bath_table,125e5760a3ff01937be3b2a1a7f14aa6,bed_bath_table,125e5760a3ff01937be3b2a1a7f14aa6,仅6月销售,0,1,0,4890,0.0,48.9,,48.9,4890,48.9,,,,4890,,,48.9
2017,electronics,12715d8bb61f9c2c26219377d9737584,electronics,12715d8bb61f9c2c26219377d9737584,两月均有销量,1,2,9499,17998,94.99,179.98,94.99,89.99,8499,84.99,89.47257606063796,9249,-750,,92.49,-7.5,
2017,telephony,127d3b28487be63864af02f25333decd,telephony,127d3b28487be63864af02f25333decd,仅6月销售,0,1,0,1297,0.0,12.97,,12.97,1297,12.97,,,,1297,,,12.97
2017,health_beauty,12827caf723c4ff8030d64dcffe3cdab,health_beauty,12827caf723c4ff8030d64dcffe3cdab,两月均有销量,1,1,5900,5900,59.0,59.0,59.0,59.0,0,0.0,0.0,0,0,,0.0,0.0,
2017,health_beauty,128f4a77e367e573f494417d3b0bb68a,health_beauty,128f4a77e367e573f494417d3b0bb68a,仅5月销售,1,0,1604,0,16.04,0.0,16.04,,-1604,-16.04,-100.0,,,-1604,,,-16.04
2017,toys,12a947baa3e0ab6254ebfec789934fd5,toys,12a947baa3e0ab6254ebfec789934fd5,两月均有销量,1,1,5000,5000,50.0,50.0,50.0,50.0,0,0.0,0.0,0,0,,0.0,0.0,
2017,health_beauty,12bc892d6fff0dc42c8177f3665ef00e,health_beauty,12bc892d6fff0dc42c8177f3665ef00e,仅6月销售,0,1,0,3400,0.0,34.0,,34.0,3400,34.0,,,,3400,,,34.0
2017,bed_bath_table,12cabe5229bf1f037e257f645f04caa4,bed_bath_table,12cabe5229bf1f037e257f645f04caa4,仅6月销售,0,2,0,23598,0.0,235.98,,117.99,23598,235.98,,,,23598,,,235.98
2017,stationery,12d03720e39cc210547b854d2132c2e3,stationery,12d03720e39cc210547b854d2132c2e3,仅6月销售,0,1,0,21990,0.0,219.9,,219.9,21990,219.9,,,,21990,,,219.9
2017,telephony,12f54c9922a614df9d112a6d7537bb9d,telephony,12f54c9922a614df9d112a6d7537bb9d,仅6月销售,0,2,0,3180,0.0,31.8,,15.9,3180,31.8,,,,3180,,,31.8
2017,baby,12f787302256017d737fb7dc149820f3,baby,12f787302256017d737fb7dc149820f3,仅6月销售,0,1,0,11000,0.0,110.0,,110.0,11000,110.0,,,,11000,,,110.0
2017,home_confort,12fd8665371236b5b586ea4e448902c8,home_confort,12fd8665371236b5b586ea4e448902c8,仅5月销售,2,0,17980,0,179.8,0.0,89.9,,-17980,-179.8,-100.0,,,-17980,,,-179.8
2017,computers_accessories,130482add9fd75ccb6c57ba007694a2d,computers_accessories,130482add9fd75ccb6c57ba007694a2d,两月均有销量,4,4,42000,42000,420.0,420.0,105.0,105.0,0,0.0,0.0,0,0,,0.0,0.0,
2017,furniture_decor,131701f2c91073ddf0ca954ced4f55ea,furniture_decor,131701f2c91073ddf0ca954ced4f55ea,仅5月销售,2,0,3980,0,39.8,0.0,19.9,,-3980,-39.8,-100.0,,,-3980,,,-39.8
2017,furniture_decor,1357d7d30c1609c50ad43a42a204286c,furniture_decor,1357d7d30c1609c50ad43a42a204286c,仅6月销售,0,1,0,7990,0.0,79.9,,79.9,7990,79.9,,,,7990,,,79.9
2017,health_beauty,136b005b69367b661e552c94cd28a37e,health_beauty,136b005b69367b661e552c94cd28a37e,仅5月销售,1,0,18890,0,188.9,0.0,188.9,,-18890,-188.9,-100.0,,,-18890,,,-188.9
2017,auto,136bcac25276c164961c1fea9c7b48ac,auto,136bcac25276c164961c1fea9c7b48ac,仅5月销售,1,0,73990,0,739.9,0.0,739.9,,-73990,-739.9,-100.0,,,-73990,,,-739.9
2017,pet_shop,1395c0f64373a0771d89b9f16f185dc6,pet_shop,1395c0f64373a0771d89b9f16f185dc6,仅5月销售,1,0,4924,0,49.24,0.0,49.24,,-4924,-49.24,-100.0,,,-4924,,,-49.24
2017,watches_gifts,139a8ba50a931c4055ff072ef1817b06,watches_gifts,139a8ba50a931c4055ff072ef1817b06,仅6月销售,0,1,0,20956,0.0,209.56,,209.56,20956,209.56,,,,20956,,,209.56
2017,bed_bath_table,13befae9b3fb34c439cf4744fd18dfa7,bed_bath_table,13befae9b3fb34c439cf4744fd18dfa7,仅6月销售,0,1,0,1890,0.0,18.9,,18.9,1890,18.9,,,,1890,,,18.9
2017,health_beauty,13c1b4c5f9f4eb68afa4132342e73777,health_beauty,13c1b4c5f9f4eb68afa4132342e73777,仅6月销售,0,2,0,29580,0.0,295.8,,147.9,29580,295.8,,,,29580,,,295.8
2017,health_beauty,13ce216ee959a22dbaec66c182a1b87f,health_beauty,13ce216ee959a22dbaec66c182a1b87f,仅5月销售,1,0,2932,0,29.32,0.0,29.32,,-2932,-29.32,-100.0,,,-2932,,,-29.32
2017,sports_leisure,13e0e6adec3689a4206c6e9385a29003,sports_leisure,13e0e6adec3689a4206c6e9385a29003,仅5月销售,1,0,7290,0,72.9,0.0,72.9,,-7290,-72.9,-100.0,,,-7290,,,-72.9
2017,pet_shop,13e15cb0da5286aed1a2c24bbba2a281,pet_shop,13e15cb0da5286aed1a2c24bbba2a281,仅6月销售,0,2,0,10398,0.0,103.98,,51.99,10398,103.98,,,,10398,,,103.98
2017,bed_bath_table,14081f2d6a3ce46cfa9d852c9b1b92ba,bed_bath_table,14081f2d6a3ce46cfa9d852c9b1b92ba,两月均有销量,1,1,13990,13990,139.9,139.9,139.9,139.9,0,0.0,0.0,0,0,,0.0,0.0,
2017,fashion_bags_accessories,142c74d091a42c178b1c582535dcfabc,fashion_bags_accessories,142c74d091a42c178b1c582535dcfabc,仅6月销售,0,1,0,1990,0.0,19.9,,19.9,1990,19.9,,,,1990,,,19.9
2017,computers_accessories,144fc7abb16b6f6d92d2c9f34d3c3452,computers_accessories,144fc7abb16b6f6d92d2c9f34d3c3452,仅5月销售,1,0,3599,0,35.99,0.0,35.99,,-3599,-35.99,-100.0,,,-3599,,,-35.99
2017,sports_leisure,14555ba663de8689feacf1d0819cc3b3,sports_leisure,14555ba663de8689feacf1d0819cc3b3,两月均有销量,3,2,35997,23998,359.97,239.98,119.99,119.99,-11999,-119.99,-33.333333333333336,-11999,0,,-119.99,0.0,
2017,sports_leisure,145af826c44181c994b7476667a3ab00,sports_leisure,145af826c44181c994b7476667a3ab00,仅6月销售,0,1,0,14990,0.0,149.9,,149.9,14990,149.9,,,,14990,,,149.9
2017,health_beauty,146eb6d2e5e311d926d672b5b25d3f4a,health_beauty,146eb6d2e5e311d926d672b5b25d3f4a,仅5月销售,1,0,11900,0,119.0,0.0,119.0,,-11900,-119.0,-100.0,,,-11900,,,-119.0
2017,bed_bath_table,1491a8ff192d4b5c369b0eaa2fe33ee5,bed_bath_table,1491a8ff192d4b5c369b0eaa2fe33ee5,两月均有销量,4,1,88498,20500,884.98,205.0,221.245,205.0,-67998,-679.98,-76.83563470360912,-63937,-4061,,-639.37,-40.61,
2017,baby,14ad6805c263d8d758d648f46a06570e,baby,14ad6805c263d8d758d648f46a06570e,仅6月销售,0,1,0,7500,0.0,75.0,,75.0,7500,75.0,,,,7500,,,75.0
2017,bed_bath_table,14ae64f095e11f8010d2381ba2845cff,bed_bath_table,14ae64f095e11f8010d2381ba2845cff,仅6月销售,0,1,0,11858,0.0,118.58,,118.58,11858,118.58,,,,11858,,,118.58
2017,watches_gifts,14c60b3a54996d02ff5d0d56d2aab05c,watches_gifts,14c60b3a54996d02ff5d0d56d2aab05c,仅5月销售,1,0,23990,0,239.9,0.0,239.9,,-23990,-239.9,-100.0,,,-23990,,,-239.9
2017,baby,14dffa241a078aeaebaef48a49e807ca,baby,14dffa241a078aeaebaef48a49e807ca,两月均有销量,1,1,6490,6490,64.9,64.9,64.9,64.9,0,0.0,0.0,0,0,,0.0,0.0,
2017,books_general_interest,15182e412b013f40aa860be89720c91f,books_general_interest,15182e412b013f40aa860be89720c91f,仅5月销售,2,0,5980,0,59.8,0.0,29.9,,-5980,-59.8,-100.0,,,-5980,,,-59.8
2017,health_beauty,1528d0673079ce2d79d29753b800d76e,health_beauty,1528d0673079ce2d79d29753b800d76e,仅6月销售,0,1,0,5990,0.0,59.9,,59.9,5990,59.9,,,,5990,,,59.9
2017,sports_leisure,1529199a7d88ac40cef5b4a508f18f2c,sports_leisure,1529199a7d88ac40cef5b4a508f18f2c,仅6月销售,0,2,0,11980,0.0,119.8,,59.9,11980,119.8,,,,11980,,,119.8
2017,housewares,15416967b480fca6c3ceac3335e57c36,housewares,15416967b480fca6c3ceac3335e57c36,仅5月销售,3,0,14397,0,143.97,0.0,47.99,,-14397,-143.97,-100.0,,,-14397,,,-143.97
2017,health_beauty,154e7e31ebfa092203795c972e5804a6,health_beauty,154e7e31ebfa092203795c972e5804a6,两月均有销量,16,20,31984,39980,319.84,399.8,19.99,19.99,7996,79.96,25.0,7996,0,,79.96,0.0,
2017,housewares,155a2d804e1562dedf47f5a300115c7c,housewares,155a2d804e1562dedf47f5a300115c7c,仅5月销售,1,0,4490,0,44.9,0.0,44.9,,-4490,-44.9,-100.0,,,-4490,,,-44.9
2017,toys,1567a054fc1af5ea367b0740ef9bc684,toys,1567a054fc1af5ea367b0740ef9bc684,仅5月销售,1,0,12000,0,120.0,0.0,120.0,,-12000,-120.0,-100.0,,,-12000,,,-120.0
2017,auto,1567eb3a02b49c99d7d07045e9ce94f5,auto,1567eb3a02b49c99d7d07045e9ce94f5,仅6月销售,0,1,0,35990,0.0,359.9,,359.9,35990,359.9,,,,35990,,,359.9
2017,furniture_decor,156b348a4e7d61007fc06135f8a204b2,furniture_decor,156b348a4e7d61007fc06135f8a204b2,仅5月销售,3,0,17700,0,177.0,0.0,59.0,,-17700,-177.0,-100.0,,,-17700,,,-177.0
2017,sports_leisure,1585769f68320ec146a93097b0a1ab18,sports_leisure,1585769f68320ec146a93097b0a1ab18,两月均有销量,1,2,20990,41980,209.9,419.8,209.9,209.9,20990,209.9,100.0,20990,0,,209.9,0.0,
2017,small_appliances,1594082822fb91eb12404f8e79b59e47,small_appliances,1594082822fb91eb12404f8e79b59e47,仅5月销售,1,0,12900,0,129.0,0.0,129.0,,-12900,-129.0,-100.0,,,-12900,,,-129.0
2017,luggage_accessories,159afb2051a2a69bcd9a594ce5ed6452,luggage_accessories,159afb2051a2a69bcd9a594ce5ed6452,仅5月销售,1,0,8990,0,89.9,0.0,89.9,,-8990,-89.9,-100.0,,,-8990,,,-89.9
2017,health_beauty,159dc4423e5092c3baa443379a458fa9,health_beauty,159dc4423e5092c3baa443379a458fa9,两月均有销量,5,4,243199,189797,2431.99,1897.97,486.398,474.4925,-53402,-534.02,-21.95814949896998,-48045,-5357,,-480.45,-53.57,
2017,auto,159ec57903b1ef5807cc73ebf66d12c6,auto,159ec57903b1ef5807cc73ebf66d12c6,仅5月销售,1,0,2000,0,20.0,0.0,20.0,,-2000,-20.0,-100.0,,,-2000,,,-20.0
2017,books_technical,15b5c55e291cc54d93c46c9a3c9bb9b2,books_technical,15b5c55e291cc54d93c46c9a3c9bb9b2,仅5月销售,1,0,14860,0,148.6,0.0,148.6,,-14860,-148.6,-100.0,,,-14860,,,-148.6
2017,furniture_decor,15bb6bb477d5bbfe167f6dc44b6846a8,furniture_decor,15bb6bb477d5bbfe167f6dc44b6846a8,仅6月销售,0,4,0,5196,0.0,51.96,,12.99,5196,51.96,,,,5196,,,51.96
2017,watches_gifts,15c53c3819865dc1083cf45b3b888b43,watches_gifts,15c53c3819865dc1083cf45b3b888b43,仅6月销售,0,1,0,97900,0.0,979.0,,979.0,97900,979.0,,,,97900,,,979.0
2017,baby,15cf6e60f6f3fc09598470e5d9a6d13c,baby,15cf6e60f6f3fc09598470e5d9a6d13c,仅6月销售,0,1,0,2990,0.0,29.9,,29.9,2990,29.9,,,,2990,,,29.9
2017,electronics,15f50a93f26d97e9c940e45271e8c177,electronics,15f50a93f26d97e9c940e45271e8c177,仅5月销售,1,0,24300,0,243.0,0.0,243.0,,-24300,-243.0,-100.0,,,-24300,,,-243.0
2017,health_beauty,16007704980fa90718364a0dd747133e,health_beauty,16007704980fa90718364a0dd747133e,仅6月销售,0,2,0,25980,0.0,259.8,,129.9,25980,259.8,,,,25980,,,259.8
2017,watches_gifts,1600dcf1cea8c0c83702e07b577ab231,watches_gifts,1600dcf1cea8c0c83702e07b577ab231,仅6月销售,0,2,0,8800,0.0,88.0,,44.0,8800,88.0,,,,8800,,,88.0
2017,computers_accessories,1612209b0b37fbe80e1e8e1b7d19ca1d,computers_accessories,1612209b0b37fbe80e1e8e1b7d19ca1d,两月均有销量,6,4,59400,39600,594.0,396.0,99.0,99.0,-19800,-198.0,-33.333333333333336,-19800,0,,-198.0,0.0,
2017,computers_accessories,163302a9e5ed53e2b3062577e254ce16,computers_accessories,163302a9e5ed53e2b3062577e254ce16,仅5月销售,1,0,13201,0,132.01,0.0,132.01,,-13201,-132.01,-100.0,,,-13201,,,-132.01
2017,garden_tools,164a001b8c3c3be1c4c04f158bfafaca,garden_tools,164a001b8c3c3be1c4c04f158bfafaca,仅6月销售,0,2,0,77120,0.0,771.2,,385.6,77120,771.2,,,,77120,,,771.2
2017,computers_accessories,167b4b8c4bd0c401bea62f5e050d70a4,computers_accessories,167b4b8c4bd0c401bea62f5e050d70a4,仅5月销售,2,0,44000,0,440.0,0.0,220.0,,-44000,-440.0,-100.0,,,-44000,,,-440.0
2017,garden_tools,167eb9b9fa0dad61a47c00a96bccdf4d,garden_tools,167eb9b9fa0dad61a47c00a96bccdf4d,仅6月销售,0,1,0,11000,0.0,110.0,,110.0,11000,110.0,,,,11000,,,110.0
2017,perfumery,16aa6553ee2cf0a316e29f8808ab165c,perfumery,16aa6553ee2cf0a316e29f8808ab165c,仅5月销售,1,0,29099,0,290.99,0.0,290.99,,-29099,-290.99,-100.0,,,-29099,,,-290.99
2017,furniture_decor,16ba44d9231d19fc57e0a4188d0ce1cf,furniture_decor,16ba44d9231d19fc57e0a4188d0ce1cf,仅5月销售,1,0,2290,0,22.9,0.0,22.9,,-2290,-22.9,-100.0,,,-2290,,,-22.9
2017,bed_bath_table,16c1c1a3dc1ddc2fd5e32ae7fe616b0b,bed_bath_table,16c1c1a3dc1ddc2fd5e32ae7fe616b0b,仅6月销售,0,1,0,15990,0.0,159.9,,159.9,15990,159.9,,,,15990,,,159.9
2017,housewares,16ed6a6e3fce23b741650437fe58d65b,housewares,16ed6a6e3fce23b741650437fe58d65b,仅5月销售,3,0,26754,0,267.54,0.0,89.18,,-26754,-267.54,-100.0,,,-26754,,,-267.54
2017,telephony,16f7c25c950c1c3f123fdc4a6cc390e0,telephony,16f7c25c950c1c3f123fdc4a6cc390e0,仅5月销售,1,0,2790,0,27.9,0.0,27.9,,-2790,-27.9,-100.0,,,-2790,,,-27.9
2017,musical_instruments,16ff579c7dd128062ca085e13094fbe0,musical_instruments,16ff579c7dd128062ca085e13094fbe0,仅6月销售,0,2,0,13980,0.0,139.8,,69.9,13980,139.8,,,,13980,,,139.8
2017,computers_accessories,1706d1bb420e7ef2404270b38e937fbc,computers_accessories,1706d1bb420e7ef2404270b38e937fbc,仅5月销售,2,0,8980,0,89.8,0.0,44.9,,-8980,-89.8,-100.0,,,-8980,,,-89.8
2017,watches_gifts,170e27ee183ac140aa68a86bacd2a6dc,watches_gifts,170e27ee183ac140aa68a86bacd2a6dc,仅5月销售,2,0,25980,0,259.8,0.0,129.9,,-25980,-259.8,-100.0,,,-25980,,,-259.8
2017,market_place,171352abd66a010ad6039f9f994fd42d,market_place,171352abd66a010ad6039f9f994fd42d,仅6月销售,0,1,0,4990,0.0,49.9,,49.9,4990,49.9,,,,4990,,,49.9
2017,home_appliances,1713e5b60dfb5b779fd077af351624c0,home_appliances,1713e5b60dfb5b779fd077af351624c0,仅5月销售,1,0,10000,0,100.0,0.0,100.0,,-10000,-100.0,-100.0,,,-10000,,,-100.0
2017,auto,1716ea399ed8ee62ba811e6f55180f45,auto,1716ea399ed8ee62ba811e6f55180f45,仅6月销售,0,1,0,349,0.0,3.49,,3.49,349,3.49,,,,349,,,3.49
2017,bed_bath_table,1729a1b7ec6947d5c878e70e80172790,bed_bath_table,1729a1b7ec6947d5c878e70e80172790,仅5月销售,1,0,19990,0,199.9,0.0,199.9,,-19990,-199.9,-100.0,,,-19990,,,-199.9
2017,fashion_bags_accessories,17362fcfc13b829500dcd59fc4c02a89,fashion_bags_accessories,17362fcfc13b829500dcd59fc4c02a89,仅5月销售,1,0,39900,0,399.0,0.0,399.0,,-39900,-399.0,-100.0,,,-39900,,,-399.0
2017,toys,1750753e77dc38c4afe6fc90f02c39bc,toys,1750753e77dc38c4afe6fc90f02c39bc,仅5月销售,1,0,3690,0,36.9,0.0,36.9,,-3690,-36.9,-100.0,,,-3690,,,-36.9
2017,bed_bath_table,17606c7d7254ed1f0351fd48a28be932,bed_bath_table,17606c7d7254ed1f0351fd48a28be932,仅6月销售,0,1,0,4499,0.0,44.99,,44.99,4499,44.99,,,,4499,,,44.99
2017,fashion_sport,17636e3c15333148e25253db631a2d7d,fashion_sport,17636e3c15333148e25253db631a2d7d,仅5月销售,1,0,4990,0,49.9,0.0,49.9,,-4990,-49.9,-100.0,,,-4990,,,-49.9
2017,signaling_and_security,177ccb9eb4263c7f82f6c3b98980d26d,signaling_and_security,177ccb9eb4263c7f82f6c3b98980d26d,仅5月销售,1,0,7490,0,74.9,0.0,74.9,,-7490,-74.9,-100.0,,,-7490,,,-74.9
2017,cool_stuff,17984012f01e836fad7cb9224c211baf,cool_stuff,17984012f01e836fad7cb9224c211baf,仅5月销售,1,0,5500,0,55.0,0.0,55.0,,-5500,-55.0,-100.0,,,-5500,,,-55.0
2017,baby,179d54e1466a2c4b64be3b7e4ca17e31,baby,179d54e1466a2c4b64be3b7e4ca17e31,仅5月销售,1,0,3499,0,34.99,0.0,34.99,,-3499,-34.99,-100.0,,,-3499,,,-34.99
2017,watches_gifts,17ad136b7421ea8690fded631b651158,watches_gifts,17ad136b7421ea8690fded631b651158,仅6月销售,0,2,0,11000,0.0,110.0,,55.0,11000,110.0,,,,11000,,,110.0
2017,consoles_games,17c9711cb08dc4757841afc6d4a239d4,consoles_games,17c9711cb08dc4757841afc6d4a239d4,仅6月销售,0,4,0,206636,0.0,2066.36,,516.59,206636,2066.36,,,,206636,,,2066.36
2017,computers_accessories,17d68b6c1ebd7073e3689b9a26004651,computers_accessories,17d68b6c1ebd7073e3689b9a26004651,仅6月销售,0,1,0,34990,0.0,349.9,,349.9,34990,349.9,,,,34990,,,349.9
2017,stationery,17e7d9a179f3f2d61223252038276d35,stationery,17e7d9a179f3f2d61223252038276d35,仅6月销售,0,2,0,9980,0.0,99.8,,49.9,9980,99.8,,,,9980,,,99.8
2017,sports_leisure,17ebb5f3d26d2db3afcd24d2d68072a0,sports_leisure,17ebb5f3d26d2db3afcd24d2d68072a0,仅5月销售,1,0,1550,0,15.5,0.0,15.5,,-1550,-15.5,-100.0,,,-1550,,,-15.5
2017,small_appliances_home_oven_and_coffee,17ec1cf6dc8dc7557ca34f1d64a93dc7,small_appliances_home_oven_and_coffee,17ec1cf6dc8dc7557ca34f1d64a93dc7,仅6月销售,0,1,0,7190,0.0,71.9,,71.9,7190,71.9,,,,7190,,,71.9
2017,toys,17fc8cc736bd5d1f6714f41102d6ff30,toys,17fc8cc736bd5d1f6714f41102d6ff30,仅5月销售,2,0,15980,0,159.8,0.0,79.9,,-15980,-159.8,-100.0,,,-15980,,,-159.8
2017,home_appliances,1846ec5a92ed15d0dbf9e0e86c29085c,home_appliances,1846ec5a92ed15d0dbf9e0e86c29085c,仅6月销售,0,1,0,15500,0.0,155.0,,155.0,15500,155.0,,,,15500,,,155.0
2017,home_confort,186052b3f166a0f7227e78b2d27652d3,home_confort,186052b3f166a0f7227e78b2d27652d3,仅5月销售,1,0,14999,0,149.99,0.0,149.99,,-14999,-149.99,-100.0,,,-14999,,,-149.99
2017,fashion_male_clothing,18692fdc7adb29c885d8cb84eb68a97e,fashion_male_clothing,18692fdc7adb29c885d8cb84eb68a97e,仅5月销售,1,0,18720,0,187.2,0.0,187.2,,-18720,-187.2,-100.0,,,-18720,,,-187.2
2017,watches_gifts,186fe07c8b8005ec6a498587ffbc1352,watches_gifts,186fe07c8b8005ec6a498587ffbc1352,仅6月销售,0,1,0,2900,0.0,29.0,,29.0,2900,29.0,,,,2900,,,29.0
2017,telephony,1871f846d88e6b0632e1058b61d35964,telephony,1871f846d88e6b0632e1058b61d35964,仅6月销售,0,2,0,11700,0.0,117.0,,58.5,11700,117.0,,,,11700,,,117.0
2017,office_furniture,1878fcfa202ce65b4bfaa9d16250ee86,office_furniture,1878fcfa202ce65b4bfaa9d16250ee86,仅5月销售,4,0,50796,0,507.96,0.0,126.99,,-50796,-507.96,-100.0,,,-50796,,,-507.96
2017,health_beauty,187e7d92b8168c3661824809d0c5dffb,health_beauty,187e7d92b8168c3661824809d0c5dffb,仅5月销售,3,0,35970,0,359.7,0.0,119.9,,-35970,-359.7,-100.0,,,-35970,,,-359.7
2017,furniture_decor,188d0b148e6d1c86faffe0d73c3f2dad,furniture_decor,188d0b148e6d1c86faffe0d73c3f2dad,仅5月销售,1,0,4590,0,45.9,0.0,45.9,,-4590,-45.9,-100.0,,,-4590,,,-45.9
2017,bed_bath_table,1891f20b2a27a8b700d7a7ff5a7a0039,bed_bath_table,1891f20b2a27a8b700d7a7ff5a7a0039,两月均有销量,2,2,4980,4980,49.8,49.8,24.9,24.9,0,0.0,0.0,0,0,,0.0,0.0,
2017,bed_bath_table,189c49b159a847050e52afe5ec8d42c5,bed_bath_table,189c49b159a847050e52afe5ec8d42c5,仅6月销售,0,1,0,18200,0.0,182.0,,182.0,18200,182.0,,,,18200,,,182.0
2017,furniture_living_room,18be199494e360c90f302b3ef82ceb43,furniture_living_room,18be199494e360c90f302b3ef82ceb43,仅6月销售,0,1,0,7999,0.0,79.99,,79.99,7999,79.99,,,,7999,,,79.99
2017,(unknown),18da4a6d2c9b127b43ac8616ab151aa8,(unknown),18da4a6d2c9b127b43ac8616ab151aa8,仅6月销售,0,2,0,16980,0.0,169.8,,84.9,16980,169.8,,,,16980,,,169.8
2017,watches_gifts,18dacb31f154c3607af782584f59b3c9,watches_gifts,18dacb31f154c3607af782584f59b3c9,仅5月销售,1,0,13990,0,139.9,0.0,139.9,,-13990,-139.9,-100.0,,,-13990,,,-139.9
2017,computers_accessories,18e41d0c2a7cac6a8d53d3fcc13da3c4,computers_accessories,18e41d0c2a7cac6a8d53d3fcc13da3c4,两月均有销量,2,2,228759,236190,2287.59,2361.9,1143.795,1180.95,7431,74.31,3.248396784388811,0,7431,,0.0,74.31,
2017,garden_tools,18f0c077dff7331d813fd82f7dd05a6e,garden_tools,18f0c077dff7331d813fd82f7dd05a6e,两月均有销量,1,1,1990,1990,19.9,19.9,19.9,19.9,0,0.0,0.0,0,0,,0.0,0.0,
2017,fashion_bags_accessories,18f8fed8a737a4399a369ef33b21cb3b,fashion_bags_accessories,18f8fed8a737a4399a369ef33b21cb3b,仅5月销售,1,0,1490,0,14.9,0.0,14.9,,-1490,-14.9,-100.0,,,-1490,,,-14.9
2017,sports_leisure,190b553d3cccad7ceb5e15a8ec148920,sports_leisure,190b553d3cccad7ceb5e15a8ec148920,仅5月销售,1,0,14290,0,142.9,0.0,142.9,,-14290,-142.9,-100.0,,,-14290,,,-142.9
2017,health_beauty,190d9562bfbe9d3ed876c2ac6f2f5894,health_beauty,190d9562bfbe9d3ed876c2ac6f2f5894,仅6月销售,0,1,0,3999,0.0,39.99,,39.99,3999,39.99,,,,3999,,,39.99
2017,toys,192f2d6f10ae35f57a57be5fc1ae7d56,toys,192f2d6f10ae35f57a57be5fc1ae7d56,仅5月销售,1,0,7875,0,78.75,0.0,78.75,,-7875,-78.75,-100.0,,,-7875,,,-78.75
2017,bed_bath_table,1935200f62df6baaeef37dca2f2a6435,bed_bath_table,1935200f62df6baaeef37dca2f2a6435,仅6月销售,0,1,0,10990,0.0,109.9,,109.9,10990,109.9,,,,10990,,,109.9
2017,health_beauty,194d0a84a60aad8916173c4d611f6450,health_beauty,194d0a84a60aad8916173c4d611f6450,仅6月销售,0,2,0,46000,0.0,460.0,,230.0,46000,460.0,,,,46000,,,460.0
2017,health_beauty,19578e02e321cef1252a574bb185a4f0,health_beauty,19578e02e321cef1252a574bb185a4f0,仅5月销售,1,0,4990,0,49.9,0.0,49.9,,-4990,-49.9,-100.0,,,-4990,,,-49.9
2017,health_beauty,195a72beccf48da20d71e2d7530b470a,health_beauty,195a72beccf48da20d71e2d7530b470a,仅5月销售,1,0,4490,0,44.9,0.0,44.9,,-4490,-44.9,-100.0,,,-4490,,,-44.9
2017,electronics,19629b1460e380638d4b9263bd31547a,electronics,19629b1460e380638d4b9263bd31547a,仅5月销售,2,0,83840,0,838.4,0.0,419.2,,-83840,-838.4,-100.0,,,-83840,,,-838.4
2017,furniture_living_room,196616257eff8bc851dc4fc041cbbbe9,furniture_living_room,196616257eff8bc851dc4fc041cbbbe9,仅5月销售,4,0,41588,0,415.88,0.0,103.97,,-41588,-415.88,-100.0,,,-41588,,,-415.88
2017,garden_tools,196a8ebab62f48072dc189014d46a8d3,garden_tools,196a8ebab62f48072dc189014d46a8d3,仅6月销售,0,1,0,1210,0.0,12.1,,12.1,1210,12.1,,,,1210,,,12.1
2017,furniture_decor,199f076c011ea5e8b546bff05d4f2477,furniture_decor,199f076c011ea5e8b546bff05d4f2477,仅5月销售,1,0,5990,0,59.9,0.0,59.9,,-5990,-59.9,-100.0,,,-5990,,,-59.9
2017,sports_leisure,19a5dc57b9f69cff2321395f3c36f9d6,sports_leisure,19a5dc57b9f69cff2321395f3c36f9d6,仅5月销售,1,0,32990,0,329.9,0.0,329.9,,-32990,-329.9,-100.0,,,-32990,,,-329.9
2017,(unknown),19ac4a7de40be5bd72347162024983f2,(unknown),19ac4a7de40be5bd72347162024983f2,仅6月销售,0,1,0,4350,0.0,43.5,,43.5,4350,43.5,,,,4350,,,43.5
2017,(unknown),19bdfd05824c29bf495c9f5408c26635,(unknown),19bdfd05824c29bf495c9f5408c26635,仅6月销售,0,1,0,3990,0.0,39.9,,39.9,3990,39.9,,,,3990,,,39.9
2017,cool_stuff,19d1f95608edf8246e8891c90d9b211a,cool_stuff,19d1f95608edf8246e8891c90d9b211a,仅5月销售,1,0,19999,0,199.99,0.0,199.99,,-19999,-199.99,-100.0,,,-19999,,,-199.99
2017,telephony,19db7ccde0bb9cb62b208b2b3b794927,telephony,19db7ccde0bb9cb62b208b2b3b794927,仅6月销售,0,1,0,3990,0.0,39.9,,39.9,3990,39.9,,,,3990,,,39.9
2017,fashion_shoes,19fdf478915162331ece9adfd669b88e,fashion_shoes,19fdf478915162331ece9adfd669b88e,仅6月销售,0,1,0,7182,0.0,71.82,,71.82,7182,71.82,,,,7182,,,71.82
2017,watches_gifts,1a080577618e7fe4d9ddd8fb2b47a964,watches_gifts,1a080577618e7fe4d9ddd8fb2b47a964,仅6月销售,0,1,0,69000,0.0,690.0,,690.0,69000,690.0,,,,69000,,,690.0
2017,auto,1a0d662b65b5ef08796501b064c853af,auto,1a0d662b65b5ef08796501b064c853af,仅5月销售,4,0,5996,0,59.96,0.0,14.99,,-5996,-59.96,-100.0,,,-5996,,,-59.96
2017,(unknown),1a1dba78177cbabf00a2e1eab46e62b6,(unknown),1a1dba78177cbabf00a2e1eab46e62b6,仅6月销售,0,2,0,9980,0.0,99.8,,49.9,9980,99.8,,,,9980,,,99.8
2017,computers_accessories,1a300f482e35d7eac74b229be067aefd,computers_accessories,1a300f482e35d7eac74b229be067aefd,两月均有销量,2,2,3998,3998,39.98,39.98,19.99,19.99,0,0.0,0.0,0,0,,0.0,0.0,
2017,furniture_decor,1a37e7d1d8e98b3d70e6eb7d5deee99c,furniture_decor,1a37e7d1d8e98b3d70e6eb7d5deee99c,仅5月销售,1,0,14000,0,140.0,0.0,140.0,,-14000,-140.0,-100.0,,,-14000,,,-140.0
2017,cool_stuff,1a38458ed0e1d16259ef2a8c30ef91c6,cool_stuff,1a38458ed0e1d16259ef2a8c30ef91c6,仅6月销售,0,1,0,4399,0.0,43.99,,43.99,4399,43.99,,,,4399,,,43.99
2017,bed_bath_table,1a428b685ede76217c9efb550c4aaa59,bed_bath_table,1a428b685ede76217c9efb550c4aaa59,两月均有销量,3,2,6870,4580,68.7,45.8,22.9,22.9,-2290,-22.9,-33.333333333333336,-2290,0,,-22.9,0.0,
2017,fashion_shoes,1a57051039dca27521c83e2212042176,fashion_shoes,1a57051039dca27521c83e2212042176,仅5月销售,1,0,3590,0,35.9,0.0,35.9,,-3590,-35.9,-100.0,,,-3590,,,-35.9
2017,pet_shop,1a657b37e6e9a1ad8dfc98c1820a3fef,pet_shop,1a657b37e6e9a1ad8dfc98c1820a3fef,仅5月销售,1,0,11900,0,119.0,0.0,119.0,,-11900,-119.0,-100.0,,,-11900,,,-119.0
2017,garden_tools,1a658140e2f572e10461d6f7b4513a89,garden_tools,1a658140e2f572e10461d6f7b4513a89,仅5月销售,1,0,6063,0,60.63,0.0,60.63,,-6063,-60.63,-100.0,,,-6063,,,-60.63
2017,garden_tools,1a6c4373641dbeaf6f12af2427da7719,garden_tools,1a6c4373641dbeaf6f12af2427da7719,仅5月销售,1,0,3490,0,34.9,0.0,34.9,,-3490,-34.9,-100.0,,,-3490,,,-34.9
2017,watches_gifts,1a7864db936b730688248bda816f1ce2,watches_gifts,1a7864db936b730688248bda816f1ce2,仅5月销售,1,0,63314,0,633.14,0.0,633.14,,-63314,-633.14,-100.0,,,-63314,,,-633.14
2017,perfumery,1a7cffdce32ea72085aa94c27b19d01a,perfumery,1a7cffdce32ea72085aa94c27b19d01a,仅5月销售,1,0,15199,0,151.99,0.0,151.99,,-15199,-151.99,-100.0,,,-15199,,,-151.99
2017,toys,1a9d5623d718be92f3d696bfd261bb4f,toys,1a9d5623d718be92f3d696bfd261bb4f,仅6月销售,0,1,0,9999,0.0,99.99,,99.99,9999,99.99,,,,9999,,,99.99
2017,bed_bath_table,1aa2ed670a95e9f475723707a7c3f386,bed_bath_table,1aa2ed670a95e9f475723707a7c3f386,两月均有销量,2,3,8000,12000,80.0,120.0,40.0,40.0,4000,40.0,50.0,4000,0,,40.0,0.0,
2017,pet_shop,1aafc94a341ff202817c81cd5e66e522,pet_shop,1aafc94a341ff202817c81cd5e66e522,仅6月销售,0,1,0,5999,0.0,59.99,,59.99,5999,59.99,,,,5999,,,59.99
2017,computers_accessories,1ac8f5283525f67f04345f07c167ba80,computers_accessories,1ac8f5283525f67f04345f07c167ba80,仅5月销售,1,0,29990,0,299.9,0.0,299.9,,-29990,-299.9,-100.0,,,-29990,,,-299.9
2017,garden_tools,1b06c90f0a31f14d0f505323b5723a80,garden_tools,1b06c90f0a31f14d0f505323b5723a80,仅5月销售,1,0,6190,0,61.9,0.0,61.9,,-6190,-61.9,-100.0,,,-6190,,,-61.9
2017,(unknown),1b0e39ec889889ea1d492603d8512bfb,(unknown),1b0e39ec889889ea1d492603d8512bfb,两月均有销量,9,2,30310,7980,303.1,79.8,33.67777777777778,39.9,-22330,-223.3,-73.67205542725173,-25752,3422,,-257.52,34.22,
2017,cool_stuff,1b11571a0535a643bb18db34b84b7334,cool_stuff,1b11571a0535a643bb18db34b84b7334,两月均有销量,1,1,6990,6990,69.9,69.9,69.9,69.9,0,0.0,0.0,0,0,,0.0,0.0,
2017,fashion_shoes,1b4dee3e58cb87cb5a0acc54ea53db9d,fashion_shoes,1b4dee3e58cb87cb5a0acc54ea53db9d,两月均有销量,1,1,9990,7182,99.9,71.82,99.9,71.82,-2808,-28.08,-28.10810810810811,0,-2808,,0.0,-28.08,
2017,bed_bath_table,1b6e2795daa2ca887a0310b0a79000e4,bed_bath_table,1b6e2795daa2ca887a0310b0a79000e4,仅5月销售,1,0,6710,0,67.1,0.0,67.1,,-6710,-67.1,-100.0,,,-6710,,,-67.1
2017,electronics,1b7ce992a80ac036dd9ab73d08289712,electronics,1b7ce992a80ac036dd9ab73d08289712,仅6月销售,0,1,0,2550,0.0,25.5,,25.5,2550,25.5,,,,2550,,,25.5
2017,furniture_living_room,1b8ee158f59c098470fad33f39660964,furniture_living_room,1b8ee158f59c098470fad33f39660964,仅5月销售,2,0,27980,0,279.8,0.0,139.9,,-27980,-279.8,-100.0,,,-27980,,,-279.8
2017,toys,1b90b42c262feb78e84da470dd0ed547,toys,1b90b42c262feb78e84da470dd0ed547,仅6月销售,0,1,0,1690,0.0,16.9,,16.9,1690,16.9,,,,1690,,,16.9
2017,(unknown),1b930f20f389f3e3d057b9e3e85ca83d,(unknown),1b930f20f389f3e3d057b9e3e85ca83d,仅5月销售,1,0,1200,0,12.0,0.0,12.0,,-1200,-12.0,-100.0,,,-1200,,,-12.0
2017,fashion_male_clothing,1b97621fc0e6ac58cfb272d5ccf8c15b,fashion_male_clothing,1b97621fc0e6ac58cfb272d5ccf8c15b,仅6月销售,0,1,0,2490,0.0,24.9,,24.9,2490,24.9,,,,2490,,,24.9
2017,sports_leisure,1b9c9c11fdac157197ea45527ffabae2,sports_leisure,1b9c9c11fdac157197ea45527ffabae2,仅5月销售,1,0,24368,0,243.68,0.0,243.68,,-24368,-243.68,-100.0,,,-24368,,,-243.68
2017,health_beauty,1ba039173f93b4ad2c34545eb1f64f24,health_beauty,1ba039173f93b4ad2c34545eb1f64f24,仅6月销售,0,1,0,34999,0.0,349.99,,349.99,34999,349.99,,,,34999,,,349.99
2017,toys,1bc01b1481a6f018de8711ef213d7bb9,toys,1bc01b1481a6f018de8711ef213d7bb9,仅5月销售,1,0,11999,0,119.99,0.0,119.99,,-11999,-119.99,-100.0,,,-11999,,,-119.99
2017,air_conditioning,1bdf131c83d68a290b1abe6b43f3c324,air_conditioning,1bdf131c83d68a290b1abe6b43f3c324,仅6月销售,0,1,0,10395,0.0,103.95,,103.95,10395,103.95,,,,10395,,,103.95
2017,art,1bdf5e6731585cf01aa8169c7028d6ad,art,1bdf5e6731585cf01aa8169c7028d6ad,仅5月销售,1,0,649900,0,6499.0,0.0,6499.0,,-649900,-6499.0,-100.0,,,-649900,,,-6499.0
2017,bed_bath_table,1be9435dc0c47cf6b58c34d3bb7d6f54,bed_bath_table,1be9435dc0c47cf6b58c34d3bb7d6f54,仅6月销售,0,1,0,10990,0.0,109.9,,109.9,10990,109.9,,,,10990,,,109.9
2017,bed_bath_table,1bef08f119466a85a83919d5b80facd3,bed_bath_table,1bef08f119466a85a83919d5b80facd3,两月均有销量,1,1,1590,1590,15.9,15.9,15.9,15.9,0,0.0,0.0,0,0,,0.0,0.0,
2017,office_furniture,1bfb290d7273a442c874dbe74b4abae6,office_furniture,1bfb290d7273a442c874dbe74b4abae6,仅5月销售,2,0,17992,0,179.92,0.0,89.96,,-17992,-179.92,-100.0,,,-17992,,,-179.92
2017,toys,1bfe62f326ac7bec0f5a83c10cfff228,toys,1bfe62f326ac7bec0f5a83c10cfff228,两月均有销量,2,3,10380,13500,103.8,135.0,51.9,45.0,3120,31.2,30.057803468208093,4845,-1725,,48.45,-17.25,
2017,office_furniture,1c05e0964302b6cf68ca0d15f326c6ba,office_furniture,1c05e0964302b6cf68ca0d15f326c6ba,两月均有销量,1,1,12699,11999,126.99,119.99,126.99,119.99,-700,-7.0,-5.5122450586660365,0,-700,,0.0,-7.0,
2017,furniture_decor,1c1890ba1779090cd54008a3c3302921,furniture_decor,1c1890ba1779090cd54008a3c3302921,仅6月销售,0,1,0,11190,0.0,111.9,,111.9,11190,111.9,,,,11190,,,111.9
2017,luggage_accessories,1c36a5285f7f3b1ed2637d7c528ce5ff,luggage_accessories,1c36a5285f7f3b1ed2637d7c528ce5ff,仅6月销售,0,1,0,9990,0.0,99.9,,99.9,9990,99.9,,,,9990,,,99.9
2017,bed_bath_table,1c42a107473d6b20db8ac7772b870e33,bed_bath_table,1c42a107473d6b20db8ac7772b870e33,仅6月销售,0,1,0,7899,0.0,78.99,,78.99,7899,78.99,,,,7899,,,78.99
2017,watches_gifts,1c4de4dd53a801716c8a3a2cf51f35fa,watches_gifts,1c4de4dd53a801716c8a3a2cf51f35fa,仅6月销售,0,1,0,14900,0.0,149.0,,149.0,14900,149.0,,,,14900,,,149.0
2017,furniture_living_room,1c55a8be0613dd888ed9c039cea3d660,furniture_living_room,1c55a8be0613dd888ed9c039cea3d660,仅6月销售,0,1,0,6290,0.0,62.9,,62.9,6290,62.9,,,,6290,,,62.9
2017,pet_shop,1c57458e824ca3d974ec1831a1a55e72,pet_shop,1c57458e824ca3d974ec1831a1a55e72,仅5月销售,2,0,19980,0,199.8,0.0,99.9,,-19980,-199.8,-100.0,,,-19980,,,-199.8
2017,fashion_shoes,1c687f9714b91f95caf2727cf84e5be3,fashion_shoes,1c687f9714b91f95caf2727cf84e5be3,仅5月销售,1,0,3590,0,35.9,0.0,35.9,,-3590,-35.9,-100.0,,,-3590,,,-35.9
2017,housewares,1cac2c9aee1db62c108da2205880e09c,housewares,1cac2c9aee1db62c108da2205880e09c,仅5月销售,1,0,2174,0,21.74,0.0,21.74,,-2174,-21.74,-100.0,,,-2174,,,-21.74
2017,furniture_decor,1cd35eaf33a642d4df4c9146837f5908,furniture_decor,1cd35eaf33a642d4df4c9146837f5908,仅6月销售,0,1,0,4999,0.0,49.99,,49.99,4999,49.99,,,,4999,,,49.99
2017,bed_bath_table,1cdfaf0cc5abd6063d3a10ae3318f345,bed_bath_table,1cdfaf0cc5abd6063d3a10ae3318f345,仅6月销售,0,1,0,15990,0.0,159.9,,159.9,15990,159.9,,,,15990,,,159.9
2017,furniture_decor,1d1183a8de24782a216dc5066d7421bf,furniture_decor,1d1183a8de24782a216dc5066d7421bf,两月均有销量,2,1,27000,13500,270.0,135.0,135.0,135.0,-13500,-135.0,-50.0,-13500,0,,-135.0,0.0,
2017,health_beauty,1d16c0509e7011656e03c6a582ff6667,health_beauty,1d16c0509e7011656e03c6a582ff6667,仅5月销售,4,0,304000,0,3040.0,0.0,760.0,,-304000,-3040.0,-100.0,,,-304000,,,-3040.0
2017,bed_bath_table,1d25200882dc5bcbff689ba2ba117f9f,bed_bath_table,1d25200882dc5bcbff689ba2ba117f9f,仅6月销售,0,1,0,7990,0.0,79.9,,79.9,7990,79.9,,,,7990,,,79.9
2017,perfumery,1d297ac3d18250759eb36e8b6c18fb5b,perfumery,1d297ac3d18250759eb36e8b6c18fb5b,仅5月销售,1,0,39999,0,399.99,0.0,399.99,,-39999,-399.99,-100.0,,,-39999,,,-399.99
2017,baby,1d2b1480b69b37d1d9ea481a4ab88fe3,baby,1d2b1480b69b37d1d9ea481a4ab88fe3,仅5月销售,1,0,5933,0,59.33,0.0,59.33,,-5933,-59.33,-100.0,,,-5933,,,-59.33
2017,sports_leisure,1d3ecbda18167c766a3381fd16108e4a,sports_leisure,1d3ecbda18167c766a3381fd16108e4a,仅6月销售,0,1,0,11999,0.0,119.99,,119.99,11999,119.99,,,,11999,,,119.99
2017,auto,1d3f55c00acdb29bd959f2760abc8b7d,auto,1d3f55c00acdb29bd959f2760abc8b7d,仅5月销售,1,0,17690,0,176.9,0.0,176.9,,-17690,-176.9,-100.0,,,-17690,,,-176.9
2017,housewares,1d6494a42302dba967b0c3a9c655d1a5,housewares,1d6494a42302dba967b0c3a9c655d1a5,仅5月销售,1,0,8400,0,84.0,0.0,84.0,,-8400,-84.0,-100.0,,,-8400,,,-84.0
2017,auto,1d682cfba05647a5231ac20cd77e6645,auto,1d682cfba05647a5231ac20cd77e6645,仅6月销售,0,1,0,17200,0.0,172.0,,172.0,17200,172.0,,,,17200,,,172.0
2017,bed_bath_table,1d6d7be70107889e3193819aca4dc1dc,bed_bath_table,1d6d7be70107889e3193819aca4dc1dc,仅5月销售,1,0,4890,0,48.9,0.0,48.9,,-4890,-48.9,-100.0,,,-4890,,,-48.9
2017,home_appliances,1d79cdcf69371b7e6e8ab6831d2c6483,home_appliances,1d79cdcf69371b7e6e8ab6831d2c6483,仅6月销售,0,2,0,4200,0.0,42.0,,21.0,4200,42.0,,,,4200,,,42.0
2017,home_appliances,1d97c41716d9bb1084dd1c1a99b1d5e9,home_appliances,1d97c41716d9bb1084dd1c1a99b1d5e9,两月均有销量,1,1,8000,8000,80.0,80.0,80.0,80.0,0,0.0,0.0,0,0,,0.0,0.0,
2017,toys,1d9b6ad747838d1e4f24445f4b9bff55,toys,1d9b6ad747838d1e4f24445f4b9bff55,仅6月销售,0,1,0,5799,0.0,57.99,,57.99,5799,57.99,,,,5799,,,57.99
2017,computers_accessories,1dc7685f4fdb9622d84ae2ec658d5bbf,computers_accessories,1dc7685f4fdb9622d84ae2ec658d5bbf,两月均有销量,1,1,19900,19900,199.0,199.0,199.0,199.0,0,0.0,0.0,0,0,,0.0,0.0,
2017,furniture_decor,1e5748190b56004a34ec795670bffe4d,furniture_decor,1e5748190b56004a34ec795670bffe4d,仅5月销售,1,0,11990,0,119.9,0.0,119.9,,-11990,-119.9,-100.0,,,-11990,,,-119.9
2017,garden_tools,1e587ac160dfda2548e3517c33e7faf0,garden_tools,1e587ac160dfda2548e3517c33e7faf0,仅5月销售,1,0,16290,0,162.9,0.0,162.9,,-16290,-162.9,-100.0,,,-16290,,,-162.9
2017,health_beauty,1e8aa599b7a43efac798dff87503a424,health_beauty,1e8aa599b7a43efac798dff87503a424,仅6月销售,0,1,0,2990,0.0,29.9,,29.9,2990,29.9,,,,2990,,,29.9
2017,fashion_bags_accessories,1e9718b1172540cd45abc1cfa8750da6,fashion_bags_accessories,1e9718b1172540cd45abc1cfa8750da6,两月均有销量,1,1,6990,6990,69.9,69.9,69.9,69.9,0,0.0,0.0,0,0,,0.0,0.0,
2017,watches_gifts,1ea2fc5b9d57d4a38537bc42da63952f,watches_gifts,1ea2fc5b9d57d4a38537bc42da63952f,仅5月销售,1,0,17800,0,178.0,0.0,178.0,,-17800,-178.0,-100.0,,,-17800,,,-178.0
2017,bed_bath_table,1eaf224c19e07b6e50bf0119eea1dd26,bed_bath_table,1eaf224c19e07b6e50bf0119eea1dd26,仅6月销售,0,1,0,9990,0.0,99.9,,99.9,9990,99.9,,,,9990,,,99.9
2017,fashion_bags_accessories,1ebb6bef272babda147dfdc51b0201e7,fashion_bags_accessories,1ebb6bef272babda147dfdc51b0201e7,仅6月销售,0,1,0,3490,0.0,34.9,,34.9,3490,34.9,,,,3490,,,34.9
2017,fashion_bags_accessories,1ec486885049bbb9b79351d150ed18c4,fashion_bags_accessories,1ec486885049bbb9b79351d150ed18c4,两月均有销量,2,2,9980,9980,99.8,99.8,49.9,49.9,0,0.0,0.0,0,0,,0.0,0.0,
2017,cool_stuff,1ed724b5e4b638eeb4bd3487d88b8f28,cool_stuff,1ed724b5e4b638eeb4bd3487d88b8f28,仅6月销售,0,1,0,264900,0.0,2649.0,,2649.0,264900,2649.0,,,,264900,,,2649.0
2017,fashion_bags_accessories,1f14955ab3f179a666e101d5984b1319,fashion_bags_accessories,1f14955ab3f179a666e101d5984b1319,仅6月销售,0,1,0,4000,0.0,40.0,,40.0,4000,40.0,,,,4000,,,40.0
2017,computers_accessories,1f32fa4223c913c075458059fde383bb,computers_accessories,1f32fa4223c913c075458059fde383bb,仅5月销售,1,0,46900,0,469.0,0.0,469.0,,-46900,-469.0,-100.0,,,-46900,,,-469.0
2017,furniture_decor,1f41007b4fd761b2fe56b77b7e0e58be,furniture_decor,1f41007b4fd761b2fe56b77b7e0e58be,仅6月销售,0,1,0,7990,0.0,79.9,,79.9,7990,79.9,,,,7990,,,79.9
2017,toys,1f9a992e9e20d544dead76bd2a0560f9,toys,1f9a992e9e20d544dead76bd2a0560f9,仅6月销售,0,1,0,9900,0.0,99.0,,99.0,9900,99.0,,,,9900,,,99.0
2017,bed_bath_table,1fa4ef78e1b8f0afea31e4ae9578affd,bed_bath_table,1fa4ef78e1b8f0afea31e4ae9578affd,两月均有销量,3,3,17997,17997,179.97,179.97,59.99,59.99,0,0.0,0.0,0,0,,0.0,0.0,
2017,perfumery,1fa784d8744e3ed625d8651ddb15e33b,perfumery,1fa784d8744e3ed625d8651ddb15e33b,两月均有销量,1,2,13990,27980,139.9,279.8,139.9,139.9,13990,139.9,100.0,13990,0,,139.9,0.0,
2017,sports_leisure,1fa968aa921dd9cdf625d5caf8f96654,sports_leisure,1fa968aa921dd9cdf625d5caf8f96654,仅6月销售,0,1,0,2199,0.0,21.99,,21.99,2199,21.99,,,,2199,,,21.99
2017,computers_accessories,1fafb4fdc8f7b3d202cb39f1218934e7,computers_accessories,1fafb4fdc8f7b3d202cb39f1218934e7,仅6月销售,0,1,0,1590,0.0,15.9,,15.9,1590,15.9,,,,1590,,,15.9
2017,stationery,1fc06ef354abfb79af03e2ac29577b03,stationery,1fc06ef354abfb79af03e2ac29577b03,两月均有销量,2,1,13800,6900,138.0,69.0,69.0,69.0,-6900,-69.0,-50.0,-6900,0,,-69.0,0.0,
2017,fashion_bags_accessories,1fc6e1729d564ec77eeeb9df95fca74f,fashion_bags_accessories,1fc6e1729d564ec77eeeb9df95fca74f,仅5月销售,1,0,5990,0,59.9,0.0,59.9,,-5990,-59.9,-100.0,,,-5990,,,-59.9
2017,furniture_decor,1fdac0720456c9b74b0a93aeb821d5a2,furniture_decor,1fdac0720456c9b74b0a93aeb821d5a2,仅5月销售,1,0,2600,0,26.0,0.0,26.0,,-2600,-26.0,-100.0,,,-2600,,,-26.0
2017,bed_bath_table,1fe7076c53248559454a7e1d6c1037f9,bed_bath_table,1fe7076c53248559454a7e1d6c1037f9,两月均有销量,1,1,3699,3699,36.99,36.99,36.99,36.99,0,0.0,0.0,0,0,,0.0,0.0,
2017,health_beauty,1fe8e6e01596885617fa1c90d29c2f81,health_beauty,1fe8e6e01596885617fa1c90d29c2f81,两月均有销量,7,1,57092,9000,570.92,90.0,81.56,90.0,-48092,-480.92,-84.23597001331184,-51468,3376,,-514.68,33.76,
2017,watches_gifts,1ff1090afbb3b1a09f61f5e49f0a6cce,watches_gifts,1ff1090afbb3b1a09f61f5e49f0a6cce,仅5月销售,2,0,51998,0,519.98,0.0,259.99,,-51998,-519.98,-100.0,,,-51998,,,-519.98
2017,health_beauty,1ff1ab7f1fb2e52ac45d89d1b63cbfbf,health_beauty,1ff1ab7f1fb2e52ac45d89d1b63cbfbf,仅5月销售,1,0,1390,0,13.9,0.0,13.9,,-1390,-13.9,-100.0,,,-1390,,,-13.9
2017,stationery,2001ae82f374f0f76db97ad0b37231da,stationery,2001ae82f374f0f76db97ad0b37231da,两月均有销量,1,1,18999,18999,189.99,189.99,189.99,189.99,0,0.0,0.0,0,0,,0.0,0.0,
2017,air_conditioning,20082386a501cbd8c41765656a115a2f,air_conditioning,20082386a501cbd8c41765656a115a2f,仅5月销售,1,0,24990,0,249.9,0.0,249.9,,-24990,-249.9,-100.0,,,-24990,,,-249.9
2017,luggage_accessories,2020db9c389956e879dd05e6250413d8,luggage_accessories,2020db9c389956e879dd05e6250413d8,仅5月销售,1,0,22990,0,229.9,0.0,229.9,,-22990,-229.9,-100.0,,,-22990,,,-229.9
2017,perfumery,2028bf1b01cafb2d2b1901fca4083222,perfumery,2028bf1b01cafb2d2b1901fca4083222,仅6月销售,0,4,0,22796,0.0,227.96,,56.99,22796,227.96,,,,22796,,,227.96
2017,garden_tools,2029248294c186017ecfc48cecd47bbd,garden_tools,2029248294c186017ecfc48cecd47bbd,两月均有销量,5,3,63495,38097,634.95,380.97,126.99,126.99,-25398,-253.98,-40.0,-25398,0,,-253.98,0.0,
2017,watches_gifts,202bd859659a841de892b00c341300ff,watches_gifts,202bd859659a841de892b00c341300ff,两月均有销量,2,1,7000,3500,70.0,35.0,35.0,35.0,-3500,-35.0,-50.0,-3500,0,,-35.0,0.0,
2017,furniture_decor,20340463234672489d7a3437445df770,furniture_decor,20340463234672489d7a3437445df770,仅6月销售,0,3,0,17970,0.0,179.7,,59.9,17970,179.7,,,,17970,,,179.7
2017,housewares,20424e1f503b9ceeeee60b717b11ec36,housewares,20424e1f503b9ceeeee60b717b11ec36,仅6月销售,0,1,0,14500,0.0,145.0,,145.0,14500,145.0,,,,14500,,,145.0
2017,garden_tools,2056c9497992c9032fdd92346baab6c3,garden_tools,2056c9497992c9032fdd92346baab6c3,仅5月销售,1,0,12600,0,126.0,0.0,126.0,,-12600,-126.0,-100.0,,,-12600,,,-126.0
2017,baby,205cf43d203186d5eb440a791a5b7404,baby,205cf43d203186d5eb440a791a5b7404,仅5月销售,1,0,2500,0,25.0,0.0,25.0,,-2500,-25.0,-100.0,,,-2500,,,-25.0
2017,telephony,2083a6feb4bbb31f6abc92fc24e468c0,telephony,2083a6feb4bbb31f6abc92fc24e468c0,两月均有销量,1,2,700,1400,7.0,14.0,7.0,7.0,700,7.0,100.0,700,0,,7.0,0.0,
2017,computers_accessories,20992273fc264d0a559e37c346090fe6,computers_accessories,20992273fc264d0a559e37c346090fe6,仅6月销售,0,1,0,3490,0.0,34.9,,34.9,3490,34.9,,,,3490,,,34.9
2017,telephony,209c968305b3c2ab858608fc0b21e7e0,telephony,209c968305b3c2ab858608fc0b21e7e0,仅6月销售,0,1,0,1899,0.0,18.99,,18.99,1899,18.99,,,,1899,,,18.99
2017,bed_bath_table,209fa5709fd95c3fac1edddca1d6c505,bed_bath_table,209fa5709fd95c3fac1edddca1d6c505,两月均有销量,1,1,8299,8299,82.99,82.99,82.99,82.99,0,0.0,0.0,0,0,,0.0,0.0,
2017,fashion_bags_accessories,20a56bb6cee7a1b8e02e245e637e1b8b,fashion_bags_accessories,20a56bb6cee7a1b8e02e245e637e1b8b,仅6月销售,0,1,0,34999,0.0,349.99,,349.99,34999,349.99,,,,34999,,,349.99
2017,cool_stuff,20a64c9ab614812a2634ebbd69bb4a02,cool_stuff,20a64c9ab614812a2634ebbd69bb4a02,仅6月销售,0,1,0,9999,0.0,99.99,,99.99,9999,99.99,,,,9999,,,99.99
2017,computers_accessories,20cfa43a881c16cdedaaab83e139d302,computers_accessories,20cfa43a881c16cdedaaab83e139d302,仅5月销售,1,0,2690,0,26.9,0.0,26.9,,-2690,-26.9,-100.0,,,-2690,,,-26.9
2017,perfumery,20f160a9cf2e856ee5eba259e9ae33f9,perfumery,20f160a9cf2e856ee5eba259e9ae33f9,仅6月销售,0,12,0,206702,0.0,2067.02,,172.25166666666667,206702,2067.02,,,,206702,,,2067.02
2017,bed_bath_table,20f9d67f27a7593da8c9e8981d4f81c8,bed_bath_table,20f9d67f27a7593da8c9e8981d4f81c8,仅5月销售,1,0,3699,0,36.99,0.0,36.99,,-3699,-36.99,-100.0,,,-3699,,,-36.99
2017,sports_leisure,210a8305d79b2f5719cbafb2c026797f,sports_leisure,210a8305d79b2f5719cbafb2c026797f,两月均有销量,2,5,7380,18450,73.8,184.5,36.9,36.9,11070,110.7,150.0,11070,0,,110.7,0.0,
2017,sports_leisure,21191f1db2fabc46b8ae34857a3b130a,sports_leisure,21191f1db2fabc46b8ae34857a3b130a,仅5月销售,2,0,24200,0,242.0,0.0,121.0,,-24200,-242.0,-100.0,,,-24200,,,-242.0
2017,books_general_interest,211f62173e6bd1cf140c0b05ecf78cbe,books_general_interest,211f62173e6bd1cf140c0b05ecf78cbe,仅5月销售,2,0,27980,0,279.8,0.0,139.9,,-27980,-279.8,-100.0,,,-27980,,,-279.8
2017,computers_accessories,2132979d9b6f64e99b8c9bb4da4e0323,computers_accessories,2132979d9b6f64e99b8c9bb4da4e0323,两月均有销量,2,1,19758,9879,197.58,98.79,98.79,98.79,-9879,-98.79,-50.0,-9879,0,,-98.79,0.0,
2017,watches_gifts,2136c70bbe723d338fab53da3c03e6dc,watches_gifts,2136c70bbe723d338fab53da3c03e6dc,两月均有销量,1,3,2900,8700,29.0,87.0,29.0,29.0,5800,58.0,200.0,5800,0,,58.0,0.0,
2017,fixed_telephony,213875479a90df7b399cee17003be95c,fixed_telephony,213875479a90df7b399cee17003be95c,仅5月销售,1,0,18999,0,189.99,0.0,189.99,,-18999,-189.99,-100.0,,,-18999,,,-189.99
2017,bed_bath_table,216414cd4aad908188257071249e0cc3,bed_bath_table,216414cd4aad908188257071249e0cc3,仅5月销售,1,0,22700,0,227.0,0.0,227.0,,-22700,-227.0,-100.0,,,-22700,,,-227.0
2017,furniture_decor,21a23f7375628a983f0496f2511e62fa,furniture_decor,21a23f7375628a983f0496f2511e62fa,仅5月销售,1,0,3990,0,39.9,0.0,39.9,,-3990,-39.9,-100.0,,,-3990,,,-39.9
2017,furniture_living_room,21d2fdced5c69bfc6539b67908a4ad28,furniture_living_room,21d2fdced5c69bfc6539b67908a4ad28,两月均有销量,1,1,17999,17999,179.99,179.99,179.99,179.99,0,0.0,0.0,0,0,,0.0,0.0,
2017,computers_accessories,21e72a490cbe93ed7aa675d2b1ae105a,computers_accessories,21e72a490cbe93ed7aa675d2b1ae105a,仅5月销售,1,0,21791,0,217.91,0.0,217.91,,-21791,-217.91,-100.0,,,-21791,,,-217.91
2017,furniture_decor,21fb5057dd6a737df6851a7ab7a130da,furniture_decor,21fb5057dd6a737df6851a7ab7a130da,仅5月销售,3,0,16500,0,165.0,0.0,55.0,,-16500,-165.0,-100.0,,,-16500,,,-165.0
2017,housewares,21fd3b391a97c2fedab9d0efdd183a93,housewares,21fd3b391a97c2fedab9d0efdd183a93,仅5月销售,1,0,48998,0,489.98,0.0,489.98,,-48998,-489.98,-100.0,,,-48998,,,-489.98
2017,perfumery,222684e29ad17ce818d1b01753c0cfb8,perfumery,222684e29ad17ce818d1b01753c0cfb8,仅6月销售,0,1,0,26990,0.0,269.9,,269.9,26990,269.9,,,,26990,,,269.9
2017,office_furniture,2239cf6b4421c4bd57f8a87127800929,office_furniture,2239cf6b4421c4bd57f8a87127800929,仅6月销售,0,2,0,29398,0.0,293.98,,146.99,29398,293.98,,,,29398,,,293.98
2017,computers_accessories,22560e21f2b8afbeb6939cab114839f3,computers_accessories,22560e21f2b8afbeb6939cab114839f3,仅5月销售,1,0,5838,0,58.38,0.0,58.38,,-5838,-58.38,-100.0,,,-5838,,,-58.38
2017,office_furniture,22594ba8fd9a72ad95d352929c821560,office_furniture,22594ba8fd9a72ad95d352929c821560,仅5月销售,10,0,112990,0,1129.9,0.0,112.99,,-112990,-1129.9,-100.0,,,-112990,,,-1129.9
2017,watches_gifts,228f57b1acb5bdce9401c58653c8cc14,watches_gifts,228f57b1acb5bdce9401c58653c8cc14,两月均有销量,1,4,20581,82324,205.81,823.24,205.81,205.81,61743,617.43,300.0,61743,0,,617.43,0.0,
2017,cool_stuff,2291d090b69f60fc0ffd95ae394daa77,cool_stuff,2291d090b69f60fc0ffd95ae394daa77,两月均有销量,5,1,49950,9990,499.5,99.9,99.9,99.9,-39960,-399.6,-80.0,-39960,0,,-399.6,0.0,
2017,housewares,22acbb4638c65fd0e689a35f11cda340,housewares,22acbb4638c65fd0e689a35f11cda340,仅6月销售,0,1,0,4590,0.0,45.9,,45.9,4590,45.9,,,,4590,,,45.9
2017,furniture_decor,22bb87b27484c91c055cca7fd6d0793a,furniture_decor,22bb87b27484c91c055cca7fd6d0793a,仅5月销售,1,0,25180,0,251.8,0.0,251.8,,-25180,-251.8,-100.0,,,-25180,,,-251.8
2017,perfumery,22c5ddc22ea8cae84fc9917def682dc6,perfumery,22c5ddc22ea8cae84fc9917def682dc6,两月均有销量,3,2,17097,11398,170.97,113.98,56.99,56.99,-5699,-56.99,-33.333333333333336,-5699,0,,-56.99,0.0,
2017,electronics,22d371a03788bba3e56df85011a9e392,electronics,22d371a03788bba3e56df85011a9e392,仅5月销售,3,0,17985,0,179.85,0.0,59.95,,-17985,-179.85,-100.0,,,-17985,,,-179.85
2017,office_furniture,22e1d28f941306826ef9642bc41822a5,office_furniture,22e1d28f941306826ef9642bc41822a5,仅6月销售,0,1,0,7999,0.0,79.99,,79.99,7999,79.99,,,,7999,,,79.99
2017,bed_bath_table,22f49044bc3eaead7cadfb045391582f,bed_bath_table,22f49044bc3eaead7cadfb045391582f,仅5月销售,1,0,8990,0,89.9,0.0,89.9,,-8990,-89.9,-100.0,,,-8990,,,-89.9
2017,auto,22f80c8069aff9c90b22803e6aec51f5,auto,22f80c8069aff9c90b22803e6aec51f5,仅6月销售,0,1,0,3176,0.0,31.76,,31.76,3176,31.76,,,,3176,,,31.76
2017,sports_leisure,232e8b868fc5535b10702cb09d2d83a7,sports_leisure,232e8b868fc5535b10702cb09d2d83a7,仅6月销售,0,1,0,5990,0.0,59.9,,59.9,5990,59.9,,,,5990,,,59.9
2017,cool_stuff,232f608487cd2ed6669631eb468f2ed0,cool_stuff,232f608487cd2ed6669631eb468f2ed0,仅5月销售,1,0,26000,0,260.0,0.0,260.0,,-26000,-260.0,-100.0,,,-26000,,,-260.0
2017,housewares,233284251960ee2c45f3bc9e68731630,housewares,233284251960ee2c45f3bc9e68731630,仅6月销售,0,1,0,2186,0.0,21.86,,21.86,2186,21.86,,,,2186,,,21.86
2017,telephony,23365beed316535b4105bd800c46670e,telephony,23365beed316535b4105bd800c46670e,两月均有销量,12,10,20634,16100,206.34,161.0,17.195,16.1,-4534,-45.34,-21.973441892022876,-3330,-1204,,-33.3,-12.04,
2017,art,2338a290bd0581fde51b770baeddb0a6,art,2338a290bd0581fde51b770baeddb0a6,仅5月销售,2,0,13980,0,139.8,0.0,69.9,,-13980,-139.8,-100.0,,,-13980,,,-139.8
2017,stationery,235458528f907463ec55ebb1e16b69f0,stationery,235458528f907463ec55ebb1e16b69f0,两月均有销量,3,1,16470,5490,164.7,54.9,54.9,54.9,-10980,-109.8,-66.66666666666667,-10980,0,,-109.8,0.0,
2017,watches_gifts,235b4ddb049ab79478e058d0d3609bae,watches_gifts,235b4ddb049ab79478e058d0d3609bae,仅5月销售,1,0,19900,0,199.0,0.0,199.0,,-19900,-199.0,-100.0,,,-19900,,,-199.0
2017,auto,2362291929f77eccf5f5cb26029dcf90,auto,2362291929f77eccf5f5cb26029dcf90,两月均有销量,1,2,7800,15600,78.0,156.0,78.0,78.0,7800,78.0,100.0,7800,0,,78.0,0.0,
2017,sports_leisure,236c8998f9a6e6150cdfb75fed83c15d,sports_leisure,236c8998f9a6e6150cdfb75fed83c15d,仅5月销售,1,0,25200,0,252.0,0.0,252.0,,-25200,-252.0,-100.0,,,-25200,,,-252.0
2017,luggage_accessories,23905e2fed49239bf63e416ba24bd556,luggage_accessories,23905e2fed49239bf63e416ba24bd556,仅6月销售,0,1,0,25999,0.0,259.99,,259.99,25999,259.99,,,,25999,,,259.99
2017,toys,23a8c3849cf3f25b1962e056d459deb7,toys,23a8c3849cf3f25b1962e056d459deb7,仅5月销售,1,0,51999,0,519.99,0.0,519.99,,-51999,-519.99,-100.0,,,-51999,,,-519.99
2017,toys,23bcd6822a33df5534f9b290216eec1f,toys,23bcd6822a33df5534f9b290216eec1f,两月均有销量,2,1,21980,12990,219.8,129.9,109.9,129.9,-8990,-89.9,-40.90081892629664,-11990,3000,,-119.9,30.0,
2017,watches_gifts,23bd5dc8d3c4cbe16e947b54fc22b3fb,watches_gifts,23bd5dc8d3c4cbe16e947b54fc22b3fb,仅5月销售,1,0,17900,0,179.0,0.0,179.0,,-17900,-179.0,-100.0,,,-17900,,,-179.0
2017,sports_leisure,23c6236434e58c6519c19e56c2dade45,sports_leisure,23c6236434e58c6519c19e56c2dade45,仅6月销售,0,2,0,25980,0.0,259.8,,129.9,25980,259.8,,,,25980,,,259.8
2017,health_beauty,23c8673349e70f9408b2d15865532c53,health_beauty,23c8673349e70f9408b2d15865532c53,仅5月销售,1,0,14490,0,144.9,0.0,144.9,,-14490,-144.9,-100.0,,,-14490,,,-144.9
2017,perfumery,23ed7a10a36c6f88a757a9c83df9ea20,perfumery,23ed7a10a36c6f88a757a9c83df9ea20,两月均有销量,2,5,89980,224950,899.8,2249.5,449.9,449.9,134970,1349.7,150.0,134970,0,,1349.7,0.0,
2017,home_construction,23f2ebdf4d6f7badc8bbd40af362f681,home_construction,23f2ebdf4d6f7badc8bbd40af362f681,仅6月销售,0,5,0,122850,0.0,1228.5,,245.7,122850,1228.5,,,,122850,,,1228.5
2017,toys,2423252b2432f1803e4f29e0974c6cf7,toys,2423252b2432f1803e4f29e0974c6cf7,仅5月销售,1,0,13990,0,139.9,0.0,139.9,,-13990,-139.9,-100.0,,,-13990,,,-139.9
2017,toys,242e1933d9cb1c789d3c6a3f2d083ba0,toys,242e1933d9cb1c789d3c6a3f2d083ba0,仅6月销售,0,1,0,15890,0.0,158.9,,158.9,15890,158.9,,,,15890,,,158.9
2017,baby,242ec3ff603c92ddc1e59d83b9e40a2d,baby,242ec3ff603c92ddc1e59d83b9e40a2d,仅6月销售,0,1,0,2500,0.0,25.0,,25.0,2500,25.0,,,,2500,,,25.0
2017,computers_accessories,2446edad7ab4cfedebb8728497ac4575,computers_accessories,2446edad7ab4cfedebb8728497ac4575,仅5月销售,2,0,11898,0,118.98,0.0,59.49,,-11898,-118.98,-100.0,,,-11898,,,-118.98
2017,watches_gifts,2454302057bca58015b4674cc2a6d9a4,watches_gifts,2454302057bca58015b4674cc2a6d9a4,仅5月销售,1,0,68999,0,689.99,0.0,689.99,,-68999,-689.99,-100.0,,,-68999,,,-689.99
2017,pet_shop,24619f43ab25b60db576926fd78edd39,pet_shop,24619f43ab25b60db576926fd78edd39,仅5月销售,1,0,79800,0,798.0,0.0,798.0,,-79800,-798.0,-100.0,,,-79800,,,-798.0
2017,cool_stuff,246d85d18978e56d249ebaf657bb44bc,cool_stuff,246d85d18978e56d249ebaf657bb44bc,两月均有销量,1,1,12999,12999,129.99,129.99,129.99,129.99,0,0.0,0.0,0,0,,0.0,0.0,
2017,sports_leisure,246e1686bfd115c87718db59425dfa1d,sports_leisure,246e1686bfd115c87718db59425dfa1d,仅5月销售,1,0,1433,0,14.33,0.0,14.33,,-1433,-14.33,-100.0,,,-1433,,,-14.33
2017,computers_accessories,247fa5b4e2f524a22b21ef256ffc23e4,computers_accessories,247fa5b4e2f524a22b21ef256ffc23e4,两月均有销量,2,2,5680,5980,56.8,59.8,28.4,29.9,300,3.0,5.28169014084507,0,300,,0.0,3.0,
2017,furniture_decor,2481a472d98c582b46bc2dfeae6f539f,furniture_decor,2481a472d98c582b46bc2dfeae6f539f,两月均有销量,1,1,5955,5955,59.55,59.55,59.55,59.55,0,0.0,0.0,0,0,,0.0,0.0,
2017,health_beauty,2483416c14aa8d93dad96745a9230bfa,health_beauty,2483416c14aa8d93dad96745a9230bfa,仅6月销售,0,1,0,86000,0.0,860.0,,860.0,86000,860.0,,,,86000,,,860.0
2017,market_place,249da1970e34871eedb6b6a70e89aec2,market_place,249da1970e34871eedb6b6a70e89aec2,仅5月销售,1,0,12500,0,125.0,0.0,125.0,,-12500,-125.0,-100.0,,,-12500,,,-125.0
2017,bed_bath_table,24a014458ccc6e989b4fcef5fa71da58,bed_bath_table,24a014458ccc6e989b4fcef5fa71da58,仅5月销售,1,0,10990,0,109.9,0.0,109.9,,-10990,-109.9,-100.0,,,-10990,,,-109.9
2017,garden_tools,24a8def3ef6e6ee8fcaabfa6e0e9f6be,garden_tools,24a8def3ef6e6ee8fcaabfa6e0e9f6be,仅5月销售,2,0,35800,0,358.0,0.0,179.0,,-35800,-358.0,-100.0,,,-35800,,,-358.0
2017,toys,24ad6518fbcba9b028f168019c6c2d67,toys,24ad6518fbcba9b028f168019c6c2d67,仅5月销售,1,0,9490,0,94.9,0.0,94.9,,-9490,-94.9,-100.0,,,-9490,,,-94.9
2017,computers_accessories,24cdea192c5e345910d4fda8580576bd,computers_accessories,24cdea192c5e345910d4fda8580576bd,仅5月销售,1,0,14599,0,145.99,0.0,145.99,,-14599,-145.99,-100.0,,,-14599,,,-145.99
2017,bed_bath_table,24d7b551f0ea7c3cea080d402b211132,bed_bath_table,24d7b551f0ea7c3cea080d402b211132,两月均有销量,1,1,2790,2790,27.9,27.9,27.9,27.9,0,0.0,0.0,0,0,,0.0,0.0,
2017,sports_leisure,24d8da2d499efba175b1092826b7e390,sports_leisure,24d8da2d499efba175b1092826b7e390,两月均有销量,2,1,3980,1990,39.8,19.9,19.9,19.9,-1990,-19.9,-50.0,-1990,0,,-19.9,0.0,
2017,small_appliances,24dd446745b812ef3347d7ae00f5541f,small_appliances,24dd446745b812ef3347d7ae00f5541f,仅5月销售,1,0,9300,0,93.0,0.0,93.0,,-9300,-93.0,-100.0,,,-9300,,,-93.0
2017,baby,2515eea3c60c67ecbb38b2f6b72733a3,baby,2515eea3c60c67ecbb38b2f6b72733a3,仅5月销售,1,0,11000,0,110.0,0.0,110.0,,-11000,-110.0,-100.0,,,-11000,,,-110.0
2017,watches_gifts,2516615ef3ab70913809f9d5fc363740,watches_gifts,2516615ef3ab70913809f9d5fc363740,两月均有销量,2,1,10160,4790,101.6,47.9,50.8,47.9,-5370,-53.7,-52.854330708661415,-4935,-435,,-49.35,-4.35,
2017,sports_leisure,2532ba0aec0ced81cdc2dd0dbeeb0f72,sports_leisure,2532ba0aec0ced81cdc2dd0dbeeb0f72,仅5月销售,1,0,6990,0,69.9,0.0,69.9,,-6990,-69.9,-100.0,,,-6990,,,-69.9
2017,musical_instruments,253aede415ef331d1262ffc3a411224d,musical_instruments,253aede415ef331d1262ffc3a411224d,仅6月销售,0,1,0,29936,0.0,299.36,,299.36,29936,299.36,,,,29936,,,299.36
2017,sports_leisure,25437c6ccd9cdc28db375f821881224f,sports_leisure,25437c6ccd9cdc28db375f821881224f,仅5月销售,1,0,9990,0,99.9,0.0,99.9,,-9990,-99.9,-100.0,,,-9990,,,-99.9
2017,bed_bath_table,2555fdb6a9df9fa378f024937c86d07a,bed_bath_table,2555fdb6a9df9fa378f024937c86d07a,仅5月销售,1,0,5990,0,59.9,0.0,59.9,,-5990,-59.9,-100.0,,,-5990,,,-59.9
2017,stationery,25b569d22d25020f8a5d52f8ad129b14,stationery,25b569d22d25020f8a5d52f8ad129b14,仅5月销售,1,0,2900,0,29.0,0.0,29.0,,-2900,-29.0,-100.0,,,-2900,,,-29.0
2017,bed_bath_table,25bf7c5e5f9d008845212122805014e5,bed_bath_table,25bf7c5e5f9d008845212122805014e5,仅6月销售,0,4,0,7560,0.0,75.6,,18.9,7560,75.6,,,,7560,,,75.6
2017,telephony,25d6edcd216a9ee579f19f92d694f7d5,telephony,25d6edcd216a9ee579f19f92d694f7d5,两月均有销量,1,4,1297,5188,12.97,51.88,12.97,12.97,3891,38.91,300.0,3891,0,,38.91,0.0,
2017,bed_bath_table,25f86162fee18735fffdb762dcb10d7c,bed_bath_table,25f86162fee18735fffdb762dcb10d7c,仅6月销售,0,2,0,31980,0.0,319.8,,159.9,31980,319.8,,,,31980,,,319.8
2017,furniture_decor,2629c2e1e3a0b360912763741f1bb7ef,furniture_decor,2629c2e1e3a0b360912763741f1bb7ef,仅6月销售,0,1,0,5990,0.0,59.9,,59.9,5990,59.9,,,,5990,,,59.9
2017,housewares,2635c3e7db0ac6cb3e733cac61ce0ba5,housewares,2635c3e7db0ac6cb3e733cac61ce0ba5,仅6月销售,0,2,0,5380,0.0,53.8,,26.9,5380,53.8,,,,5380,,,53.8
2017,watches_gifts,2644ba2d059f5ddf0520e34db25fb62d,watches_gifts,2644ba2d059f5ddf0520e34db25fb62d,仅5月销售,1,0,13800,0,138.0,0.0,138.0,,-13800,-138.0,-100.0,,,-13800,,,-138.0
2017,electronics,266f0c6925e7873790f11b920c701190,electronics,266f0c6925e7873790f11b920c701190,仅5月销售,1,0,1390,0,13.9,0.0,13.9,,-1390,-13.9,-100.0,,,-1390,,,-13.9
2017,watches_gifts,26a2fb5942decfca6995cab323903413,watches_gifts,26a2fb5942decfca6995cab323903413,仅5月销售,1,0,26776,0,267.76,0.0,267.76,,-26776,-267.76,-100.0,,,-26776,,,-267.76
2017,toys,26dbcaad027ebbead6bb387c7d68abca,toys,26dbcaad027ebbead6bb387c7d68abca,仅5月销售,1,0,24999,0,249.99,0.0,249.99,,-24999,-249.99,-100.0,,,-24999,,,-249.99
2017,food_drink,26f03967104b76d4ebd5e43a1b3c1e18,food_drink,26f03967104b76d4ebd5e43a1b3c1e18,仅5月销售,3,0,6450,0,64.5,0.0,21.5,,-6450,-64.5,-100.0,,,-6450,,,-64.5
2017,perfumery,2708ea4fc1340081efeffbf11f14d765,perfumery,2708ea4fc1340081efeffbf11f14d765,仅5月销售,3,0,38970,0,389.7,0.0,129.9,,-38970,-389.7,-100.0,,,-38970,,,-389.7
2017,sports_leisure,271ce3fc018562e90257af8cd2af06bd,sports_leisure,271ce3fc018562e90257af8cd2af06bd,仅5月销售,1,0,7262,0,72.62,0.0,72.62,,-7262,-72.62,-100.0,,,-7262,,,-72.62
2017,bed_bath_table,271f1932e906a6f5e59ffbf12cf04e93,bed_bath_table,271f1932e906a6f5e59ffbf12cf04e93,仅5月销售,1,0,12490,0,124.9,0.0,124.9,,-12490,-124.9,-100.0,,,-12490,,,-124.9
2017,market_place,272e51f7fc982529466144f8b68ec58e,market_place,272e51f7fc982529466144f8b68ec58e,仅5月销售,2,0,35980,0,359.8,0.0,179.9,,-35980,-359.8,-100.0,,,-35980,,,-359.8
2017,stationery,274669a78ffdf9398adbd9502e6c4915,stationery,274669a78ffdf9398adbd9502e6c4915,仅6月销售,0,2,0,5980,0.0,59.8,,29.9,5980,59.8,,,,5980,,,59.8
2017,furniture_decor,274e7506d72bf55831c52e2609d2d470,furniture_decor,274e7506d72bf55831c52e2609d2d470,仅5月销售,1,0,2990,0,29.9,0.0,29.9,,-2990,-29.9,-100.0,,,-2990,,,-29.9
2017,health_beauty,27535386be7362e36d9e78c2afb8c0e5,health_beauty,27535386be7362e36d9e78c2afb8c0e5,仅6月销售,0,2,0,239980,0.0,2399.8,,1199.9,239980,2399.8,,,,239980,,,2399.8
2017,kitchen_dining_laundry_garden_furniture,275bbd43a9fdb71853216091565522ac,kitchen_dining_laundry_garden_furniture,275bbd43a9fdb71853216091565522ac,仅6月销售,0,1,0,22900,0.0,229.0,,229.0,22900,229.0,,,,22900,,,229.0
2017,fashion_bags_accessories,27672da99215b426dc0ced05731bccc6,fashion_bags_accessories,27672da99215b426dc0ced05731bccc6,仅5月销售,1,0,7900,0,79.0,0.0,79.0,,-7900,-79.0,-100.0,,,-7900,,,-79.0
2017,garden_tools,276e9ed23a30582d125743aaed57ed22,garden_tools,276e9ed23a30582d125743aaed57ed22,仅6月销售,0,1,0,1999,0.0,19.99,,19.99,1999,19.99,,,,1999,,,19.99
2017,furniture_decor,276f08e98f8f7711c2785ce40fc9d4d9,furniture_decor,276f08e98f8f7711c2785ce40fc9d4d9,仅6月销售,0,4,0,105600,0.0,1056.0,,264.0,105600,1056.0,,,,105600,,,1056.0
2017,furniture_decor,27761f21b03a32be1aad6ebaebddd747,furniture_decor,27761f21b03a32be1aad6ebaebddd747,仅6月销售,0,1,0,6990,0.0,69.9,,69.9,6990,69.9,,,,6990,,,69.9
2017,(unknown),27822f63a7f1bbbf439dfbdbec05b129,(unknown),27822f63a7f1bbbf439dfbdbec05b129,仅6月销售,0,1,0,9800,0.0,98.0,,98.0,9800,98.0,,,,9800,,,98.0
2017,computers_accessories,27a8b41684f77dd86572fa185bc143ba,computers_accessories,27a8b41684f77dd86572fa185bc143ba,仅6月销售,0,2,0,7140,0.0,71.4,,35.7,7140,71.4,,,,7140,,,71.4
2017,auto,27b53acb5f37e2d79d49af25312096a5,auto,27b53acb5f37e2d79d49af25312096a5,仅5月销售,1,0,3600,0,36.0,0.0,36.0,,-3600,-36.0,-100.0,,,-3600,,,-36.0
2017,sports_leisure,27ceea27f2ac01a3b74b92e5b0a72a29,sports_leisure,27ceea27f2ac01a3b74b92e5b0a72a29,仅6月销售,0,1,0,9680,0.0,96.8,,96.8,9680,96.8,,,,9680,,,96.8
2017,toys,27da598c46f42cc744ead106a289e677,toys,27da598c46f42cc744ead106a289e677,仅5月销售,1,0,2990,0,29.9,0.0,29.9,,-2990,-29.9,-100.0,,,-2990,,,-29.9
2017,computers_accessories,27e83703cdd809616f51c1d456314ed7,computers_accessories,27e83703cdd809616f51c1d456314ed7,仅6月销售,0,1,0,17590,0.0,175.9,,175.9,17590,175.9,,,,17590,,,175.9
2017,electronics,27f6ada7e1fbb3d1d6e77f685bd04bd1,electronics,27f6ada7e1fbb3d1d6e77f685bd04bd1,两月均有销量,1,1,11850,11850,118.5,118.5,118.5,118.5,0,0.0,0.0,0,0,,0.0,0.0,
2017,fashio_female_clothing,2819e0fe205e3a81329782eb5fb274db,fashio_female_clothing,2819e0fe205e3a81329782eb5fb274db,仅6月销售,0,1,0,6500,0.0,65.0,,65.0,6500,65.0,,,,6500,,,65.0
2017,auto,2820a0ee65a765e5dbb7ef1da30d2f4f,auto,2820a0ee65a765e5dbb7ef1da30d2f4f,仅6月销售,0,2,0,75980,0.0,759.8,,379.9,75980,759.8,,,,75980,,,759.8
2017,bed_bath_table,283dc451ad3918badb976d56ff887289,bed_bath_table,283dc451ad3918badb976d56ff887289,两月均有销量,3,2,23970,17980,239.7,179.8,79.9,89.9,-5990,-59.9,-24.98957029620359,-8490,2500,,-84.9,25.0,
2017,sports_leisure,28492192565141edad4251d6f32d1fe1,sports_leisure,28492192565141edad4251d6f32d1fe1,仅5月销售,1,0,16990,0,169.9,0.0,169.9,,-16990,-169.9,-100.0,,,-16990,,,-169.9
2017,sports_leisure,284d7e2406319d5b3491ee65da648b6e,sports_leisure,284d7e2406319d5b3491ee65da648b6e,仅5月销售,1,0,15990,0,159.9,0.0,159.9,,-15990,-159.9,-100.0,,,-15990,,,-159.9
2017,watches_gifts,284ef4c556d79d838fd1970e26d14173,watches_gifts,284ef4c556d79d838fd1970e26d14173,仅5月销售,1,0,5871,0,58.71,0.0,58.71,,-5871,-58.71,-100.0,,,-5871,,,-58.71
2017,furniture_decor,288dbc06591742c5d7fe90fbfb08943e,furniture_decor,288dbc06591742c5d7fe90fbfb08943e,仅6月销售,0,2,0,20300,0.0,203.0,,101.5,20300,203.0,,,,20300,,,203.0
2017,sports_leisure,289d248f6a9046a0f0be47cda2b45537,sports_leisure,289d248f6a9046a0f0be47cda2b45537,仅5月销售,1,0,1399,0,13.99,0.0,13.99,,-1399,-13.99,-100.0,,,-1399,,,-13.99
2017,fashion_childrens_clothes,28ac6af4008a402e5039f3e042a36e13,fashion_childrens_clothes,28ac6af4008a402e5039f3e042a36e13,仅6月销售,0,1,0,11000,0.0,110.0,,110.0,11000,110.0,,,,11000,,,110.0
2017,sports_leisure,28ac89c113ac960ad954042de30dd52f,sports_leisure,28ac89c113ac960ad954042de30dd52f,仅5月销售,2,0,11700,0,117.0,0.0,58.5,,-11700,-117.0,-100.0,,,-11700,,,-117.0
2017,furniture_decor,28b4eced95a52d9c437a4caf9d311b95,furniture_decor,28b4eced95a52d9c437a4caf9d311b95,仅6月销售,0,1,0,5990,0.0,59.9,,59.9,5990,59.9,,,,5990,,,59.9
2017,home_appliances,28b5fef7b6d63771e9784bc68c783793,home_appliances,28b5fef7b6d63771e9784bc68c783793,仅5月销售,3,0,10500,0,105.0,0.0,35.0,,-10500,-105.0,-100.0,,,-10500,,,-105.0
2017,watches_gifts,28c95d7653177449fd4b6fc7adb63ce9,watches_gifts,28c95d7653177449fd4b6fc7adb63ce9,仅6月销售,0,1,0,78842,0.0,788.42,,788.42,78842,788.42,,,,78842,,,788.42
2017,bed_bath_table,28ef7ba5765422d40274d5ebeac97c9b,bed_bath_table,28ef7ba5765422d40274d5ebeac97c9b,仅6月销售,0,1,0,29900,0.0,299.0,,299.0,29900,299.0,,,,29900,,,299.0
2017,cool_stuff,29427de7f8a9ee983d9dbc51cec569b4,cool_stuff,29427de7f8a9ee983d9dbc51cec569b4,两月均有销量,18,11,179982,109989,1799.82,1099.89,99.99,99.99,-69993,-699.93,-38.888888888888886,-69993,0,,-699.93,0.0,
2017,food_drink,2960abe1e5e92f82f98f3358b7fc9a2e,food_drink,2960abe1e5e92f82f98f3358b7fc9a2e,仅5月销售,1,0,2790,0,27.9,0.0,27.9,,-2790,-27.9,-100.0,,,-2790,,,-27.9
2017,furniture_decor,29b85c2f1ec5f4d02b03737a8fd3698b,furniture_decor,29b85c2f1ec5f4d02b03737a8fd3698b,两月均有销量,1,1,18690,19800,186.9,198.0,186.9,198.0,1110,11.1,5.93900481540931,0,1110,,0.0,11.1,
2017,home_confort,29bcbac6eec9fa5e51f01225e8004c93,home_confort,29bcbac6eec9fa5e51f01225e8004c93,仅5月销售,2,0,79800,0,798.0,0.0,399.0,,-79800,-798.0,-100.0,,,-79800,,,-798.0
2017,auto,29e4631be78811ab993ae12613053b53,auto,29e4631be78811ab993ae12613053b53,仅5月销售,1,0,13800,0,138.0,0.0,138.0,,-13800,-138.0,-100.0,,,-13800,,,-138.0
2017,sports_leisure,29f4b939c9bce7b71f366ba0eef2c4d8,sports_leisure,29f4b939c9bce7b71f366ba0eef2c4d8,仅5月销售,1,0,10400,0,104.0,0.0,104.0,,-10400,-104.0,-100.0,,,-10400,,,-104.0
2017,bed_bath_table,29fd9022374ff3fef2e8f82c39b4133e,bed_bath_table,29fd9022374ff3fef2e8f82c39b4133e,仅5月销售,1,0,6990,0,69.9,0.0,69.9,,-6990,-69.9,-100.0,,,-6990,,,-69.9
2017,furniture_decor,2a0c7978182ff664a3bc452b7e5f0b6f,furniture_decor,2a0c7978182ff664a3bc452b7e5f0b6f,仅5月销售,1,0,780,0,7.8,0.0,7.8,,-780,-7.8,-100.0,,,-780,,,-7.8
2017,bed_bath_table,2a0cbfbf0006e0d28dee8a5f20e1ebf2,bed_bath_table,2a0cbfbf0006e0d28dee8a5f20e1ebf2,仅5月销售,1,0,19990,0,199.9,0.0,199.9,,-19990,-199.9,-100.0,,,-19990,,,-199.9
2017,telephony,2a1e3c9dcf961bc044d917e9358041e4,telephony,2a1e3c9dcf961bc044d917e9358041e4,仅5月销售,3,0,14997,0,149.97,0.0,49.99,,-14997,-149.97,-100.0,,,-14997,,,-149.97
2017,fashion_shoes,2a21592fa9b5f82a36ec4e151bb31d10,fashion_shoes,2a21592fa9b5f82a36ec4e151bb31d10,仅6月销售,0,1,0,3590,0.0,35.9,,35.9,3590,35.9,,,,3590,,,35.9
2017,bed_bath_table,2a2d22ae30e026f1893083c8405ca522,bed_bath_table,2a2d22ae30e026f1893083c8405ca522,两月均有销量,5,9,67450,121410,674.5,1214.1,134.9,134.9,53960,539.6,80.0,53960,0,,539.6,0.0,
2017,pet_shop,2a4d7470cdcf5e02f7ad83e56971bb80,pet_shop,2a4d7470cdcf5e02f7ad83e56971bb80,仅6月销售,0,1,0,11590,0.0,115.9,,115.9,11590,115.9,,,,11590,,,115.9
2017,office_furniture,2a5806f10d0f00e5ad032dd2e3c8806e,office_furniture,2a5806f10d0f00e5ad032dd2e3c8806e,仅5月销售,3,0,53097,0,530.97,0.0,176.99,,-53097,-530.97,-100.0,,,-53097,,,-530.97
2017,telephony,2a71535169f1f7a56b266e6877bb8cf9,telephony,2a71535169f1f7a56b266e6877bb8cf9,仅6月销售,0,1,0,2690,0.0,26.9,,26.9,2690,26.9,,,,2690,,,26.9
2017,stationery,2a74acb77e71d1cb27a9dd28cf95e561,stationery,2a74acb77e71d1cb27a9dd28cf95e561,仅6月销售,0,1,0,8500,0.0,85.0,,85.0,8500,85.0,,,,8500,,,85.0
2017,baby,2ac0cca735ca6684053d28a17883b765,baby,2ac0cca735ca6684053d28a17883b765,仅6月销售,0,1,0,11990,0.0,119.9,,119.9,11990,119.9,,,,11990,,,119.9
2017,sports_leisure,2ac71e1960d313613f4f4cd468c602cb,sports_leisure,2ac71e1960d313613f4f4cd468c602cb,仅5月销售,7,0,48930,0,489.3,0.0,69.9,,-48930,-489.3,-100.0,,,-48930,,,-489.3
2017,housewares,2ac7c9339ff85fff3e1aee3eaf7bb315,housewares,2ac7c9339ff85fff3e1aee3eaf7bb315,仅6月销售,0,1,0,3200,0.0,32.0,,32.0,3200,32.0,,,,3200,,,32.0
2017,telephony,2acce4db469045e8f9a863028abce19d,telephony,2acce4db469045e8f9a863028abce19d,两月均有销量,1,6,1799,10794,17.99,107.94,17.99,17.99,8995,89.95,500.0,8995,0,,89.95,0.0,
2017,industry_commerce_and_business,2ad2f5e9d792e5c06603614f2f681c26,industry_commerce_and_business,2ad2f5e9d792e5c06603614f2f681c26,仅5月销售,1,0,37990,0,379.9,0.0,379.9,,-37990,-379.9,-100.0,,,-37990,,,-379.9
2017,sports_leisure,2ae40c35ef6620f730a55329d0cd3301,sports_leisure,2ae40c35ef6620f730a55329d0cd3301,仅5月销售,1,0,9900,0,99.0,0.0,99.0,,-9900,-99.0,-100.0,,,-9900,,,-99.0
2017,furniture_decor,2b1253c7c4fc2b039a4a91b0a5f1cc68,furniture_decor,2b1253c7c4fc2b039a4a91b0a5f1cc68,仅5月销售,1,0,4699,0,46.99,0.0,46.99,,-4699,-46.99,-100.0,,,-4699,,,-46.99
2017,watches_gifts,2b28903240e8ae0f0c45a14e769d9431,watches_gifts,2b28903240e8ae0f0c45a14e769d9431,仅5月销售,1,0,19800,0,198.0,0.0,198.0,,-19800,-198.0,-100.0,,,-19800,,,-198.0
2017,health_beauty,2b4609f8948be18874494203496bc318,health_beauty,2b4609f8948be18874494203496bc318,两月均有销量,6,9,53994,80991,539.94,809.91,89.99,89.99,26997,269.97,50.0,26997,0,,269.97,0.0,
2017,baby,2b5ae8fa7040dc2ecc8483150f36a667,baby,2b5ae8fa7040dc2ecc8483150f36a667,仅5月销售,1,0,16800,0,168.0,0.0,168.0,,-16800,-168.0,-100.0,,,-16800,,,-168.0
2017,consoles_games,2b5fddc2b543ee8d6699fb8687fac6bb,consoles_games,2b5fddc2b543ee8d6699fb8687fac6bb,仅5月销售,1,0,8999,0,89.99,0.0,89.99,,-8999,-89.99,-100.0,,,-8999,,,-89.99
2017,luggage_accessories,2b62c18e1379676edad99be2c9bf9a9d,luggage_accessories,2b62c18e1379676edad99be2c9bf9a9d,仅6月销售,0,1,0,10033,0.0,100.33,,100.33,10033,100.33,,,,10033,,,100.33
2017,stationery,2b80e83f77008f81ae402882631eba97,stationery,2b80e83f77008f81ae402882631eba97,仅5月销售,1,0,29200,0,292.0,0.0,292.0,,-29200,-292.0,-100.0,,,-29200,,,-292.0
2017,toys,2b87ded5c8c2c971d4d5a2e4bd7b85bc,toys,2b87ded5c8c2c971d4d5a2e4bd7b85bc,仅5月销售,2,0,13980,0,139.8,0.0,69.9,,-13980,-139.8,-100.0,,,-13980,,,-139.8
2017,luggage_accessories,2b939dc9b176d7fa21594d588815d4a4,luggage_accessories,2b939dc9b176d7fa21594d588815d4a4,两月均有销量,3,1,30870,10290,308.7,102.9,102.9,102.9,-20580,-205.8,-66.66666666666667,-20580,0,,-205.8,0.0,
2017,cool_stuff,2b9496ed8ff2f7b2003258b94a58772b,cool_stuff,2b9496ed8ff2f7b2003258b94a58772b,两月均有销量,1,1,11999,11999,119.99,119.99,119.99,119.99,0,0.0,0.0,0,0,,0.0,0.0,
2017,toys,2bb3e85f2a403543fdb64e266e70c792,toys,2bb3e85f2a403543fdb64e266e70c792,两月均有销量,1,1,29990,32990,299.9,329.9,299.9,329.9,3000,30.0,10.003334444814937,0,3000,,0.0,30.0,
2017,auto,2bd3e6ee15d713b34654f04fe0375e17,auto,2bd3e6ee15d713b34654f04fe0375e17,仅6月销售,0,1,0,14900,0.0,149.0,,149.0,14900,149.0,,,,14900,,,149.0
2017,pet_shop,2be252f11ad496bf9d981165c040af65,pet_shop,2be252f11ad496bf9d981165c040af65,仅6月销售,0,2,0,6580,0.0,65.8,,32.9,6580,65.8,,,,6580,,,65.8
2017,health_beauty,2bea2a1842158b9363c4092b11314267,health_beauty,2bea2a1842158b9363c4092b11314267,仅6月销售,0,1,0,3390,0.0,33.9,,33.9,3390,33.9,,,,3390,,,33.9
2017,garden_tools,2bee6706184be07ea6ee4221c1660e85,garden_tools,2bee6706184be07ea6ee4221c1660e85,仅5月销售,1,0,8990,0,89.9,0.0,89.9,,-8990,-89.9,-100.0,,,-8990,,,-89.9
2017,garden_tools,2c14b8fb1b0888410324f12fc6748772,garden_tools,2c14b8fb1b0888410324f12fc6748772,两月均有销量,2,1,8790,4395,87.9,43.95,43.95,43.95,-4395,-43.95,-50.0,-4395,0,,-43.95,0.0,
2017,toys,2c2b1db11f5ec66bbc6ca9d1ce3f81a4,toys,2c2b1db11f5ec66bbc6ca9d1ce3f81a4,仅5月销售,1,0,6490,0,64.9,0.0,64.9,,-6490,-64.9,-100.0,,,-6490,,,-64.9
2017,watches_gifts,2c71438371b35f7ce3c2511d6b0927e7,watches_gifts,2c71438371b35f7ce3c2511d6b0927e7,仅5月销售,1,0,2900,0,29.0,0.0,29.0,,-2900,-29.0,-100.0,,,-2900,,,-29.0
2017,furniture_decor,2c715979f8471e42e0daeeb855f04f9c,furniture_decor,2c715979f8471e42e0daeeb855f04f9c,仅6月销售,0,2,0,23800,0.0,238.0,,119.0,23800,238.0,,,,23800,,,238.0
2017,furniture_decor,2c930b64f2bd69c30cd3473b82653ae0,furniture_decor,2c930b64f2bd69c30cd3473b82653ae0,仅5月销售,2,0,12580,0,125.8,0.0,62.9,,-12580,-125.8,-100.0,,,-12580,,,-125.8
2017,fashion_sport,2c955308d12bcb61c241322c9d0390f9,fashion_sport,2c955308d12bcb61c241322c9d0390f9,仅6月销售,0,1,0,6990,0.0,69.9,,69.9,6990,69.9,,,,6990,,,69.9
2017,cool_stuff,2ca49532371b32e19b3db0809a52ab25,cool_stuff,2ca49532371b32e19b3db0809a52ab25,仅6月销售,0,2,0,23998,0.0,239.98,,119.99,23998,239.98,,,,23998,,,239.98
2017,sports_leisure,2ca9132c1c90ff5060c3ff9047904e5a,sports_leisure,2ca9132c1c90ff5060c3ff9047904e5a,仅5月销售,1,0,8990,0,89.9,0.0,89.9,,-8990,-89.9,-100.0,,,-8990,,,-89.9
2017,telephony,2cbd0f06c3123f0bd14c4bffc0498996,telephony,2cbd0f06c3123f0bd14c4bffc0498996,仅5月销售,1,0,3999,0,39.99,0.0,39.99,,-3999,-39.99,-100.0,,,-3999,,,-39.99
2017,fashion_shoes,2cdc0ae80267a6e170415f236fd1d243,fashion_shoes,2cdc0ae80267a6e170415f236fd1d243,仅6月销售,0,1,0,7182,0.0,71.82,,71.82,7182,71.82,,,,7182,,,71.82
2017,watches_gifts,2cfd372900c7c65e4c4ed2ccf7a1cfd4,watches_gifts,2cfd372900c7c65e4c4ed2ccf7a1cfd4,仅6月销售,0,2,0,139335,0.0,1393.35,,696.675,139335,1393.35,,,,139335,,,1393.35
2017,home_appliances_2,2d063994ae4667cff3d6841e9d441d1d,home_appliances_2,2d063994ae4667cff3d6841e9d441d1d,仅5月销售,3,0,26997,0,269.97,0.0,89.99,,-26997,-269.97,-100.0,,,-26997,,,-269.97
2017,furniture_decor,2d1ff2e44c1df1b288d32c02737d6f34,furniture_decor,2d1ff2e44c1df1b288d32c02737d6f34,仅6月销售,0,1,0,15990,0.0,159.9,,159.9,15990,159.9,,,,15990,,,159.9
2017,baby,2d2600c283c0c1af0528fd84c14a2c28,baby,2d2600c283c0c1af0528fd84c14a2c28,两月均有销量,1,1,12790,12790,127.9,127.9,127.9,127.9,0,0.0,0.0,0,0,,0.0,0.0,
2017,watches_gifts,2d27434c710806b971a721da337a112a,watches_gifts,2d27434c710806b971a721da337a112a,仅6月销售,0,1,0,3900,0.0,39.0,,39.0,3900,39.0,,,,3900,,,39.0
2017,computers_accessories,2d2fbde9939c282238dc0847b04c5018,computers_accessories,2d2fbde9939c282238dc0847b04c5018,仅5月销售,2,0,9700,0,97.0,0.0,48.5,,-9700,-97.0,-100.0,,,-9700,,,-97.0
2017,furniture_decor,2d40d83fc97b8d4d468b4ab5a6a0810d,furniture_decor,2d40d83fc97b8d4d468b4ab5a6a0810d,仅6月销售,0,1,0,2990,0.0,29.9,,29.9,2990,29.9,,,,2990,,,29.9
2017,toys,2d5bb6fc16b9fb75539ddcd93de86aa4,toys,2d5bb6fc16b9fb75539ddcd93de86aa4,两月均有销量,1,3,8990,26970,89.9,269.7,89.9,89.9,17980,179.8,200.0,17980,0,,179.8,0.0,
2017,baby,2d7ec74c6f93ad8234f2e29817b2827b,baby,2d7ec74c6f93ad8234f2e29817b2827b,两月均有销量,1,1,14990,12990,149.9,129.9,149.9,129.9,-2000,-20.0,-13.3422281521014,0,-2000,,0.0,-20.0,
2017,health_beauty,2d80e0dc6fc972cd1ba6ba2972792e82,health_beauty,2d80e0dc6fc972cd1ba6ba2972792e82,仅6月销售,0,4,0,5956,0.0,59.56,,14.89,5956,59.56,,,,5956,,,59.56
2017,perfumery,2d857ab2a090c784ad9de4c8dedac0e8,perfumery,2d857ab2a090c784ad9de4c8dedac0e8,仅6月销售,0,1,0,9990,0.0,99.9,,99.9,9990,99.9,,,,9990,,,99.9
2017,home_appliances,2da8e82c3ddd9c8f784930f7d2db4d34,home_appliances,2da8e82c3ddd9c8f784930f7d2db4d34,仅6月销售,0,1,0,7490,0.0,74.9,,74.9,7490,74.9,,,,7490,,,74.9
2017,housewares,2de5cccebd19a4c9731ebf3a29f8da53,housewares,2de5cccebd19a4c9731ebf3a29f8da53,仅5月销售,1,0,7800,0,78.0,0.0,78.0,,-7800,-78.0,-100.0,,,-7800,,,-78.0
2017,luggage_accessories,2e1b5445dd65296e510e3e8c65ea7071,luggage_accessories,2e1b5445dd65296e510e3e8c65ea7071,仅6月销售,0,1,0,6890,0.0,68.9,,68.9,6890,68.9,,,,6890,,,68.9
2017,home_confort,2e690251b259bda3d61476c67d7b70a3,home_confort,2e690251b259bda3d61476c67d7b70a3,仅5月销售,1,0,22900,0,229.0,0.0,229.0,,-22900,-229.0,-100.0,,,-22900,,,-229.0
2017,auto,2e6c12b01b91073e4cad9732887edc57,auto,2e6c12b01b91073e4cad9732887edc57,仅5月销售,1,0,3990,0,39.9,0.0,39.9,,-3990,-39.9,-100.0,,,-3990,,,-39.9
2017,housewares,2e7980421ad7946eab8a71b637955704,housewares,2e7980421ad7946eab8a71b637955704,两月均有销量,1,1,6008,6008,60.08,60.08,60.08,60.08,0,0.0,0.0,0,0,,0.0,0.0,
2017,cool_stuff,2e7c89106453cfffae2446ab3f7c31a5,cool_stuff,2e7c89106453cfffae2446ab3f7c31a5,两月均有销量,1,1,12999,12999,129.99,129.99,129.99,129.99,0,0.0,0.0,0,0,,0.0,0.0,
2017,watches_gifts,2e810f124ff7668bc1ea0d1953aaacd2,watches_gifts,2e810f124ff7668bc1ea0d1953aaacd2,仅6月销售,0,1,0,19990,0.0,199.9,,199.9,19990,199.9,,,,19990,,,199.9
2017,cool_stuff,2e910736c31392d46841f315e9511405,cool_stuff,2e910736c31392d46841f315e9511405,仅5月销售,1,0,5999,0,59.99,0.0,59.99,,-5999,-59.99,-100.0,,,-5999,,,-59.99
2017,stationery,2ea92fab7565c4fe9f91a5e4e1756258,stationery,2ea92fab7565c4fe9f91a5e4e1756258,两月均有销量,1,1,7900,7900,79.0,79.0,79.0,79.0,0,0.0,0.0,0,0,,0.0,0.0,
2017,tablets_printing_image,2eb9b2ef7c1da3c7b99702452ea4729f,tablets_printing_image,2eb9b2ef7c1da3c7b99702452ea4729f,两月均有销量,2,1,19800,9900,198.0,99.0,99.0,99.0,-9900,-99.0,-50.0,-9900,0,,-99.0,0.0,
2017,garden_tools,2ec8497962cc5f7730756635a5cbbf16,garden_tools,2ec8497962cc5f7730756635a5cbbf16,仅6月销售,0,3,0,9870,0.0,98.7,,32.9,9870,98.7,,,,9870,,,98.7
2017,toys,2ed3c385383d1c76dbed3bce88e5b468,toys,2ed3c385383d1c76dbed3bce88e5b468,仅6月销售,0,1,0,7490,0.0,74.9,,74.9,7490,74.9,,,,7490,,,74.9
2017,furniture_decor,2f08de199f389c9b400128b0c7b750e4,furniture_decor,2f08de199f389c9b400128b0c7b750e4,仅5月销售,1,0,2600,0,26.0,0.0,26.0,,-2600,-26.0,-100.0,,,-2600,,,-26.0
2017,telephony,2f178dc91b792930e1ff40a77a123506,telephony,2f178dc91b792930e1ff40a77a123506,两月均有销量,3,4,123497,159996,1234.97,1599.96,411.65666666666664,399.99,36499,364.99,29.55456407847964,40582,-4083,,405.82,-40.83,
2017,garden_tools,2f3d6a007ef7d13bbfc3ac66894cf2e0,garden_tools,2f3d6a007ef7d13bbfc3ac66894cf2e0,仅6月销售,0,2,0,13580,0.0,135.8,,67.9,13580,135.8,,,,13580,,,135.8
2017,bed_bath_table,2f774e2a255ff8cdb3e0f8568c969dc4,bed_bath_table,2f774e2a255ff8cdb3e0f8568c969dc4,仅5月销售,2,0,22998,0,229.98,0.0,114.99,,-22998,-229.98,-100.0,,,-22998,,,-229.98
2017,telephony,2f9c2888168b8c2d8e625905f3737057,telephony,2f9c2888168b8c2d8e625905f3737057,仅6月销售,0,1,0,9900,0.0,99.0,,99.0,9900,99.0,,,,9900,,,99.0
2017,watches_gifts,2fa5da96109ea94cc9fb50cc589ed65e,watches_gifts,2fa5da96109ea94cc9fb50cc589ed65e,仅6月销售,0,1,0,11990,0.0,119.9,,119.9,11990,119.9,,,,11990,,,119.9
2017,furniture_decor,2feaaa695779a79fee913868e992fe61,furniture_decor,2feaaa695779a79fee913868e992fe61,仅5月销售,1,0,11999,0,119.99,0.0,119.99,,-11999,-119.99,-100.0,,,-11999,,,-119.99
2017,housewares,2fec8bf6ad4d8e40874fbc3808f419cb,housewares,2fec8bf6ad4d8e40874fbc3808f419cb,仅5月销售,2,0,17962,0,179.62,0.0,89.81,,-17962,-179.62,-100.0,,,-17962,,,-179.62
2017,computers_accessories,30001d6521e7d5826eb1881050cea7e7,computers_accessories,30001d6521e7d5826eb1881050cea7e7,仅6月销售,0,2,0,6380,0.0,63.8,,31.9,6380,63.8,,,,6380,,,63.8
2017,computers_accessories,3006b8f5b476750a03137c1b2755cea1,computers_accessories,3006b8f5b476750a03137c1b2755cea1,仅5月销售,1,0,16999,0,169.99,0.0,169.99,,-16999,-169.99,-100.0,,,-16999,,,-169.99
2017,tablets_printing_image,301b4cdcb73666033d7c96fcb1fc758d,tablets_printing_image,301b4cdcb73666033d7c96fcb1fc758d,仅5月销售,1,0,12999,0,129.99,0.0,129.99,,-12999,-129.99,-100.0,,,-12999,,,-129.99
2017,sports_leisure,30469bb5ea377eae7121981e2f0778e4,sports_leisure,30469bb5ea377eae7121981e2f0778e4,仅6月销售,0,3,0,33900,0.0,339.0,,113.0,33900,339.0,,,,33900,,,339.0
2017,perfumery,30a70759c34dd4a29c5596778a0eb116,perfumery,30a70759c34dd4a29c5596778a0eb116,仅5月销售,1,0,30899,0,308.99,0.0,308.99,,-30899,-308.99,-100.0,,,-30899,,,-308.99
2017,sports_leisure,30b5b5635a79548a48d04162d971848f,sports_leisure,30b5b5635a79548a48d04162d971848f,仅5月销售,1,0,17900,0,179.0,0.0,179.0,,-17900,-179.0,-100.0,,,-17900,,,-179.0
2017,baby,30b6868bde148b4c71716da3f1cdd9e3,baby,30b6868bde148b4c71716da3f1cdd9e3,仅5月销售,3,0,17970,0,179.7,0.0,59.9,,-17970,-179.7,-100.0,,,-17970,,,-179.7
2017,fashion_bags_accessories,30bb6ba21f546713a3c72e22461c1a3b,fashion_bags_accessories,30bb6ba21f546713a3c72e22461c1a3b,仅5月销售,1,0,1990,0,19.9,0.0,19.9,,-1990,-19.9,-100.0,,,-1990,,,-19.9
2017,pet_shop,30c01cc81c9eb80469371743813789cc,pet_shop,30c01cc81c9eb80469371743813789cc,仅5月销售,1,0,3833,0,38.33,0.0,38.33,,-3833,-38.33,-100.0,,,-3833,,,-38.33
2017,costruction_tools_garden,30caacf4dfc199dc577a9627395a881d,costruction_tools_garden,30caacf4dfc199dc577a9627395a881d,仅5月销售,2,0,10780,0,107.8,0.0,53.9,,-10780,-107.8,-100.0,,,-10780,,,-107.8
2017,housewares,30d55419015a4d9c2ca68586923d5a9f,housewares,30d55419015a4d9c2ca68586923d5a9f,两月均有销量,1,1,4450,4450,44.5,44.5,44.5,44.5,0,0.0,0.0,0,0,,0.0,0.0,
2017,health_beauty,30e010e9df8943899f267097d49b5c1a,health_beauty,30e010e9df8943899f267097d49b5c1a,仅5月销售,1,0,26499,0,264.99,0.0,264.99,,-26499,-264.99,-100.0,,,-26499,,,-264.99
2017,fashion_shoes,30e77af9e7759bbaa0305d2fbc605dc4,fashion_shoes,30e77af9e7759bbaa0305d2fbc605dc4,仅5月销售,1,0,34990,0,349.9,0.0,349.9,,-34990,-349.9,-100.0,,,-34990,,,-349.9
2017,(unknown),3128a1273a207ae946c4dd1e23c86fed,(unknown),3128a1273a207ae946c4dd1e23c86fed,仅5月销售,2,0,16000,0,160.0,0.0,80.0,,-16000,-160.0,-100.0,,,-16000,,,-160.0
2017,computers_accessories,312fc7ec4c5f490464a4c9b3132c8ae3,computers_accessories,312fc7ec4c5f490464a4c9b3132c8ae3,仅6月销售,0,1,0,3990,0.0,39.9,,39.9,3990,39.9,,,,3990,,,39.9
2017,bed_bath_table,3152a0c0d93abeec99e4a6169aecc88b,bed_bath_table,3152a0c0d93abeec99e4a6169aecc88b,仅6月销售,0,1,0,4690,0.0,46.9,,46.9,4690,46.9,,,,4690,,,46.9
2017,bed_bath_table,315c6373ff469f7b7f60bbb36c319f7b,bed_bath_table,315c6373ff469f7b7f60bbb36c319f7b,两月均有销量,1,1,3699,3699,36.99,36.99,36.99,36.99,0,0.0,0.0,0,0,,0.0,0.0,
2017,cool_stuff,31639956e7fac87ecfd9d608040638bd,cool_stuff,31639956e7fac87ecfd9d608040638bd,仅5月销售,4,0,25960,0,259.6,0.0,64.9,,-25960,-259.6,-100.0,,,-25960,,,-259.6
2017,auto,3175584031f7db97743c7b8aedeb3d03,auto,3175584031f7db97743c7b8aedeb3d03,仅6月销售,0,1,0,2970,0.0,29.7,,29.7,2970,29.7,,,,2970,,,29.7
2017,sports_leisure,3190be5a1932c6aeece81e7adcd310aa,sports_leisure,3190be5a1932c6aeece81e7adcd310aa,仅6月销售,0,1,0,4433,0.0,44.33,,44.33,4433,44.33,,,,4433,,,44.33
2017,toys,31a2f42a87890f87d77daebdfabc182e,toys,31a2f42a87890f87d77daebdfabc182e,两月均有销量,10,8,139450,119200,1394.5,1192.0,139.45,149.0,-20250,-202.5,-14.521333811401936,-28845,8595,,-288.45,85.95,
2017,housewares,31aaae9f2af6869bff6b8cbbaf195e65,housewares,31aaae9f2af6869bff6b8cbbaf195e65,仅6月销售,0,1,0,7600,0.0,76.0,,76.0,7600,76.0,,,,7600,,,76.0
2017,toys,31d1f8d755567d184eb11305c6807034,toys,31d1f8d755567d184eb11305c6807034,仅6月销售,0,2,0,9240,0.0,92.4,,46.2,9240,92.4,,,,9240,,,92.4
2017,auto,31d976f5306d3408e3d41d670343495f,auto,31d976f5306d3408e3d41d670343495f,仅6月销售,0,1,0,35990,0.0,359.9,,359.9,35990,359.9,,,,35990,,,359.9
2017,(unknown),31dbb0d1815bdc83c93f4b3472fa7c4d,(unknown),31dbb0d1815bdc83c93f4b3472fa7c4d,两月均有销量,1,2,2900,5800,29.0,58.0,29.0,29.0,2900,29.0,100.0,2900,0,,29.0,0.0,
2017,housewares,31fd02b02c33827cbde22902cf80338c,housewares,31fd02b02c33827cbde22902cf80338c,仅6月销售,0,1,0,3990,0.0,39.9,,39.9,3990,39.9,,,,3990,,,39.9
2017,furniture_decor,320e20e13905991b0d83e8f181fcc196,furniture_decor,320e20e13905991b0d83e8f181fcc196,仅5月销售,1,0,3999,0,39.99,0.0,39.99,,-3999,-39.99,-100.0,,,-3999,,,-39.99
2017,market_place,3215010238fcd9cab6ba7d2b81a6973d,market_place,3215010238fcd9cab6ba7d2b81a6973d,两月均有销量,2,1,5798,2899,57.98,28.99,28.99,28.99,-2899,-28.99,-50.0,-2899,0,,-28.99,0.0,
2017,computers_accessories,32252579a719da7dd2ee115f07dfd03b,computers_accessories,32252579a719da7dd2ee115f07dfd03b,仅5月销售,2,0,67180,0,671.8,0.0,335.9,,-67180,-671.8,-100.0,,,-67180,,,-671.8
2017,watches_gifts,3225c54bb2785c33f49f50398fcdb88c,watches_gifts,3225c54bb2785c33f49f50398fcdb88c,仅5月销售,1,0,37999,0,379.99,0.0,379.99,,-37999,-379.99,-100.0,,,-37999,,,-379.99
2017,garden_tools,322ecdda3eff7439376c27a5114fd114,garden_tools,322ecdda3eff7439376c27a5114fd114,仅5月销售,1,0,7060,0,70.6,0.0,70.6,,-7060,-70.6,-100.0,,,-7060,,,-70.6
2017,art,3262a0950995f2a891ec1fdfe6f5a133,art,3262a0950995f2a891ec1fdfe6f5a133,仅6月销售,0,1,0,1300,0.0,13.0,,13.0,1300,13.0,,,,1300,,,13.0
2017,watches_gifts,327018136fd4a966408df8243383a233,watches_gifts,327018136fd4a966408df8243383a233,仅6月销售,0,1,0,14900,0.0,149.0,,149.0,14900,149.0,,,,14900,,,149.0
2017,computers_accessories,3275f9e184aa1d82aa1e2517017bda63,computers_accessories,3275f9e184aa1d82aa1e2517017bda63,仅5月销售,1,0,2790,0,27.9,0.0,27.9,,-2790,-27.9,-100.0,,,-2790,,,-27.9
2017,sports_leisure,32aeecc02aa5adcb7f75155a80a47836,sports_leisure,32aeecc02aa5adcb7f75155a80a47836,仅6月销售,0,1,0,12870,0.0,128.7,,128.7,12870,128.7,,,,12870,,,128.7
2017,stationery,32b2c8b108d24d0729982597ff9aa62c,stationery,32b2c8b108d24d0729982597ff9aa62c,仅5月销售,2,0,9980,0,99.8,0.0,49.9,,-9980,-99.8,-100.0,,,-9980,,,-99.8
2017,sports_leisure,32b9c3230a57c4312a9419c44a2e45ef,sports_leisure,32b9c3230a57c4312a9419c44a2e45ef,仅6月销售,0,1,0,17190,0.0,171.9,,171.9,17190,171.9,,,,17190,,,171.9
2017,luggage_accessories,32cb082100ed973a2e3a6950214f8629,luggage_accessories,32cb082100ed973a2e3a6950214f8629,仅5月销售,1,0,88990,0,889.9,0.0,889.9,,-88990,-889.9,-100.0,,,-88990,,,-889.9
2017,bed_bath_table,32ee3f4e2493045726807808d7abbab6,bed_bath_table,32ee3f4e2493045726807808d7abbab6,仅5月销售,1,0,8990,0,89.9,0.0,89.9,,-8990,-89.9,-100.0,,,-8990,,,-89.9
2017,telephony,32ee76b2523aa4225a3417496bc7d5bd,telephony,32ee76b2523aa4225a3417496bc7d5bd,仅6月销售,0,1,0,3990,0.0,39.9,,39.9,3990,39.9,,,,3990,,,39.9
2017,cool_stuff,33041fc111e526d9dd16e06678ff5eeb,cool_stuff,33041fc111e526d9dd16e06678ff5eeb,仅6月销售,0,1,0,44400,0.0,444.0,,444.0,44400,444.0,,,,44400,,,444.0
2017,kitchen_dining_laundry_garden_furniture,3311083d8969d344413da8ed6f8e0195,kitchen_dining_laundry_garden_furniture,3311083d8969d344413da8ed6f8e0195,仅5月销售,1,0,29900,0,299.0,0.0,299.0,,-29900,-299.0,-100.0,,,-29900,,,-299.0
2017,health_beauty,331a9e69c95aad991177b0f1ef85a261,health_beauty,331a9e69c95aad991177b0f1ef85a261,仅5月销售,2,0,19600,0,196.0,0.0,98.0,,-19600,-196.0,-100.0,,,-19600,,,-196.0
2017,office_furniture,331e79a28ee5afbb321a3146653085f2,office_furniture,331e79a28ee5afbb321a3146653085f2,仅5月销售,1,0,15999,0,159.99,0.0,159.99,,-15999,-159.99,-100.0,,,-15999,,,-159.99
2017,food,33202a8e7a645388c41ed714203d7131,food,33202a8e7a645388c41ed714203d7131,两月均有销量,1,1,14990,14990,149.9,149.9,149.9,149.9,0,0.0,0.0,0,0,,0.0,0.0,
2017,sports_leisure,33210191b5878f3ffcb98ee93963da63,sports_leisure,33210191b5878f3ffcb98ee93963da63,仅5月销售,1,0,11990,0,119.9,0.0,119.9,,-11990,-119.9,-100.0,,,-11990,,,-119.9
2017,housewares,3327aad61d86158ed8bfd97388e37376,housewares,3327aad61d86158ed8bfd97388e37376,仅5月销售,1,0,4725,0,47.25,0.0,47.25,,-4725,-47.25,-100.0,,,-4725,,,-47.25
2017,baby,3344f3ccc35b04b81d8cc2aefabcbcdd,baby,3344f3ccc35b04b81d8cc2aefabcbcdd,仅5月销售,1,0,49999,0,499.99,0.0,499.99,,-49999,-499.99,-100.0,,,-49999,,,-499.99
2017,housewares,334995514673fb6bae67885458b52984,housewares,334995514673fb6bae67885458b52984,仅5月销售,2,0,2798,0,27.98,0.0,13.99,,-2798,-27.98,-100.0,,,-2798,,,-27.98
2017,watches_gifts,335869ee35680c410f30db87ecdc83a3,watches_gifts,335869ee35680c410f30db87ecdc83a3,仅5月销售,1,0,23800,0,238.0,0.0,238.0,,-23800,-238.0,-100.0,,,-23800,,,-238.0
2017,sports_leisure,336cfb12a5468070795ae4c964f4ce47,sports_leisure,336cfb12a5468070795ae4c964f4ce47,仅6月销售,0,1,0,10990,0.0,109.9,,109.9,10990,109.9,,,,10990,,,109.9
2017,electronics,3377b442347c19fe5f5d740892c180e6,electronics,3377b442347c19fe5f5d740892c180e6,两月均有销量,1,1,7990,8990,79.9,89.9,79.9,89.9,1000,10.0,12.515644555694617,0,1000,,0.0,10.0,
2017,watches_gifts,337be49673e511e2bd38d390cf57d7c4,watches_gifts,337be49673e511e2bd38d390cf57d7c4,仅5月销售,1,0,23990,0,239.9,0.0,239.9,,-23990,-239.9,-100.0,,,-23990,,,-239.9
2017,sports_leisure,337c81a0f9e751b6cbdf56680a33c365,sports_leisure,337c81a0f9e751b6cbdf56680a33c365,仅5月销售,3,0,7899,0,78.99,0.0,26.33,,-7899,-78.99,-100.0,,,-7899,,,-78.99
2017,cool_stuff,3385a47f5a1309eb44c03904a027faf2,cool_stuff,3385a47f5a1309eb44c03904a027faf2,仅5月销售,2,0,43998,0,439.98,0.0,219.99,,-43998,-439.98,-100.0,,,-43998,,,-439.98
2017,furniture_decor,338a394da06eb5deff048f151d13151e,furniture_decor,338a394da06eb5deff048f151d13151e,仅5月销售,1,0,2600,0,26.0,0.0,26.0,,-2600,-26.0,-100.0,,,-2600,,,-26.0
2017,auto,33a07ea8a7b3dbab277c180e9f1233ea,auto,33a07ea8a7b3dbab277c180e9f1233ea,两月均有销量,1,3,3700,11100,37.0,111.0,37.0,37.0,7400,74.0,200.0,7400,0,,74.0,0.0,
2017,fixed_telephony,33abaf0c29c14849fa5163226ef1560e,fixed_telephony,33abaf0c29c14849fa5163226ef1560e,仅5月销售,1,0,3290,0,32.9,0.0,32.9,,-3290,-32.9,-100.0,,,-3290,,,-32.9
2017,fashion_bags_accessories,33b67c1594a903b27b5163c0efb15a5d,fashion_bags_accessories,33b67c1594a903b27b5163c0efb15a5d,仅5月销售,1,0,6990,0,69.9,0.0,69.9,,-6990,-69.9,-100.0,,,-6990,,,-69.9
2017,home_confort,33bd5538a16d23f0a39da1c9bfd20980,home_confort,33bd5538a16d23f0a39da1c9bfd20980,仅6月销售,0,1,0,17790,0.0,177.9,,177.9,17790,177.9,,,,17790,,,177.9
2017,housewares,33caaf7b2444ac27388cc2908a0413b4,housewares,33caaf7b2444ac27388cc2908a0413b4,仅6月销售,0,2,0,10580,0.0,105.8,,52.9,10580,105.8,,,,10580,,,105.8
2017,toys,33d26f298db59a201858e0248d9cee6c,toys,33d26f298db59a201858e0248d9cee6c,仅6月销售,0,1,0,14999,0.0,149.99,,149.99,14999,149.99,,,,14999,,,149.99
2017,toys,33dc3dc62db9a9f1b48cc4c3809fadb2,toys,33dc3dc62db9a9f1b48cc4c3809fadb2,两月均有销量,1,1,9490,9490,94.9,94.9,94.9,94.9,0,0.0,0.0,0,0,,0.0,0.0,
2017,perfumery,33fca9d59532dd4c191217a979346ab9,perfumery,33fca9d59532dd4c191217a979346ab9,仅6月销售,0,4,0,99200,0.0,992.0,,248.0,99200,992.0,,,,99200,,,992.0
2017,health_beauty,340e3e28357bb29f7612c86c13d9729a,health_beauty,340e3e28357bb29f7612c86c13d9729a,仅5月销售,1,0,4999,0,49.99,0.0,49.99,,-4999,-49.99,-100.0,,,-4999,,,-49.99
2017,bed_bath_table,341510944cbf67a53d3ab835498921c1,bed_bath_table,341510944cbf67a53d3ab835498921c1,仅5月销售,1,0,7400,0,74.0,0.0,74.0,,-7400,-74.0,-100.0,,,-7400,,,-74.0
2017,baby,34239894e175b17d8c84edc6c73b4dad,baby,34239894e175b17d8c84edc6c73b4dad,仅6月销售,0,2,0,6580,0.0,65.8,,32.9,6580,65.8,,,,6580,,,65.8
2017,computers_accessories,345ebf31824c3871cbb94c377190d6f9,computers_accessories,345ebf31824c3871cbb94c377190d6f9,仅6月销售,0,1,0,8700,0.0,87.0,,87.0,8700,87.0,,,,8700,,,87.0
2017,perfumery,3488d2ce36e718097c1509444289ef7f,perfumery,3488d2ce36e718097c1509444289ef7f,仅5月销售,1,0,19990,0,199.9,0.0,199.9,,-19990,-199.9,-100.0,,,-19990,,,-199.9
2017,(unknown),34a4076cd057a823247a5a44e84872d8,(unknown),34a4076cd057a823247a5a44e84872d8,仅6月销售,0,1,0,5990,0.0,59.9,,59.9,5990,59.9,,,,5990,,,59.9
2017,toys,34b60db9767b87c8234447cebaea994b,toys,34b60db9767b87c8234447cebaea994b,仅5月销售,1,0,4990,0,49.9,0.0,49.9,,-4990,-49.9,-100.0,,,-4990,,,-49.9
2017,computers_accessories,34d6306314a47fe15c1efdbc23302020,computers_accessories,34d6306314a47fe15c1efdbc23302020,两月均有销量,7,6,48300,41400,483.0,414.0,69.0,69.0,-6900,-69.0,-14.285714285714286,-6900,0,,-69.0,0.0,
2017,tablets_printing_image,34dabb8af33b3756cf72df05fb327011,tablets_printing_image,34dabb8af33b3756cf72df05fb327011,仅6月销售,0,1,0,9900,0.0,99.0,,99.0,9900,99.0,,,,9900,,,99.0
2017,fashion_shoes,34eb0685663d60e57a9ca086c8e33423,fashion_shoes,34eb0685663d60e57a9ca086c8e33423,仅5月销售,1,0,19970,0,199.7,0.0,199.7,,-19970,-199.7,-100.0,,,-19970,,,-199.7
2017,computers_accessories,3516632e8f52b679ff83d1665ecc990e,computers_accessories,3516632e8f52b679ff83d1665ecc990e,仅6月销售,0,5,0,37950,0.0,379.5,,75.9,37950,379.5,,,,37950,,,379.5
2017,furniture_decor,3522926ae4db640da107ff9102f9c68a,furniture_decor,3522926ae4db640da107ff9102f9c68a,仅5月销售,1,0,3999,0,39.99,0.0,39.99,,-3999,-39.99,-100.0,,,-3999,,,-39.99
2017,garden_tools,35557c68a22ecebcf066e25ca2ddc144,garden_tools,35557c68a22ecebcf066e25ca2ddc144,仅5月销售,3,0,5070,0,50.7,0.0,16.9,,-5070,-50.7,-100.0,,,-5070,,,-50.7
2017,consoles_games,35559c3265789453c74498644a9f8d6b,consoles_games,35559c3265789453c74498644a9f8d6b,仅5月销售,1,0,23999,0,239.99,0.0,239.99,,-23999,-239.99,-100.0,,,-23999,,,-239.99
2017,toys,355e78eaf102f03855b48498d1b7e996,toys,355e78eaf102f03855b48498d1b7e996,仅5月销售,1,0,12900,0,129.0,0.0,129.0,,-12900,-129.0,-100.0,,,-12900,,,-129.0
2017,pet_shop,356260965b761056864ff939baeb4b22,pet_shop,356260965b761056864ff939baeb4b22,仅6月销售,0,1,0,3899,0.0,38.99,,38.99,3899,38.99,,,,3899,,,38.99
2017,housewares,357a9e8a4b691ffbb0f855b23d490c4e,housewares,357a9e8a4b691ffbb0f855b23d490c4e,两月均有销量,4,1,13200,3300,132.0,33.0,33.0,33.0,-9900,-99.0,-75.0,-9900,0,,-99.0,0.0,
2017,sports_leisure,3581206bcfdc0f2611c3d1e8edb87719,sports_leisure,3581206bcfdc0f2611c3d1e8edb87719,仅5月销售,4,0,4680,0,46.8,0.0,11.7,,-4680,-46.8,-100.0,,,-4680,,,-46.8
2017,home_confort,35afc973633aaeb6b877ff57b2793310,home_confort,35afc973633aaeb6b877ff57b2793310,两月均有销量,10,6,89900,53940,899.0,539.4,89.9,89.9,-35960,-359.6,-40.0,-35960,0,,-359.6,0.0,
2017,furniture_decor,35b265fd684b08f6f780239bf05a390b,furniture_decor,35b265fd684b08f6f780239bf05a390b,两月均有销量,2,2,9498,9498,94.98,94.98,47.49,47.49,0,0.0,0.0,0,0,,0.0,0.0,
2017,computers_accessories,35bc6c77029697004675d3a2ce505916,computers_accessories,35bc6c77029697004675d3a2ce505916,仅6月销售,0,2,0,31000,0.0,310.0,,155.0,31000,310.0,,,,31000,,,310.0
2017,fashion_bags_accessories,35e2ccd07a55da4eaf8c613e6d8c92c4,fashion_bags_accessories,35e2ccd07a55da4eaf8c613e6d8c92c4,仅5月销售,2,0,7998,0,79.98,0.0,39.99,,-7998,-79.98,-100.0,,,-7998,,,-79.98
2017,electronics,35ebf08a93899d44e756809e11b14754,electronics,35ebf08a93899d44e756809e11b14754,两月均有销量,4,3,5160,3870,51.6,38.7,12.9,12.9,-1290,-12.9,-25.0,-1290,0,,-12.9,0.0,
2017,home_appliances_2,36174802c8879b643cefc0511e7f06ed,home_appliances_2,36174802c8879b643cefc0511e7f06ed,仅5月销售,1,0,25719,0,257.19,0.0,257.19,,-25719,-257.19,-100.0,,,-25719,,,-257.19
2017,fashion_bags_accessories,362052fcdf7c9e3596a0a6c97536cdc3,fashion_bags_accessories,362052fcdf7c9e3596a0a6c97536cdc3,仅6月销售,0,1,0,27000,0.0,270.0,,270.0,27000,270.0,,,,27000,,,270.0
2017,office_furniture,364db9e9154fdb4355992287afa4f774,office_furniture,364db9e9154fdb4355992287afa4f774,仅5月销售,1,0,19999,0,199.99,0.0,199.99,,-19999,-199.99,-100.0,,,-19999,,,-199.99
2017,health_beauty,367dae93cb327a921daba5eddd2dc401,health_beauty,367dae93cb327a921daba5eddd2dc401,仅5月销售,1,0,14999,0,149.99,0.0,149.99,,-14999,-149.99,-100.0,,,-14999,,,-149.99
2017,sports_leisure,367f4a5ae70f2e8de8d9eb1c13f280b1,sports_leisure,367f4a5ae70f2e8de8d9eb1c13f280b1,仅5月销售,2,0,1800,0,18.0,0.0,9.0,,-1800,-18.0,-100.0,,,-1800,,,-18.0
2017,furniture_decor,368645a47a15770520ad12d9ea77c2f2,furniture_decor,368645a47a15770520ad12d9ea77c2f2,仅6月销售,0,1,0,6990,0.0,69.9,,69.9,6990,69.9,,,,6990,,,69.9
2017,fashion_bags_accessories,368ba390a67a37fa114450dc1f19e047,fashion_bags_accessories,368ba390a67a37fa114450dc1f19e047,仅6月销售,0,1,0,5990,0.0,59.9,,59.9,5990,59.9,,,,5990,,,59.9
2017,furniture_decor,3690ffac39b2896ed64f47bd701a9666,furniture_decor,3690ffac39b2896ed64f47bd701a9666,仅6月销售,0,2,0,9734,0.0,97.34,,48.67,9734,97.34,,,,9734,,,97.34
2017,telephony,36940188c2ad1a212b94931a08cc3c29,telephony,36940188c2ad1a212b94931a08cc3c29,仅5月销售,2,0,9998,0,99.98,0.0,49.99,,-9998,-99.98,-100.0,,,-9998,,,-99.98
2017,stationery,36945ab7b40f69883323c9be517b640d,stationery,36945ab7b40f69883323c9be517b640d,仅6月销售,0,2,0,21980,0.0,219.8,,109.9,21980,219.8,,,,21980,,,219.8
2017,health_beauty,36c1f365be147f6c1c6d023ef73b17c3,health_beauty,36c1f365be147f6c1c6d023ef73b17c3,仅5月销售,1,0,11490,0,114.9,0.0,114.9,,-11490,-114.9,-100.0,,,-11490,,,-114.9
2017,bed_bath_table,36c2fb4fa746273709c373f6d6ec6796,bed_bath_table,36c2fb4fa746273709c373f6d6ec6796,仅6月销售,0,2,0,16000,0.0,160.0,,80.0,16000,160.0,,,,16000,,,160.0
2017,furniture_decor,370a70d261195a30346c3a01555f4472,furniture_decor,370a70d261195a30346c3a01555f4472,仅6月销售,0,1,0,2190,0.0,21.9,,21.9,2190,21.9,,,,2190,,,21.9
2017,bed_bath_table,372645c7439f9661fbbacfd129aa92ec,bed_bath_table,372645c7439f9661fbbacfd129aa92ec,两月均有销量,1,5,9990,49950,99.9,499.5,99.9,99.9,39960,399.6,400.0,39960,0,,399.6,0.0,
2017,sports_leisure,3729e88d6c44656dc1bbd5f3c57b00d4,sports_leisure,3729e88d6c44656dc1bbd5f3c57b00d4,仅6月销售,0,1,0,3999,0.0,39.99,,39.99,3999,39.99,,,,3999,,,39.99
2017,consoles_games,373a617610cfa1c7e1998fb1bfcdd51b,consoles_games,373a617610cfa1c7e1998fb1bfcdd51b,仅5月销售,1,0,7290,0,72.9,0.0,72.9,,-7290,-72.9,-100.0,,,-7290,,,-72.9
2017,home_appliances,37470d84427730445b3b251bb796d528,home_appliances,37470d84427730445b3b251bb796d528,仅6月销售,0,4,0,20800,0.0,208.0,,52.0,20800,208.0,,,,20800,,,208.0
2017,health_beauty,3758055ab2434bd36ac78e00b15b5cf6,health_beauty,3758055ab2434bd36ac78e00b15b5cf6,两月均有销量,1,5,21999,114995,219.99,1149.95,219.99,229.99,92996,929.96,422.72830583208327,89996,3000,,899.96,30.0,
2017,auto,37688aa1d7a6026150febae63af9f98a,auto,37688aa1d7a6026150febae63af9f98a,仅6月销售,0,1,0,5990,0.0,59.9,,59.9,5990,59.9,,,,5990,,,59.9
2017,auto,3779f2d78a8cc041bcce56232d83befb,auto,3779f2d78a8cc041bcce56232d83befb,仅6月销售,0,1,0,6490,0.0,64.9,,64.9,6490,64.9,,,,6490,,,64.9
2017,furniture_decor,378e13082055394b5a1607162398a207,furniture_decor,378e13082055394b5a1607162398a207,仅5月销售,2,0,19978,0,199.78,0.0,99.89,,-19978,-199.78,-100.0,,,-19978,,,-199.78
2017,housewares,37a4e50cc932108a1a952dcb9c15b0e7,housewares,37a4e50cc932108a1a952dcb9c15b0e7,仅6月销售,0,1,0,3600,0.0,36.0,,36.0,3600,36.0,,,,3600,,,36.0
2017,furniture_decor,37b4783642fb927cc790934843b00b06,furniture_decor,37b4783642fb927cc790934843b00b06,仅6月销售,0,1,0,8490,0.0,84.9,,84.9,8490,84.9,,,,8490,,,84.9
2017,housewares,37bc5c7b7dca15cfcbe282fb0dd0bab3,housewares,37bc5c7b7dca15cfcbe282fb0dd0bab3,仅6月销售,0,2,0,2798,0.0,27.98,,13.99,2798,27.98,,,,2798,,,27.98
2017,baby,37c30504e77191e93709b3e44e5393d0,baby,37c30504e77191e93709b3e44e5393d0,仅6月销售,0,2,0,3980,0.0,39.8,,19.9,3980,39.8,,,,3980,,,39.8
2017,bed_bath_table,37ca4ae4320cdda8a0ef625049f4cb88,bed_bath_table,37ca4ae4320cdda8a0ef625049f4cb88,两月均有销量,1,2,8990,17980,89.9,179.8,89.9,89.9,8990,89.9,100.0,8990,0,,89.9,0.0,
2017,home_appliances,37cc742be07708b53a98702e77a21a02,home_appliances,37cc742be07708b53a98702e77a21a02,仅6月销售,0,1,0,1040,0.0,10.4,,10.4,1040,10.4,,,,1040,,,10.4
2017,stationery,37d2e3656244fd840ebd0460360455cd,stationery,37d2e3656244fd840ebd0460360455cd,仅5月销售,1,0,4590,0,45.9,0.0,45.9,,-4590,-45.9,-100.0,,,-4590,,,-45.9
2017,watches_gifts,380b4664ba5bb18cc9db78ee6bac3558,watches_gifts,380b4664ba5bb18cc9db78ee6bac3558,仅5月销售,1,0,3700,0,37.0,0.0,37.0,,-3700,-37.0,-100.0,,,-3700,,,-37.0
2017,computers_accessories,381169576b9f3c083a1c3261da161a3b,computers_accessories,381169576b9f3c083a1c3261da161a3b,仅5月销售,1,0,4686,0,46.86,0.0,46.86,,-4686,-46.86,-100.0,,,-4686,,,-46.86
2017,furniture_decor,382c2f734ff9d09b3cc73d86f618dbd6,furniture_decor,382c2f734ff9d09b3cc73d86f618dbd6,仅6月销售,0,1,0,9870,0.0,98.7,,98.7,9870,98.7,,,,9870,,,98.7
2017,bed_bath_table,382db2ed3015c04d4b844d2a0712494c,bed_bath_table,382db2ed3015c04d4b844d2a0712494c,仅6月销售,0,1,0,10990,0.0,109.9,,109.9,10990,109.9,,,,10990,,,109.9
2017,sports_leisure,38327e062df5eb11f9ff87b586df0fd4,sports_leisure,38327e062df5eb11f9ff87b586df0fd4,仅6月销售,0,1,0,5490,0.0,54.9,,54.9,5490,54.9,,,,5490,,,54.9
2017,(unknown),3846c262ddb08db0ea2cc1a1685590ff,(unknown),3846c262ddb08db0ea2cc1a1685590ff,两月均有销量,2,1,7000,3500,70.0,35.0,35.0,35.0,-3500,-35.0,-50.0,-3500,0,,-35.0,0.0,
2017,fashion_bags_accessories,385b47aa4a6fda44c85e4899cfb81b96,fashion_bags_accessories,385b47aa4a6fda44c85e4899cfb81b96,仅6月销售,0,1,0,2990,0.0,29.9,,29.9,2990,29.9,,,,2990,,,29.9
2017,bed_bath_table,386486367c1f9d4f587a8864ccb6902b,bed_bath_table,386486367c1f9d4f587a8864ccb6902b,两月均有销量,1,3,10990,34570,109.9,345.7,109.9,115.23333333333333,23580,235.8,214.55868971792538,22513,1067,,225.13,10.67,
2017,watches_gifts,3879913e3a462abe3be99c14310898b5,watches_gifts,3879913e3a462abe3be99c14310898b5,仅5月销售,1,0,19990,0,199.9,0.0,199.9,,-19990,-199.9,-100.0,,,-19990,,,-199.9
2017,bed_bath_table,387f1559343d513c4383bdb99672e431,bed_bath_table,387f1559343d513c4383bdb99672e431,两月均有销量,1,1,9990,9990,99.9,99.9,99.9,99.9,0,0.0,0.0,0,0,,0.0,0.0,
2017,bed_bath_table,38907b29879ddc50f67e714102146e61,bed_bath_table,38907b29879ddc50f67e714102146e61,仅5月销售,1,0,5990,0,59.9,0.0,59.9,,-5990,-59.9,-100.0,,,-5990,,,-59.9
2017,garden_tools,389d119b48cf3043d311335e499d9c6b,garden_tools,389d119b48cf3043d311335e499d9c6b,两月均有销量,3,3,17970,17970,179.7,179.7,59.9,59.9,0,0.0,0.0,0,0,,0.0,0.0,
2017,furniture_decor,38add59349dc5b9c3effc6b93925cb97,furniture_decor,38add59349dc5b9c3effc6b93925cb97,仅5月销售,1,0,3600,0,36.0,0.0,36.0,,-3600,-36.0,-100.0,,,-3600,,,-36.0
2017,furniture_decor,38afdf723b95d455b418a0f57d623c6b,furniture_decor,38afdf723b95d455b418a0f57d623c6b,仅5月销售,1,0,11990,0,119.9,0.0,119.9,,-11990,-119.9,-100.0,,,-11990,,,-119.9
2017,fashion_bags_accessories,38dbc385d6da7b0e6bd58a90e069653b,fashion_bags_accessories,38dbc385d6da7b0e6bd58a90e069653b,仅5月销售,1,0,3000,0,30.0,0.0,30.0,,-3000,-30.0,-100.0,,,-3000,,,-30.0
2017,garden_tools,38dcb9ae53c258cfba73583f9454d721,garden_tools,38dcb9ae53c258cfba73583f9454d721,仅6月销售,0,1,0,125000,0.0,1250.0,,1250.0,125000,1250.0,,,,125000,,,1250.0
2017,market_place,38e28b7814d36bc84b972a75dd7c5ce7,market_place,38e28b7814d36bc84b972a75dd7c5ce7,仅6月销售,0,1,0,3299,0.0,32.99,,32.99,3299,32.99,,,,3299,,,32.99
2017,toys,3907f392eb7a6ba1d75fb55b28f7a27e,toys,3907f392eb7a6ba1d75fb55b28f7a27e,仅5月销售,1,0,16190,0,161.9,0.0,161.9,,-16190,-161.9,-100.0,,,-16190,,,-161.9
2017,bed_bath_table,39342c8e5e512bb1757779a3821a450f,bed_bath_table,39342c8e5e512bb1757779a3821a450f,两月均有销量,2,1,42000,21000,420.0,210.0,210.0,210.0,-21000,-210.0,-50.0,-21000,0,,-210.0,0.0,
2017,bed_bath_table,393a34515d1baf69f595647e2d74c62f,bed_bath_table,393a34515d1baf69f595647e2d74c62f,仅6月销售,0,1,0,5990,0.0,59.9,,59.9,5990,59.9,,,,5990,,,59.9
2017,pet_shop,397192d59d6294262d63b01e93b3d4dd,pet_shop,397192d59d6294262d63b01e93b3d4dd,仅5月销售,1,0,11900,0,119.0,0.0,119.0,,-11900,-119.0,-100.0,,,-11900,,,-119.0
2017,pet_shop,39a39074c35b5b8a466c85cf1d5b3387,pet_shop,39a39074c35b5b8a466c85cf1d5b3387,仅5月销售,1,0,3750,0,37.5,0.0,37.5,,-3750,-37.5,-100.0,,,-3750,,,-37.5
2017,garden_tools,39a7355be858c501ee022aaf6461bccd,garden_tools,39a7355be858c501ee022aaf6461bccd,两月均有销量,1,1,38900,38900,389.0,389.0,389.0,389.0,0,0.0,0.0,0,0,,0.0,0.0,
2017,bed_bath_table,39aa98469aa7460a9764311b3f8efb12,bed_bath_table,39aa98469aa7460a9764311b3f8efb12,两月均有销量,2,3,9190,13785,91.9,137.85,45.95,45.95,4595,45.95,50.0,4595,0,,45.95,0.0,
2017,sports_leisure,39af1c81c0e72ebd1f5454972c24ca38,sports_leisure,39af1c81c0e72ebd1f5454972c24ca38,仅6月销售,0,1,0,2000,0.0,20.0,,20.0,2000,20.0,,,,2000,,,20.0
2017,watches_gifts,39b5afc4814b4e72b2bfe4f4806aac25,watches_gifts,39b5afc4814b4e72b2bfe4f4806aac25,仅5月销售,1,0,53990,0,539.9,0.0,539.9,,-53990,-539.9,-100.0,,,-53990,,,-539.9
2017,fashion_bags_accessories,39b86f4e3aedf22731990099a660a6f5,fashion_bags_accessories,39b86f4e3aedf22731990099a660a6f5,仅5月销售,2,0,9800,0,98.0,0.0,49.0,,-9800,-98.0,-100.0,,,-9800,,,-98.0
2017,bed_bath_table,39bb2f298480bb8f763c1729a4db03cb,bed_bath_table,39bb2f298480bb8f763c1729a4db03cb,仅6月销售,0,2,0,3820,0.0,38.2,,19.1,3820,38.2,,,,3820,,,38.2
2017,stationery,39eef1b4d9ab7a5a121d3436b03ce7d3,stationery,39eef1b4d9ab7a5a121d3436b03ce7d3,仅6月销售,0,1,0,7990,0.0,79.9,,79.9,7990,79.9,,,,7990,,,79.9
2017,watches_gifts,3a07f82957867a5eb477dc7f2f60c2aa,watches_gifts,3a07f82957867a5eb477dc7f2f60c2aa,仅5月销售,1,0,3800,0,38.0,0.0,38.0,,-3800,-38.0,-100.0,,,-3800,,,-38.0
2017,bed_bath_table,3a12fe499b9342f78cb827ee18393e7f,bed_bath_table,3a12fe499b9342f78cb827ee18393e7f,仅6月销售,0,2,0,7498,0.0,74.98,,37.49,7498,74.98,,,,7498,,,74.98
2017,furniture_decor,3a38644e1618e84be3ed8d94b22e4b52,furniture_decor,3a38644e1618e84be3ed8d94b22e4b52,仅6月销售,0,1,0,6990,0.0,69.9,,69.9,6990,69.9,,,,6990,,,69.9
2017,furniture_decor,3a50509ecc44f58f235ec751ad7fe8e3,furniture_decor,3a50509ecc44f58f235ec751ad7fe8e3,仅5月销售,1,0,3990,0,39.9,0.0,39.9,,-3990,-39.9,-100.0,,,-3990,,,-39.9
2017,sports_leisure,3a5d57db958f4fec143599e2c7113f17,sports_leisure,3a5d57db958f4fec143599e2c7113f17,仅6月销售,0,1,0,11390,0.0,113.9,,113.9,11390,113.9,,,,11390,,,113.9
2017,baby,3a5dc69f4360ae2f4561d165c2ee8fae,baby,3a5dc69f4360ae2f4561d165c2ee8fae,仅6月销售,0,1,0,6999,0.0,69.99,,69.99,6999,69.99,,,,6999,,,69.99
2017,home_confort,3a7553224e54d216c4a65c85f2d04deb,home_confort,3a7553224e54d216c4a65c85f2d04deb,两月均有销量,1,2,23000,46000,230.0,460.0,230.0,230.0,23000,230.0,100.0,23000,0,,230.0,0.0,
2017,cool_stuff,3a7c9b0413d7b9cc7f4a18318fc5afb3,cool_stuff,3a7c9b0413d7b9cc7f4a18318fc5afb3,两月均有销量,3,1,38997,12999,389.97,129.99,129.99,129.99,-25998,-259.98,-66.66666666666667,-25998,0,,-259.98,0.0,
2017,telephony,3a98bcea866c31f53b35a41d3822f908,telephony,3a98bcea866c31f53b35a41d3822f908,仅5月销售,3,0,5697,0,56.97,0.0,18.99,,-5697,-56.97,-100.0,,,-5697,,,-56.97
2017,furniture_decor,3a9fd03ce8ae5650c7a83cf3b481ba8f,furniture_decor,3a9fd03ce8ae5650c7a83cf3b481ba8f,仅5月销售,1,0,5500,0,55.0,0.0,55.0,,-5500,-55.0,-100.0,,,-5500,,,-55.0
2017,computers_accessories,3adf46dbf0aa2bcca9d6fc85e4e7c339,computers_accessories,3adf46dbf0aa2bcca9d6fc85e4e7c339,仅5月销售,1,0,2990,0,29.9,0.0,29.9,,-2990,-29.9,-100.0,,,-2990,,,-29.9
2017,bed_bath_table,3ae3ff1822dea42b242b5902e605c1bd,bed_bath_table,3ae3ff1822dea42b242b5902e605c1bd,仅5月销售,1,0,22000,0,220.0,0.0,220.0,,-22000,-220.0,-100.0,,,-22000,,,-220.0
2017,food_drink,3ae810052cf18d30232367f0b45e284c,food_drink,3ae810052cf18d30232367f0b45e284c,仅5月销售,1,0,2281,0,22.81,0.0,22.81,,-2281,-22.81,-100.0,,,-2281,,,-22.81
2017,housewares,3b041207e72de52b24fc37d412d6f02a,housewares,3b041207e72de52b24fc37d412d6f02a,仅5月销售,1,0,14990,0,149.9,0.0,149.9,,-14990,-149.9,-100.0,,,-14990,,,-149.9
2017,musical_instruments,3b17f6528c9e2a01b2f75f844a60ddae,musical_instruments,3b17f6528c9e2a01b2f75f844a60ddae,仅6月销售,0,1,0,48500,0.0,485.0,,485.0,48500,485.0,,,,48500,,,485.0
2017,health_beauty,3b2c3b5eca3b8bd45a556828662ac340,health_beauty,3b2c3b5eca3b8bd45a556828662ac340,仅5月销售,1,0,4580,0,45.8,0.0,45.8,,-4580,-45.8,-100.0,,,-4580,,,-45.8
2017,auto,3b2cf6f48e64f1b64c75b8dcabc8655b,auto,3b2cf6f48e64f1b64c75b8dcabc8655b,仅6月销售,0,1,0,15990,0.0,159.9,,159.9,15990,159.9,,,,15990,,,159.9
2017,perfumery,3b423ed68870672cbc6aabeb1dbbc074,perfumery,3b423ed68870672cbc6aabeb1dbbc074,仅6月销售,0,1,0,21500,0.0,215.0,,215.0,21500,215.0,,,,21500,,,215.0
2017,watches_gifts,3b68c9e3c1775f3343e6643b793a5b02,watches_gifts,3b68c9e3c1775f3343e6643b793a5b02,仅5月销售,1,0,44990,0,449.9,0.0,449.9,,-44990,-449.9,-100.0,,,-44990,,,-449.9
2017,audio,3b7929cc079c14493fb6fb3373dbc1e1,audio,3b7929cc079c14493fb6fb3373dbc1e1,仅5月销售,1,0,9800,0,98.0,0.0,98.0,,-9800,-98.0,-100.0,,,-9800,,,-98.0
2017,computers_accessories,3b9e62775f31381472828246e899ee22,computers_accessories,3b9e62775f31381472828246e899ee22,仅5月销售,1,0,16000,0,160.0,0.0,160.0,,-16000,-160.0,-100.0,,,-16000,,,-160.0
2017,toys,3ba2b0de14984ce8f072c58be8d701dd,toys,3ba2b0de14984ce8f072c58be8d701dd,仅6月销售,0,2,0,19980,0.0,199.8,,99.9,19980,199.8,,,,19980,,,199.8
2017,sports_leisure,3bb7f144022e6732727d8d838a7b13b3,sports_leisure,3bb7f144022e6732727d8d838a7b13b3,仅6月销售,0,1,0,2670,0.0,26.7,,26.7,2670,26.7,,,,2670,,,26.7
2017,pet_shop,3bbacbe586e957acbf26c63b3ed532a3,pet_shop,3bbacbe586e957acbf26c63b3ed532a3,仅5月销售,1,0,14490,0,144.9,0.0,144.9,,-14490,-144.9,-100.0,,,-14490,,,-144.9
2017,bed_bath_table,3bbfc7ab9b28d67dee1c87ab14c2ec07,bed_bath_table,3bbfc7ab9b28d67dee1c87ab14c2ec07,仅5月销售,1,0,13990,0,139.9,0.0,139.9,,-13990,-139.9,-100.0,,,-13990,,,-139.9
2017,air_conditioning,3be495aa2bea5ca3041d723c2db13209,air_conditioning,3be495aa2bea5ca3041d723c2db13209,仅5月销售,2,0,17800,0,178.0,0.0,89.0,,-17800,-178.0,-100.0,,,-17800,,,-178.0
2017,bed_bath_table,3bfd31bd6ca35eba88eab292090ca291,bed_bath_table,3bfd31bd6ca35eba88eab292090ca291,仅6月销售,0,1,0,14999,0.0,149.99,,149.99,14999,149.99,,,,14999,,,149.99
2017,pet_shop,3bfd406881ee395530b18ca51670161e,pet_shop,3bfd406881ee395530b18ca51670161e,仅5月销售,2,0,37998,0,379.98,0.0,189.99,,-37998,-379.98,-100.0,,,-37998,,,-379.98
2017,housewares,3c078c878d44c18bb8c02acc54ae25e5,housewares,3c078c878d44c18bb8c02acc54ae25e5,两月均有销量,1,1,3790,3490,37.9,34.9,37.9,34.9,-300,-3.0,-7.915567282321899,0,-300,,0.0,-3.0,
2017,health_beauty,3c2e0c7185b8cb4c6172f7ad5e8f3075,health_beauty,3c2e0c7185b8cb4c6172f7ad5e8f3075,仅5月销售,2,0,7000,0,70.0,0.0,35.0,,-7000,-70.0,-100.0,,,-7000,,,-70.0
2017,fashion_shoes,3c33294ae18a2298ca94f669347ca935,fashion_shoes,3c33294ae18a2298ca94f669347ca935,仅5月销售,1,0,2990,0,29.9,0.0,29.9,,-2990,-29.9,-100.0,,,-2990,,,-29.9
2017,home_appliances,3c37353c20d6c00e079dbc21cf39f305,home_appliances,3c37353c20d6c00e079dbc21cf39f305,仅6月销售,0,1,0,2615,0.0,26.15,,26.15,2615,26.15,,,,2615,,,26.15
2017,stationery,3c6be4372f013b15ef6c2d0f89452998,stationery,3c6be4372f013b15ef6c2d0f89452998,仅5月销售,1,0,8900,0,89.0,0.0,89.0,,-8900,-89.0,-100.0,,,-8900,,,-89.0
2017,bed_bath_table,3c8403a4f7135ffcb0e050a81764088f,bed_bath_table,3c8403a4f7135ffcb0e050a81764088f,仅5月销售,1,0,10590,0,105.9,0.0,105.9,,-10590,-105.9,-100.0,,,-10590,,,-105.9
2017,furniture_decor,3c85232d9c97c6784684288a275f48e0,furniture_decor,3c85232d9c97c6784684288a275f48e0,仅6月销售,0,1,0,1799,0.0,17.99,,17.99,1799,17.99,,,,1799,,,17.99
2017,telephony,3cb27db8c8015afcf219721d4fc10148,telephony,3cb27db8c8015afcf219721d4fc10148,仅5月销售,1,0,2490,0,24.9,0.0,24.9,,-2490,-24.9,-100.0,,,-2490,,,-24.9
2017,perfumery,3cb86c99e14bcf5a24bea6305c171a75,perfumery,3cb86c99e14bcf5a24bea6305c171a75,仅6月销售,0,1,0,32900,0.0,329.0,,329.0,32900,329.0,,,,32900,,,329.0
2017,toys,3cc842aabeddd8ef0d633a10ef8a51aa,toys,3cc842aabeddd8ef0d633a10ef8a51aa,仅5月销售,1,0,27999,0,279.99,0.0,279.99,,-27999,-279.99,-100.0,,,-27999,,,-279.99
2017,bed_bath_table,3cc8beafc2e30054e0af2e8439561303,bed_bath_table,3cc8beafc2e30054e0af2e8439561303,仅5月销售,1,0,14150,0,141.5,0.0,141.5,,-14150,-141.5,-100.0,,,-14150,,,-141.5
2017,electronics,3ce7358fb633d033a700464c6a82e0bb,electronics,3ce7358fb633d033a700464c6a82e0bb,仅5月销售,1,0,19900,0,199.0,0.0,199.0,,-19900,-199.0,-100.0,,,-19900,,,-199.0
2017,housewares,3ce8dd82296006f1d916291f561c9d36,housewares,3ce8dd82296006f1d916291f561c9d36,仅5月销售,1,0,1202,0,12.02,0.0,12.02,,-1202,-12.02,-100.0,,,-1202,,,-12.02
2017,computers_accessories,3ce943997ff85cad84ec6770b35d6bcd,computers_accessories,3ce943997ff85cad84ec6770b35d6bcd,仅5月销售,3,0,52772,0,527.72,0.0,175.90666666666667,,-52772,-527.72,-100.0,,,-52772,,,-527.72
2017,sports_leisure,3cebb9158a3aa0b3f78ee0f934c9f032,sports_leisure,3cebb9158a3aa0b3f78ee0f934c9f032,两月均有销量,2,1,11980,5990,119.8,59.9,59.9,59.9,-5990,-59.9,-50.0,-5990,0,,-59.9,0.0,
2017,baby,3cef8174403f4fdedbf24fa67fa9f132,baby,3cef8174403f4fdedbf24fa67fa9f132,仅5月销售,1,0,79999,0,799.99,0.0,799.99,,-79999,-799.99,-100.0,,,-79999,,,-799.99
2017,furniture_decor,3cf5cfc31b982215dbc7c61cd0bcabe2,furniture_decor,3cf5cfc31b982215dbc7c61cd0bcabe2,仅6月销售,0,1,0,5290,0.0,52.9,,52.9,5290,52.9,,,,5290,,,52.9
2017,cool_stuff,3cf8d433fe3db3e76fcbf8197ad40b5b,cool_stuff,3cf8d433fe3db3e76fcbf8197ad40b5b,仅6月销售,0,1,0,28999,0.0,289.99,,289.99,28999,289.99,,,,28999,,,289.99
2017,computers_accessories,3cfbfb223bf0e89feef39ee393833408,computers_accessories,3cfbfb223bf0e89feef39ee393833408,仅6月销售,0,1,0,27900,0.0,279.0,,279.0,27900,279.0,,,,27900,,,279.0
2017,food,3d0552899dbe2f89cff6197aab33fe99,food,3d0552899dbe2f89cff6197aab33fe99,仅5月销售,2,0,23800,0,238.0,0.0,119.0,,-23800,-238.0,-100.0,,,-23800,,,-238.0
2017,toys,3d36ef6c6d553500f4240920658689e3,toys,3d36ef6c6d553500f4240920658689e3,仅5月销售,2,0,57998,0,579.98,0.0,289.99,,-57998,-579.98,-100.0,,,-57998,,,-579.98
2017,furniture_decor,3d77287739b6bf1ac163ce2d77570ada,furniture_decor,3d77287739b6bf1ac163ce2d77570ada,仅5月销售,2,0,89980,0,899.8,0.0,449.9,,-89980,-899.8,-100.0,,,-89980,,,-899.8
2017,sports_leisure,3d92b609f553af0ae89982e4fae15b1f,sports_leisure,3d92b609f553af0ae89982e4fae15b1f,仅5月销售,3,0,12099,0,120.99,0.0,40.33,,-12099,-120.99,-100.0,,,-12099,,,-120.99
2017,computers_accessories,3db75f31b76375c502f64d550dcd1166,computers_accessories,3db75f31b76375c502f64d550dcd1166,两月均有销量,6,9,19140,28710,191.4,287.1,31.9,31.9,9570,95.7,50.0,9570,0,,95.7,0.0,
2017,sports_leisure,3db8ae718c645f8d0de8d1042bd9acd6,sports_leisure,3db8ae718c645f8d0de8d1042bd9acd6,仅5月销售,1,0,14300,0,143.0,0.0,143.0,,-14300,-143.0,-100.0,,,-14300,,,-143.0
2017,small_appliances,3e0bc37e01b5c85e125dbaef7cc3f0ad,small_appliances,3e0bc37e01b5c85e125dbaef7cc3f0ad,仅6月销售,0,2,0,65980,0.0,659.8,,329.9,65980,659.8,,,,65980,,,659.8
2017,sports_leisure,3e0f398b664b26e3224c79dbf435191f,sports_leisure,3e0f398b664b26e3224c79dbf435191f,仅5月销售,1,0,4990,0,49.9,0.0,49.9,,-4990,-49.9,-100.0,,,-4990,,,-49.9
2017,furniture_decor,3e224d87f9ed6e9ac1b36889371dfe49,furniture_decor,3e224d87f9ed6e9ac1b36889371dfe49,仅5月销售,1,0,22490,0,224.9,0.0,224.9,,-22490,-224.9,-100.0,,,-22490,,,-224.9
2017,cool_stuff,3e28c005e07e71dc007d1f88295ba270,cool_stuff,3e28c005e07e71dc007d1f88295ba270,仅6月销售,0,1,0,11999,0.0,119.99,,119.99,11999,119.99,,,,11999,,,119.99
2017,furniture_decor,3e315c0ee386121f7723905ea2c2f76e,furniture_decor,3e315c0ee386121f7723905ea2c2f76e,仅5月销售,1,0,11490,0,114.9,0.0,114.9,,-11490,-114.9,-100.0,,,-11490,,,-114.9
2017,cool_stuff,3e31fd1419cc4cd6adad1925e72e3a03,cool_stuff,3e31fd1419cc4cd6adad1925e72e3a03,两月均有销量,1,1,5490,5490,54.9,54.9,54.9,54.9,0,0.0,0.0,0,0,,0.0,0.0,
2017,agro_industry_and_commerce,3e3f442db862cb6fe99389a41b7acb84,agro_industry_and_commerce,3e3f442db862cb6fe99389a41b7acb84,仅5月销售,1,0,86997,0,869.97,0.0,869.97,,-86997,-869.97,-100.0,,,-86997,,,-869.97
2017,computers_accessories,3e442d09f9dfef002aadf31960869f65,computers_accessories,3e442d09f9dfef002aadf31960869f65,两月均有销量,1,3,3190,9570,31.9,95.7,31.9,31.9,6380,63.8,200.0,6380,0,,63.8,0.0,
2017,toys,3e4684507e866b7418a457863bfcd3fe,toys,3e4684507e866b7418a457863bfcd3fe,仅6月销售,0,1,0,15378,0.0,153.78,,153.78,15378,153.78,,,,15378,,,153.78
2017,housewares,3e6185f70df5a257fee1631488ba93d5,housewares,3e6185f70df5a257fee1631488ba93d5,仅5月销售,1,0,6990,0,69.9,0.0,69.9,,-6990,-69.9,-100.0,,,-6990,,,-69.9
2017,sports_leisure,3e67af30c5e3eae465fbf496aa88fc8b,sports_leisure,3e67af30c5e3eae465fbf496aa88fc8b,仅5月销售,1,0,8990,0,89.9,0.0,89.9,,-8990,-89.9,-100.0,,,-8990,,,-89.9
2017,bed_bath_table,3ea30fb7b4c6d17f44c1594a713c224c,bed_bath_table,3ea30fb7b4c6d17f44c1594a713c224c,仅6月销售,0,1,0,9990,0.0,99.9,,99.9,9990,99.9,,,,9990,,,99.9
2017,telephony,3ea9fe739cd6a9bd2be0ba05c290498a,telephony,3ea9fe739cd6a9bd2be0ba05c290498a,仅6月销售,0,2,0,3198,0.0,31.98,,15.99,3198,31.98,,,,3198,,,31.98
2017,health_beauty,3ebec228f65dffbc25c2ee1b8a84d176,health_beauty,3ebec228f65dffbc25c2ee1b8a84d176,仅5月销售,1,0,6400,0,64.0,0.0,64.0,,-6400,-64.0,-100.0,,,-6400,,,-64.0
2017,bed_bath_table,3ec2984cb2de1675a0306bfc60dbe5a5,bed_bath_table,3ec2984cb2de1675a0306bfc60dbe5a5,仅6月销售,0,6,0,67940,0.0,679.4,,113.23333333333333,67940,679.4,,,,67940,,,679.4
2017,housewares,3ec743336067ca17a9d2b1599d8a7cae,housewares,3ec743336067ca17a9d2b1599d8a7cae,仅5月销售,1,0,2599,0,25.99,0.0,25.99,,-2599,-25.99,-100.0,,,-2599,,,-25.99
2017,furniture_decor,3ece1fcd5a64459a4e24143920178f42,furniture_decor,3ece1fcd5a64459a4e24143920178f42,两月均有销量,1,3,4900,14700,49.0,147.0,49.0,49.0,9800,98.0,200.0,9800,0,,98.0,0.0,
2017,small_appliances,3ecf69ee1fe21cfd40b30cbea549e563,small_appliances,3ecf69ee1fe21cfd40b30cbea549e563,仅6月销售,0,1,0,269000,0.0,2690.0,,2690.0,269000,2690.0,,,,269000,,,2690.0
2017,baby,3efd399c5d016b9e6a5ad3196eade44f,baby,3efd399c5d016b9e6a5ad3196eade44f,仅6月销售,0,1,0,21300,0.0,213.0,,213.0,21300,213.0,,,,21300,,,213.0
2017,furniture_decor,3efe696e322f9139e3d2b894cb1f7a09,furniture_decor,3efe696e322f9139e3d2b894cb1f7a09,两月均有销量,3,3,56970,56970,569.7,569.7,189.9,189.9,0,0.0,0.0,0,0,,0.0,0.0,
2017,cool_stuff,3f01901509b345951cfe27f5cea17e40,cool_stuff,3f01901509b345951cfe27f5cea17e40,仅5月销售,1,0,9999,0,99.99,0.0,99.99,,-9999,-99.99,-100.0,,,-9999,,,-99.99
2017,health_beauty,3f1a741cf5591384428c1cbb0ef07ec0,health_beauty,3f1a741cf5591384428c1cbb0ef07ec0,仅5月销售,4,0,5960,0,59.6,0.0,14.9,,-5960,-59.6,-100.0,,,-5960,,,-59.6
2017,toys,3f2146831fb32311f584fd931a0d51ad,toys,3f2146831fb32311f584fd931a0d51ad,仅5月销售,1,0,15999,0,159.99,0.0,159.99,,-15999,-159.99,-100.0,,,-15999,,,-159.99
2017,furniture_decor,3f3bb9a9009cafb307bc91e3d8a507b9,furniture_decor,3f3bb9a9009cafb307bc91e3d8a507b9,仅6月销售,0,1,0,24990,0.0,249.9,,249.9,24990,249.9,,,,24990,,,249.9
2017,garden_tools,3f9714af5d7efa95476ebf732c9078c8,garden_tools,3f9714af5d7efa95476ebf732c9078c8,仅6月销售,0,1,0,5490,0.0,54.9,,54.9,5490,54.9,,,,5490,,,54.9
2017,sports_leisure,3f98320412a131f7346baa2aa2de7540,sports_leisure,3f98320412a131f7346baa2aa2de7540,两月均有销量,1,1,11990,11990,119.9,119.9,119.9,119.9,0,0.0,0.0,0,0,,0.0,0.0,
2017,bed_bath_table,3fae92f8d0ebb3317991934a6d717c47,bed_bath_table,3fae92f8d0ebb3317991934a6d717c47,仅5月销售,1,0,4999,0,49.99,0.0,49.99,,-4999,-49.99,-100.0,,,-4999,,,-49.99
2017,air_conditioning,3fc00af0f0a8d4ac2933d3900416c977,air_conditioning,3fc00af0f0a8d4ac2933d3900416c977,仅6月销售,0,1,0,9999,0.0,99.99,,99.99,9999,99.99,,,,9999,,,99.99
2017,housewares,3fc18e3aefe7b9346bd15de863fa0365,housewares,3fc18e3aefe7b9346bd15de863fa0365,仅6月销售,0,2,0,16398,0.0,163.98,,81.99,16398,163.98,,,,16398,,,163.98
2017,garden_tools,3fd95674ddba6b30c42b8f62fe543c6b,garden_tools,3fd95674ddba6b30c42b8f62fe543c6b,仅6月销售,0,1,0,18990,0.0,189.9,,189.9,18990,189.9,,,,18990,,,189.9
2017,housewares,3ff490445b099b53cba94a2dab6f814d,housewares,3ff490445b099b53cba94a2dab6f814d,仅5月销售,1,0,5190,0,51.9,0.0,51.9,,-5190,-51.9,-100.0,,,-5190,,,-51.9
2017,pet_shop,40263263ca0cba325e7d97ada30b8dc6,pet_shop,40263263ca0cba325e7d97ada30b8dc6,仅6月销售,0,1,0,5800,0.0,58.0,,58.0,5800,58.0,,,,5800,,,58.0
2017,bed_bath_table,404a57563d487aecbc2b1a01d9b89aab,bed_bath_table,404a57563d487aecbc2b1a01d9b89aab,两月均有销量,3,3,66000,66000,660.0,660.0,220.0,220.0,0,0.0,0.0,0,0,,0.0,0.0,
2017,telephony,40749a37d68c1827c0ccd1844e9e3c8f,telephony,40749a37d68c1827c0ccd1844e9e3c8f,仅5月销售,1,0,1995,0,19.95,0.0,19.95,,-1995,-19.95,-100.0,,,-1995,,,-19.95
2017,health_beauty,4074fd19b30333e6cef7f658d672beef,health_beauty,4074fd19b30333e6cef7f658d672beef,仅5月销售,1,0,4999,0,49.99,0.0,49.99,,-4999,-49.99,-100.0,,,-4999,,,-49.99
2017,furniture_decor,4094a0149a0f4da09703696fe235617c,furniture_decor,4094a0149a0f4da09703696fe235617c,仅6月销售,0,1,0,5090,0.0,50.9,,50.9,5090,50.9,,,,5090,,,50.9
2017,sports_leisure,40a0ec6af64daa96b5e1203550354f89,sports_leisure,40a0ec6af64daa96b5e1203550354f89,仅5月销售,1,0,5490,0,54.9,0.0,54.9,,-5490,-54.9,-100.0,,,-5490,,,-54.9
2017,sports_leisure,40a75445dcf4958b8c9b3dac6898094b,sports_leisure,40a75445dcf4958b8c9b3dac6898094b,仅5月销售,1,0,6590,0,65.9,0.0,65.9,,-6590,-65.9,-100.0,,,-6590,,,-65.9
2017,sports_leisure,40b2a43c74c26b963dd1bd05384663a0,sports_leisure,40b2a43c74c26b963dd1bd05384663a0,仅5月销售,3,0,75600,0,756.0,0.0,252.0,,-75600,-756.0,-100.0,,,-75600,,,-756.0
2017,watches_gifts,40c7fdb4c192c7df52431d1b079f9026,watches_gifts,40c7fdb4c192c7df52431d1b079f9026,仅6月销售,0,1,0,3900,0.0,39.0,,39.0,3900,39.0,,,,3900,,,39.0
2017,bed_bath_table,40cb7bb3d30559b9b6c4fb62bc837962,bed_bath_table,40cb7bb3d30559b9b6c4fb62bc837962,两月均有销量,1,1,5990,5990,59.9,59.9,59.9,59.9,0,0.0,0.0,0,0,,0.0,0.0,
2017,telephony,40cc62bf0cf7aacfd12d865c196baa55,telephony,40cc62bf0cf7aacfd12d865c196baa55,两月均有销量,1,1,4999,4999,49.99,49.99,49.99,49.99,0,0.0,0.0,0,0,,0.0,0.0,
2017,health_beauty,4100a608bd0aa524b06ffefba973707b,health_beauty,4100a608bd0aa524b06ffefba973707b,仅6月销售,0,1,0,4400,0.0,44.0,,44.0,4400,44.0,,,,4400,,,44.0
2017,pet_shop,41170f223fcfb9220a82df1a646d5c43,pet_shop,41170f223fcfb9220a82df1a646d5c43,仅6月销售,0,1,0,14900,0.0,149.0,,149.0,14900,149.0,,,,14900,,,149.0
2017,furniture_decor,41171e11f920c47deb1809edda2bf09d,furniture_decor,41171e11f920c47deb1809edda2bf09d,仅5月销售,1,0,2600,0,26.0,0.0,26.0,,-2600,-26.0,-100.0,,,-2600,,,-26.0
2017,cool_stuff,4148d4f36653927e8641a9d6afbfc5e2,cool_stuff,4148d4f36653927e8641a9d6afbfc5e2,仅5月销售,1,0,23890,0,238.9,0.0,238.9,,-23890,-238.9,-100.0,,,-23890,,,-238.9
2017,pet_shop,4150111276cd3b62fcaeb7814cca0e08,pet_shop,4150111276cd3b62fcaeb7814cca0e08,仅5月销售,1,0,8599,0,85.99,0.0,85.99,,-8599,-85.99,-100.0,,,-8599,,,-85.99
2017,books_general_interest,4150a78d94e1932852796a92cda4cd90,books_general_interest,4150a78d94e1932852796a92cda4cd90,仅6月销售,0,1,0,3490,0.0,34.9,,34.9,3490,34.9,,,,3490,,,34.9
2017,luggage_accessories,41797ff66598803fa9ac0480e2ab3bc2,luggage_accessories,41797ff66598803fa9ac0480e2ab3bc2,仅6月销售,0,1,0,26990,0.0,269.9,,269.9,26990,269.9,,,,26990,,,269.9
2017,baby,417edf1693aef3f86b922c6a1a52daef,baby,417edf1693aef3f86b922c6a1a52daef,仅5月销售,1,0,4990,0,49.9,0.0,49.9,,-4990,-49.9,-100.0,,,-4990,,,-49.9
2017,bed_bath_table,419538c5c0c21d892928586bee1ea16a,bed_bath_table,419538c5c0c21d892928586bee1ea16a,仅5月销售,1,0,17490,0,174.9,0.0,174.9,,-17490,-174.9,-100.0,,,-17490,,,-174.9
2017,office_furniture,41b43381a92451746dc1374dbbd4c43e,office_furniture,41b43381a92451746dc1374dbbd4c43e,仅6月销售,0,2,0,31998,0.0,319.98,,159.99,31998,319.98,,,,31998,,,319.98
2017,watches_gifts,41b4baff1ceec845ba126eaeb07efa4a,watches_gifts,41b4baff1ceec845ba126eaeb07efa4a,仅6月销售,0,1,0,2490,0.0,24.9,,24.9,2490,24.9,,,,2490,,,24.9
2017,watches_gifts,41c24b8ce92d1a2cac62db5edfd088b2,watches_gifts,41c24b8ce92d1a2cac62db5edfd088b2,仅6月销售,0,2,0,37600,0.0,376.0,,188.0,37600,376.0,,,,37600,,,376.0
2017,baby,41cd333a4af5e36df81fc0b83ccf8e2d,baby,41cd333a4af5e36df81fc0b83ccf8e2d,仅6月销售,0,1,0,38800,0.0,388.0,,388.0,38800,388.0,,,,38800,,,388.0
2017,telephony,41f447e263110b954a7e52f6052ab5e1,telephony,41f447e263110b954a7e52f6052ab5e1,两月均有销量,1,1,1190,1190,11.9,11.9,11.9,11.9,0,0.0,0.0,0,0,,0.0,0.0,
2017,telephony,42130cd7a981706499a4d337f2f7f621,telephony,42130cd7a981706499a4d337f2f7f621,仅5月销售,2,0,5998,0,59.98,0.0,29.99,,-5998,-59.98,-100.0,,,-5998,,,-59.98
2017,electronics,42155695adbe665066ad812855fe523a,electronics,42155695adbe665066ad812855fe523a,两月均有销量,1,1,4899,3899,48.99,38.99,48.99,38.99,-1000,-10.0,-20.412329046744233,0,-1000,,0.0,-10.0,
2017,sports_leisure,421730bc1e40e869255cc20542bd2444,sports_leisure,421730bc1e40e869255cc20542bd2444,仅6月销售,0,1,0,2290,0.0,22.9,,22.9,2290,22.9,,,,2290,,,22.9
2017,sports_leisure,421d4110757e678b219c4ecb3832a7f3,sports_leisure,421d4110757e678b219c4ecb3832a7f3,仅6月销售,0,1,0,7880,0.0,78.8,,78.8,7880,78.8,,,,7880,,,78.8
2017,garden_tools,422879e10f46682990de24d770e7f83d,garden_tools,422879e10f46682990de24d770e7f83d,两月均有销量,4,1,23960,5990,239.6,59.9,59.9,59.9,-17970,-179.7,-75.0,-17970,0,,-179.7,0.0,
2017,pet_shop,422b2bcfce6061515c2aec9ef1d2a16b,pet_shop,422b2bcfce6061515c2aec9ef1d2a16b,仅6月销售,0,1,0,9999,0.0,99.99,,99.99,9999,99.99,,,,9999,,,99.99
2017,watches_gifts,423b46d7ff817b1cd19ab195c7b76546,watches_gifts,423b46d7ff817b1cd19ab195c7b76546,仅5月销售,1,0,5500,0,55.0,0.0,55.0,,-5500,-55.0,-100.0,,,-5500,,,-55.0
2017,cool_stuff,4244733e06e7ecb4970a6e2683c13e61,cool_stuff,4244733e06e7ecb4970a6e2683c13e61,仅6月销售,0,2,0,11180,0.0,111.8,,55.9,11180,111.8,,,,11180,,,111.8
2017,fashion_bags_accessories,424894ddaa2676e63fa0ec704d7132af,fashion_bags_accessories,424894ddaa2676e63fa0ec704d7132af,仅5月销售,1,0,2800,0,28.0,0.0,28.0,,-2800,-28.0,-100.0,,,-2800,,,-28.0
2017,furniture_decor,4253d0bdfe5de877ffc994926fa6041f,furniture_decor,4253d0bdfe5de877ffc994926fa6041f,仅5月销售,1,0,10490,0,104.9,0.0,104.9,,-10490,-104.9,-100.0,,,-10490,,,-104.9
2017,toys,4254fb9a475231dc0442038cd846a387,toys,4254fb9a475231dc0442038cd846a387,仅5月销售,1,0,9740,0,97.4,0.0,97.4,,-9740,-97.4,-100.0,,,-9740,,,-97.4
2017,watches_gifts,42567bcc01d5c14969a24618af7a5f3d,watches_gifts,42567bcc01d5c14969a24618af7a5f3d,仅5月销售,1,0,77500,0,775.0,0.0,775.0,,-77500,-775.0,-100.0,,,-77500,,,-775.0
2017,fashion_bags_accessories,425cfc055cf3bee60a67ee33dc577c95,fashion_bags_accessories,425cfc055cf3bee60a67ee33dc577c95,仅6月销售,0,1,0,2320,0.0,23.2,,23.2,2320,23.2,,,,2320,,,23.2
2017,bed_bath_table,4293865e4ead3d446609086b4cfedb4f,bed_bath_table,4293865e4ead3d446609086b4cfedb4f,两月均有销量,1,1,11990,11990,119.9,119.9,119.9,119.9,0,0.0,0.0,0,0,,0.0,0.0,
2017,computers_accessories,4298b7e67dc399c200662b569563a2b2,computers_accessories,4298b7e67dc399c200662b569563a2b2,两月均有销量,1,1,16999,16999,169.99,169.99,169.99,169.99,0,0.0,0.0,0,0,,0.0,0.0,
2017,bed_bath_table,42a2bd596fda1baef5719cb74f73030c,bed_bath_table,42a2bd596fda1baef5719cb74f73030c,仅6月销售,0,1,0,8990,0.0,89.9,,89.9,8990,89.9,,,,8990,,,89.9
2017,housewares,42a2c92a0979a949ca4ea89ec5c7b934,housewares,42a2c92a0979a949ca4ea89ec5c7b934,两月均有销量,13,71,77870,425290,778.7,4252.9,59.9,59.9,347420,3474.2,446.15384615384613,347420,0,,3474.2,0.0,
2017,small_appliances,42b3cf00e662d57725bd2425b106563f,small_appliances,42b3cf00e662d57725bd2425b106563f,两月均有销量,1,1,29990,29990,299.9,299.9,299.9,299.9,0,0.0,0.0,0,0,,0.0,0.0,
2017,home_appliances_2,42bb409da80c21a2ab7f65ec0c4f04d8,home_appliances_2,42bb409da80c21a2ab7f65ec0c4f04d8,仅5月销售,1,0,43990,0,439.9,0.0,439.9,,-43990,-439.9,-100.0,,,-43990,,,-439.9
2017,books_general_interest,42c9f35641e6be42fa5a86a7b2ea46e4,books_general_interest,42c9f35641e6be42fa5a86a7b2ea46e4,仅6月销售,0,1,0,10450,0.0,104.5,,104.5,10450,104.5,,,,10450,,,104.5
2017,computers_accessories,42ef2bdec0493fd90852352fcfbf2c24,computers_accessories,42ef2bdec0493fd90852352fcfbf2c24,仅6月销售,0,1,0,19590,0.0,195.9,,195.9,19590,195.9,,,,19590,,,195.9
2017,sports_leisure,42f14eda412436b96cde4f4025ed5f25,sports_leisure,42f14eda412436b96cde4f4025ed5f25,仅6月销售,0,1,0,9333,0.0,93.33,,93.33,9333,93.33,,,,9333,,,93.33
2017,electronics,42f25a7251d847a86c1849731bf166ff,electronics,42f25a7251d847a86c1849731bf166ff,仅6月销售,0,1,0,15900,0.0,159.0,,159.0,15900,159.0,,,,15900,,,159.0
2017,garden_tools,42faf2e98f0486405f5dfac48e5cba7d,garden_tools,42faf2e98f0486405f5dfac48e5cba7d,仅5月销售,1,0,1446,0,14.46,0.0,14.46,,-1446,-14.46,-100.0,,,-1446,,,-14.46
2017,garden_tools,43267ceb81c34b7d49decd624671ccfa,garden_tools,43267ceb81c34b7d49decd624671ccfa,仅6月销售,0,1,0,20289,0.0,202.89,,202.89,20289,202.89,,,,20289,,,202.89
2017,computers_accessories,43a24e051b37c8e88accdfdeecddb71b,computers_accessories,43a24e051b37c8e88accdfdeecddb71b,仅5月销售,1,0,19990,0,199.9,0.0,199.9,,-19990,-199.9,-100.0,,,-19990,,,-199.9
2017,(unknown),43afa94fdd01b7f2a67f3776a8df0d71,(unknown),43afa94fdd01b7f2a67f3776a8df0d71,仅5月销售,1,0,5990,0,59.9,0.0,59.9,,-5990,-59.9,-100.0,,,-5990,,,-59.9
2017,christmas_supplies,43c9506443a52a22cace92d7eef9cfcb,christmas_supplies,43c9506443a52a22cace92d7eef9cfcb,仅6月销售,0,1,0,2990,0.0,29.9,,29.9,2990,29.9,,,,2990,,,29.9
2017,furniture_decor,43ee88561093499d9e571d4db5f20b79,furniture_decor,43ee88561093499d9e571d4db5f20b79,两月均有销量,1,2,1090,2180,10.9,21.8,10.9,10.9,1090,10.9,100.0,1090,0,,10.9,0.0,
2017,fashion_bags_accessories,43f88c8353708451babf9bcdd1fda92a,fashion_bags_accessories,43f88c8353708451babf9bcdd1fda92a,两月均有销量,2,3,9980,14970,99.8,149.7,49.9,49.9,4990,49.9,50.0,4990,0,,49.9,0.0,
2017,pet_shop,43fe236fd16fba129a5498ba4b1b47fe,pet_shop,43fe236fd16fba129a5498ba4b1b47fe,仅5月销售,1,0,24990,0,249.9,0.0,249.9,,-24990,-249.9,-100.0,,,-24990,,,-249.9
2017,stationery,440f5b159d6123c0f65eb1abb5373b99,stationery,440f5b159d6123c0f65eb1abb5373b99,两月均有销量,1,1,16990,16990,169.9,169.9,169.9,169.9,0,0.0,0.0,0,0,,0.0,0.0,
2017,bed_bath_table,4413e2f854c2f02d80065a178decb9c2,bed_bath_table,4413e2f854c2f02d80065a178decb9c2,仅6月销售,0,1,0,14990,0.0,149.9,,149.9,14990,149.9,,,,14990,,,149.9
2017,health_beauty,4419a003d42a243227478f2a949722d8,health_beauty,4419a003d42a243227478f2a949722d8,仅6月销售,0,2,0,24000,0.0,240.0,,120.0,24000,240.0,,,,24000,,,240.0
2017,baby,442cec8fcec2cb2c32671cd0dfb02971,baby,442cec8fcec2cb2c32671cd0dfb02971,仅6月销售,0,1,0,62900,0.0,629.0,,629.0,62900,629.0,,,,62900,,,629.0
2017,electronics,4440eee33cc4fe9710fb8b024a128bcd,electronics,4440eee33cc4fe9710fb8b024a128bcd,仅5月销售,1,0,2200,0,22.0,0.0,22.0,,-2200,-22.0,-100.0,,,-2200,,,-22.0
2017,garden_tools,44414d55ce2808a7b8f3568a92d1484f,garden_tools,44414d55ce2808a7b8f3568a92d1484f,仅5月销售,1,0,32890,0,328.9,0.0,328.9,,-32890,-328.9,-100.0,,,-32890,,,-328.9
2017,watches_gifts,44523a5e61f0a718c2231922b8856ad7,watches_gifts,44523a5e61f0a718c2231922b8856ad7,仅6月销售,0,2,0,75998,0.0,759.98,,379.99,75998,759.98,,,,75998,,,759.98
2017,(unknown),447540e8fcd91fc4f9b1587aed39882c,(unknown),447540e8fcd91fc4f9b1587aed39882c,仅5月销售,1,0,4490,0,44.9,0.0,44.9,,-4490,-44.9,-100.0,,,-4490,,,-44.9
2017,housewares,447a4fbd4c6995b5779d96127eff23d2,housewares,447a4fbd4c6995b5779d96127eff23d2,两月均有销量,1,1,3999,3999,39.99,39.99,39.99,39.99,0,0.0,0.0,0,0,,0.0,0.0,
2017,sports_leisure,44815c128303d654f94d021e47b0764f,sports_leisure,44815c128303d654f94d021e47b0764f,仅6月销售,0,1,0,9680,0.0,96.8,,96.8,9680,96.8,,,,9680,,,96.8
2017,cool_stuff,448cbeba9628acd8b5b8bd6c8a5018a0,cool_stuff,448cbeba9628acd8b5b8bd6c8a5018a0,仅6月销售,0,1,0,8000,0.0,80.0,,80.0,8000,80.0,,,,8000,,,80.0
2017,market_place,448dc3486005777a15d7b3f445637ee2,market_place,448dc3486005777a15d7b3f445637ee2,仅6月销售,0,1,0,2990,0.0,29.9,,29.9,2990,29.9,,,,2990,,,29.9
2017,fashion_bags_accessories,448ed4e809cd34e3883a07ebaa820d39,fashion_bags_accessories,448ed4e809cd34e3883a07ebaa820d39,仅6月销售,0,1,0,2490,0.0,24.9,,24.9,2490,24.9,,,,2490,,,24.9
2017,sports_leisure,44a34214a57dc373dcd80f54c919d006,sports_leisure,44a34214a57dc373dcd80f54c919d006,两月均有销量,8,7,23600,20650,236.0,206.5,29.5,29.5,-2950,-29.5,-12.5,-2950,0,,-29.5,0.0,
2017,housewares,44afebe5ba695261a126f43a4b29d814,housewares,44afebe5ba695261a126f43a4b29d814,仅5月销售,8,0,73600,0,736.0,0.0,92.0,,-73600,-736.0,-100.0,,,-73600,,,-736.0
2017,furniture_decor,44c015f31e165a805a0c68a2124e2e90,furniture_decor,44c015f31e165a805a0c68a2124e2e90,仅5月销售,1,0,56995,0,569.95,0.0,569.95,,-56995,-569.95,-100.0,,,-56995,,,-569.95
2017,housewares,44c06ea2624ec11360ccb3267b46d528,housewares,44c06ea2624ec11360ccb3267b46d528,仅6月销售,0,1,0,7499,0.0,74.99,,74.99,7499,74.99,,,,7499,,,74.99
2017,furniture_decor,44dfeb8491daf22683dff46c7a3265b9,furniture_decor,44dfeb8491daf22683dff46c7a3265b9,仅6月销售,0,1,0,6500,0.0,65.0,,65.0,6500,65.0,,,,6500,,,65.0
2017,health_beauty,44f90f085c7a825863cbf867990e1513,health_beauty,44f90f085c7a825863cbf867990e1513,仅5月销售,3,0,7842,0,78.42,0.0,26.14,,-7842,-78.42,-100.0,,,-7842,,,-78.42
2017,sports_leisure,4508e088c4a07e0ad64f6fa3751e314a,sports_leisure,4508e088c4a07e0ad64f6fa3751e314a,仅6月销售,0,1,0,7690,0.0,76.9,,76.9,7690,76.9,,,,7690,,,76.9
2017,furniture_decor,450a44fbb7995e0ace31991a2bb05470,furniture_decor,450a44fbb7995e0ace31991a2bb05470,仅6月销售,0,1,0,3899,0.0,38.99,,38.99,3899,38.99,,,,3899,,,38.99
2017,auto,4520766ec412348b8d4caa5e8a18c464,auto,4520766ec412348b8d4caa5e8a18c464,两月均有销量,1,1,5999,5000,59.99,50.0,59.99,50.0,-999,-9.99,-16.652775462577097,0,-999,,0.0,-9.99,
2017,bed_bath_table,4525ba25c6fe12c6c01f869b3226d8e4,bed_bath_table,4525ba25c6fe12c6c01f869b3226d8e4,仅5月销售,1,0,8990,0,89.9,0.0,89.9,,-8990,-89.9,-100.0,,,-8990,,,-89.9
2017,books_general_interest,45448d98662daee2e5ee969475a90826,books_general_interest,45448d98662daee2e5ee969475a90826,两月均有销量,1,1,13390,13390,133.9,133.9,133.9,133.9,0,0.0,0.0,0,0,,0.0,0.0,
2017,fashion_shoes,4563d900cd3080ee4854e36ea7d0f156,fashion_shoes,4563d900cd3080ee4854e36ea7d0f156,仅5月销售,1,0,2990,0,29.9,0.0,29.9,,-2990,-29.9,-100.0,,,-2990,,,-29.9
2017,furniture_decor,457953cd3ce26e8f7c9037bfb9e19b14,furniture_decor,457953cd3ce26e8f7c9037bfb9e19b14,仅5月销售,3,0,13950,0,139.5,0.0,46.5,,-13950,-139.5,-100.0,,,-13950,,,-139.5
2017,bed_bath_table,45986044725e448e85eb0d81251a8892,bed_bath_table,45986044725e448e85eb0d81251a8892,仅5月销售,2,0,37800,0,378.0,0.0,189.0,,-37800,-378.0,-100.0,,,-37800,,,-378.0
2017,(unknown),45a15b38cc3c0514717a1de673c6193c,(unknown),45a15b38cc3c0514717a1de673c6193c,仅5月销售,1,0,13900,0,139.0,0.0,139.0,,-13900,-139.0,-100.0,,,-13900,,,-139.0
2017,bed_bath_table,45af706a261242e1f74e90aee7b49a5b,bed_bath_table,45af706a261242e1f74e90aee7b49a5b,仅5月销售,4,0,23960,0,239.6,0.0,59.9,,-23960,-239.6,-100.0,,,-23960,,,-239.6
2017,musical_instruments,45c4df3befb383b0102121f980c20f82,musical_instruments,45c4df3befb383b0102121f980c20f82,仅6月销售,0,1,0,59900,0.0,599.0,,599.0,59900,599.0,,,,59900,,,599.0
2017,pet_shop,45cfee87da128a8f939226bedd92a72d,pet_shop,45cfee87da128a8f939226bedd92a72d,两月均有销量,2,2,6528,6528,65.28,65.28,32.64,32.64,0,0.0,0.0,0,0,,0.0,0.0,
2017,sports_leisure,45dc66388e0aeec2e8baab5572f2fa44,sports_leisure,45dc66388e0aeec2e8baab5572f2fa44,仅6月销售,0,1,0,3200,0.0,32.0,,32.0,3200,32.0,,,,3200,,,32.0
2017,telephony,45df8892a1d74d2e8f960dc06625fdab,telephony,45df8892a1d74d2e8f960dc06625fdab,仅5月销售,3,0,87000,0,870.0,0.0,290.0,,-87000,-870.0,-100.0,,,-87000,,,-870.0
2017,health_beauty,45e9db074ca64dc81ee6f06185544d6e,health_beauty,45e9db074ca64dc81ee6f06185544d6e,两月均有销量,1,1,6390,6290,63.9,62.9,63.9,62.9,-100,-1.0,-1.5649452269170578,0,-100,,0.0,-1.0,
2017,furniture_decor,45fc964dc03d16147f82dbe844e2cdf1,furniture_decor,45fc964dc03d16147f82dbe844e2cdf1,两月均有销量,2,1,4698,2349,46.98,23.49,23.49,23.49,-2349,-23.49,-50.0,-2349,0,,-23.49,0.0,
2017,furniture_decor,4610f9bc86835033aab4160bcb1c3d27,furniture_decor,4610f9bc86835033aab4160bcb1c3d27,仅5月销售,1,0,2990,0,29.9,0.0,29.9,,-2990,-29.9,-100.0,,,-2990,,,-29.9
2017,garden_tools,4618f9c46ea4592eccee4a62718e1560,garden_tools,4618f9c46ea4592eccee4a62718e1560,仅6月销售,0,2,0,7980,0.0,79.8,,39.9,7980,79.8,,,,7980,,,79.8
2017,watches_gifts,461f43be3bdf8844e65b62d9ac2c7a5a,watches_gifts,461f43be3bdf8844e65b62d9ac2c7a5a,仅6月销售,0,5,0,78995,0.0,789.95,,157.99,78995,789.95,,,,78995,,,789.95
2017,(unknown),46255a421f244cd985f138a63d77d09c,(unknown),46255a421f244cd985f138a63d77d09c,仅5月销售,1,0,8000,0,80.0,0.0,80.0,,-8000,-80.0,-100.0,,,-8000,,,-80.0
2017,computers_accessories,462b89aad33e9b762cff8fd20db1fdcb,computers_accessories,462b89aad33e9b762cff8fd20db1fdcb,仅5月销售,1,0,19990,0,199.9,0.0,199.9,,-19990,-199.9,-100.0,,,-19990,,,-199.9
2017,fixed_telephony,4633dfeb3a2588bdb52af32d504b44eb,fixed_telephony,4633dfeb3a2588bdb52af32d504b44eb,仅6月销售,0,3,0,5997,0.0,59.97,,19.99,5997,59.97,,,,5997,,,59.97
2017,pet_shop,463eeb3db6fefe01fc8f4d3bb00bc018,pet_shop,463eeb3db6fefe01fc8f4d3bb00bc018,仅6月销售,0,1,0,2790,0.0,27.9,,27.9,2790,27.9,,,,2790,,,27.9
2017,telephony,466d263ce8b7bd275003ee2104428127,telephony,466d263ce8b7bd275003ee2104428127,两月均有销量,7,6,18193,15594,181.93,155.94,25.99,25.99,-2599,-25.99,-14.285714285714286,-2599,0,,-25.99,0.0,
2017,books_technical,469ef39f0ddc59c8913d9d5a62318e40,books_technical,469ef39f0ddc59c8913d9d5a62318e40,仅5月销售,1,0,2490,0,24.9,0.0,24.9,,-2490,-24.9,-100.0,,,-2490,,,-24.9
2017,sports_leisure,46a03707de74b0250b111cc1378d8008,sports_leisure,46a03707de74b0250b111cc1378d8008,仅6月销售,0,1,0,5999,0.0,59.99,,59.99,5999,59.99,,,,5999,,,59.99
2017,computers_accessories,46ded74d8d8e187dabe94a64dd15a7cd,computers_accessories,46ded74d8d8e187dabe94a64dd15a7cd,仅5月销售,2,0,7980,0,79.8,0.0,39.9,,-7980,-79.8,-100.0,,,-7980,,,-79.8
2017,bed_bath_table,46ffa04dbcbc5783861687bf69fc4f85,bed_bath_table,46ffa04dbcbc5783861687bf69fc4f85,仅6月销售,0,1,0,6990,0.0,69.9,,69.9,6990,69.9,,,,6990,,,69.9
2017,computers_accessories,470433f95ba906e17efac3fce39e9ffd,computers_accessories,470433f95ba906e17efac3fce39e9ffd,仅6月销售,0,1,0,299989,0.0,2999.89,,2999.89,299989,2999.89,,,,299989,,,2999.89
2017,computers_accessories,472a528b441c91f23491342237364565,computers_accessories,472a528b441c91f23491342237364565,仅6月销售,0,1,0,129999,0.0,1299.99,,1299.99,129999,1299.99,,,,129999,,,1299.99
2017,perfumery,473795a355d29305c3ea6b156833adf5,perfumery,473795a355d29305c3ea6b156833adf5,仅5月销售,1,0,6290,0,62.9,0.0,62.9,,-6290,-62.9,-100.0,,,-6290,,,-62.9
2017,fashion_bags_accessories,473ecd4c15ecda05e4044ef14f1f4c2e,fashion_bags_accessories,473ecd4c15ecda05e4044ef14f1f4c2e,仅5月销售,1,0,5990,0,59.9,0.0,59.9,,-5990,-59.9,-100.0,,,-5990,,,-59.9
2017,office_furniture,475e8a9ddbebf13af503d1c7eccadb1a,office_furniture,475e8a9ddbebf13af503d1c7eccadb1a,两月均有销量,1,3,14990,44970,149.9,449.7,149.9,149.9,29980,299.8,200.0,29980,0,,299.8,0.0,
2017,bed_bath_table,476f613bc92f3a20cf80a586fa45a232,bed_bath_table,476f613bc92f3a20cf80a586fa45a232,仅5月销售,1,0,3990,0,39.9,0.0,39.9,,-3990,-39.9,-100.0,,,-3990,,,-39.9
2017,watches_gifts,47d6209a0b169cc800b0a45a9127d2f2,watches_gifts,47d6209a0b169cc800b0a45a9127d2f2,仅5月销售,1,0,2870,0,28.7,0.0,28.7,,-2870,-28.7,-100.0,,,-2870,,,-28.7
2017,perfumery,47ed478ee7b2696c2c49229fcad56e98,perfumery,47ed478ee7b2696c2c49229fcad56e98,仅5月销售,1,0,12990,0,129.9,0.0,129.9,,-12990,-129.9,-100.0,,,-12990,,,-129.9
2017,health_beauty,47ed9bf58ec9b274dd4effeb9c75f117,health_beauty,47ed9bf58ec9b274dd4effeb9c75f117,仅5月销售,1,0,3590,0,35.9,0.0,35.9,,-3590,-35.9,-100.0,,,-3590,,,-35.9
2017,sports_leisure,47f08a63ddcb747bf50a90d26f093c65,sports_leisure,47f08a63ddcb747bf50a90d26f093c65,仅6月销售,0,1,0,15990,0.0,159.9,,159.9,15990,159.9,,,,15990,,,159.9
2017,cool_stuff,4808d0f726c21019e47863e21427cb48,cool_stuff,4808d0f726c21019e47863e21427cb48,仅6月销售,0,1,0,14190,0.0,141.9,,141.9,14190,141.9,,,,14190,,,141.9
2017,bed_bath_table,4845d1421cd53de09a405f5f869add3c,bed_bath_table,4845d1421cd53de09a405f5f869add3c,仅5月销售,2,0,21980,0,219.8,0.0,109.9,,-21980,-219.8,-100.0,,,-21980,,,-219.8
2017,computers_accessories,484619f908431240f47e8c9e96ca00d1,computers_accessories,484619f908431240f47e8c9e96ca00d1,仅6月销售,0,1,0,6490,0.0,64.9,,64.9,6490,64.9,,,,6490,,,64.9
2017,pet_shop,48a78d3787292116ba0de72570514978,pet_shop,48a78d3787292116ba0de72570514978,仅5月销售,1,0,8790,0,87.9,0.0,87.9,,-8790,-87.9,-100.0,,,-8790,,,-87.9
2017,watches_gifts,48b412d7a87b3279a7dda5f00e23ca91,watches_gifts,48b412d7a87b3279a7dda5f00e23ca91,仅5月销售,1,0,59900,0,599.0,0.0,599.0,,-59900,-599.0,-100.0,,,-59900,,,-599.0
2017,housewares,48c4ce43e9ae76b92039ed23beaca543,housewares,48c4ce43e9ae76b92039ed23beaca543,仅5月销售,1,0,4690,0,46.9,0.0,46.9,,-4690,-46.9,-100.0,,,-4690,,,-46.9
2017,bed_bath_table,48ee9be392f28ae3a64518a070f4d06a,bed_bath_table,48ee9be392f28ae3a64518a070f4d06a,仅5月销售,2,0,13980,0,139.8,0.0,69.9,,-13980,-139.8,-100.0,,,-13980,,,-139.8
2017,bed_bath_table,48f27eae43a6ecfccfd61052113cd322,bed_bath_table,48f27eae43a6ecfccfd61052113cd322,仅5月销售,1,0,6506,0,65.06,0.0,65.06,,-6506,-65.06,-100.0,,,-6506,,,-65.06
2017,watches_gifts,4903460ef3e8a5a22e2b8027f3f63dd6,watches_gifts,4903460ef3e8a5a22e2b8027f3f63dd6,仅5月销售,1,0,15800,0,158.0,0.0,158.0,,-15800,-158.0,-100.0,,,-15800,,,-158.0
2017,drinks,491067a4bc3ca4303e9fba74d629412c,drinks,491067a4bc3ca4303e9fba74d629412c,仅6月销售,0,1,0,4999,0.0,49.99,,49.99,4999,49.99,,,,4999,,,49.99
2017,fashion_bags_accessories,491a99b628dd0701b0758ec05b49cafb,fashion_bags_accessories,491a99b628dd0701b0758ec05b49cafb,仅5月销售,1,0,5990,0,59.9,0.0,59.9,,-5990,-59.9,-100.0,,,-5990,,,-59.9
2017,sports_leisure,49366a8fab2e191239a143647474e7fc,sports_leisure,49366a8fab2e191239a143647474e7fc,仅5月销售,1,0,3300,0,33.0,0.0,33.0,,-3300,-33.0,-100.0,,,-3300,,,-33.0
2017,fashion_sport,494822838e3883190a3b0834d5124c02,fashion_sport,494822838e3883190a3b0834d5124c02,仅6月销售,0,1,0,8990,0.0,89.9,,89.9,8990,89.9,,,,8990,,,89.9
2017,furniture_decor,496f6bd86011e5a9ddea8dc96e802340,furniture_decor,496f6bd86011e5a9ddea8dc96e802340,仅5月销售,1,0,7290,0,72.9,0.0,72.9,,-7290,-72.9,-100.0,,,-7290,,,-72.9
2017,sports_leisure,4981f1410716b81db3808ba1c7d21394,sports_leisure,4981f1410716b81db3808ba1c7d21394,仅5月销售,1,0,1990,0,19.9,0.0,19.9,,-1990,-19.9,-100.0,,,-1990,,,-19.9
2017,furniture_decor,49a2fa4ccedbad4f2e7ed4287fce1a6d,furniture_decor,49a2fa4ccedbad4f2e7ed4287fce1a6d,仅5月销售,1,0,8990,0,89.9,0.0,89.9,,-8990,-89.9,-100.0,,,-8990,,,-89.9
2017,fashion_bags_accessories,49a968658d070a34b8ace5e4441d1030,fashion_bags_accessories,49a968658d070a34b8ace5e4441d1030,仅5月销售,1,0,3500,0,35.0,0.0,35.0,,-3500,-35.0,-100.0,,,-3500,,,-35.0
2017,pet_shop,49c8221f68acec04f84cc22c58be6c5a,pet_shop,49c8221f68acec04f84cc22c58be6c5a,仅6月销售,0,1,0,6190,0.0,61.9,,61.9,6190,61.9,,,,6190,,,61.9
2017,sports_leisure,49c934af2be4194ac63262d60745fcb0,sports_leisure,49c934af2be4194ac63262d60745fcb0,仅6月销售,0,1,0,6700,0.0,67.0,,67.0,6700,67.0,,,,6700,,,67.0
2017,computers_accessories,49d05515656ae5bacab920395f834244,computers_accessories,49d05515656ae5bacab920395f834244,仅5月销售,1,0,21790,0,217.9,0.0,217.9,,-21790,-217.9,-100.0,,,-21790,,,-217.9
2017,cool_stuff,49dbea290802d8ca27cfebececcaa1a2,cool_stuff,49dbea290802d8ca27cfebececcaa1a2,仅5月销售,1,0,12999,0,129.99,0.0,129.99,,-12999,-129.99,-100.0,,,-12999,,,-129.99
2017,signaling_and_security,49e038a7b8ba2e18d9a7a26c1f238544,signaling_and_security,49e038a7b8ba2e18d9a7a26c1f238544,仅6月销售,0,1,0,13400,0.0,134.0,,134.0,13400,134.0,,,,13400,,,134.0
2017,housewares,49e1eb2294c024ad435adb2b1de09336,housewares,49e1eb2294c024ad435adb2b1de09336,仅6月销售,0,1,0,5063,0.0,50.63,,50.63,5063,50.63,,,,5063,,,50.63
2017,stationery,49ebaaba28aca545f9a5ff9fc17ae988,stationery,49ebaaba28aca545f9a5ff9fc17ae988,仅6月销售,0,1,0,2599,0.0,25.99,,25.99,2599,25.99,,,,2599,,,25.99
2017,bed_bath_table,49f906609418f32ad932aa7a24396268,bed_bath_table,49f906609418f32ad932aa7a24396268,仅6月销售,0,1,0,1750,0.0,17.5,,17.5,1750,17.5,,,,1750,,,17.5
2017,toys,49fe3838a85fc221f84269f59f6b8ce4,toys,49fe3838a85fc221f84269f59f6b8ce4,仅5月销售,1,0,10990,0,109.9,0.0,109.9,,-10990,-109.9,-100.0,,,-10990,,,-109.9
2017,bed_bath_table,4a01cbeb8bae0d662fa07b73e357d864,bed_bath_table,4a01cbeb8bae0d662fa07b73e357d864,仅5月销售,1,0,6490,0,64.9,0.0,64.9,,-6490,-64.9,-100.0,,,-6490,,,-64.9
2017,watches_gifts,4a0938478787f49dc07af734b86be96c,watches_gifts,4a0938478787f49dc07af734b86be96c,仅5月销售,1,0,14900,0,149.0,0.0,149.0,,-14900,-149.0,-100.0,,,-14900,,,-149.0
2017,bed_bath_table,4a0c2a56e65c941a0bb9874c47dd66d8,bed_bath_table,4a0c2a56e65c941a0bb9874c47dd66d8,仅6月销售,0,2,0,15980,0.0,159.8,,79.9,15980,159.8,,,,15980,,,159.8
2017,musical_instruments,4a266296cc64880551c3efad9739fb2e,musical_instruments,4a266296cc64880551c3efad9739fb2e,仅6月销售,0,1,0,26900,0.0,269.0,,269.0,26900,269.0,,,,26900,,,269.0
2017,cool_stuff,4a69baa66a13d1adeb41cfe3bc0c27be,cool_stuff,4a69baa66a13d1adeb41cfe3bc0c27be,仅6月销售,0,2,0,19980,0.0,199.8,,99.9,19980,199.8,,,,19980,,,199.8
2017,cool_stuff,4a69bf67fa5c94b8e301ef9c94950755,cool_stuff,4a69bf67fa5c94b8e301ef9c94950755,仅5月销售,2,0,27980,0,279.8,0.0,139.9,,-27980,-279.8,-100.0,,,-27980,,,-279.8
2017,fashion_bags_accessories,4a6bed9678fe2fa40d7a84063fde6f89,fashion_bags_accessories,4a6bed9678fe2fa40d7a84063fde6f89,仅5月销售,2,0,4980,0,49.8,0.0,24.9,,-4980,-49.8,-100.0,,,-4980,,,-49.8
2017,health_beauty,4a8a91cb75042e2b6496f1a6d2d1cdd6,health_beauty,4a8a91cb75042e2b6496f1a6d2d1cdd6,两月均有销量,1,1,14890,14890,148.9,148.9,148.9,148.9,0,0.0,0.0,0,0,,0.0,0.0,
2017,baby,4a8c87facc0a20b726d5e1112ff3069f,baby,4a8c87facc0a20b726d5e1112ff3069f,仅6月销售,0,1,0,14990,0.0,149.9,,149.9,14990,149.9,,,,14990,,,149.9
2017,sports_leisure,4a9389b1a1ad7d52963f24ce0391a08f,sports_leisure,4a9389b1a1ad7d52963f24ce0391a08f,仅6月销售,0,1,0,8900,0.0,89.0,,89.0,8900,89.0,,,,8900,,,89.0
2017,air_conditioning,4a96de21ccfb22ebe1c56992acbbd7fc,air_conditioning,4a96de21ccfb22ebe1c56992acbbd7fc,两月均有销量,1,1,9999,9900,99.99,99.0,99.99,99.0,-99,-0.99,-0.9900990099009901,0,-99,,0.0,-0.99,
2017,furniture_decor,4aa3217e8e1d635a7da3e1f69c79ec09,furniture_decor,4aa3217e8e1d635a7da3e1f69c79ec09,仅6月销售,0,1,0,4999,0.0,49.99,,49.99,4999,49.99,,,,4999,,,49.99
2017,pet_shop,4aa52adb5489aa151e17023d4e153297,pet_shop,4aa52adb5489aa151e17023d4e153297,仅5月销售,1,0,187833,0,1878.33,0.0,1878.33,,-187833,-1878.33,-100.0,,,-187833,,,-1878.33
2017,cool_stuff,4aab09f985ad828b2733c0c0defc7911,cool_stuff,4aab09f985ad828b2733c0c0defc7911,仅5月销售,3,0,65997,0,659.97,0.0,219.99,,-65997,-659.97,-100.0,,,-65997,,,-659.97
2017,baby,4aaf2a3c07e710f592c5015ce8dc7547,baby,4aaf2a3c07e710f592c5015ce8dc7547,仅5月销售,1,0,2990,0,29.9,0.0,29.9,,-2990,-29.9,-100.0,,,-2990,,,-29.9
2017,auto,4ac11ec201c04d40f1e0dbc1be4cfc76,auto,4ac11ec201c04d40f1e0dbc1be4cfc76,仅5月销售,1,0,11990,0,119.9,0.0,119.9,,-11990,-119.9,-100.0,,,-11990,,,-119.9
2017,health_beauty,4ac50dbde931c0a5ed8c33d3dc047351,health_beauty,4ac50dbde931c0a5ed8c33d3dc047351,两月均有销量,1,2,6180,12360,61.8,123.6,61.8,61.8,6180,61.8,100.0,6180,0,,61.8,0.0,
2017,toys,4aca38e787c979a6106440c7a63036b4,toys,4aca38e787c979a6106440c7a63036b4,仅6月销售,0,2,0,15980,0.0,159.8,,79.9,15980,159.8,,,,15980,,,159.8
2017,telephony,4ae634441e444ca4bc85903cafe98d73,telephony,4ae634441e444ca4bc85903cafe98d73,两月均有销量,12,10,15184,11990,151.84,119.9,12.653333333333332,11.99,-3194,-31.94,-21.035300316122235,-2464,-730,,-24.64,-7.3,
2017,fashion_shoes,4aeb131af29214bc1737bdaef327240d,fashion_shoes,4aeb131af29214bc1737bdaef327240d,仅5月销售,1,0,7182,0,71.82,0.0,71.82,,-7182,-71.82,-100.0,,,-7182,,,-71.82
2017,toys,4af813a3e5bc89370ef80fe126542076,toys,4af813a3e5bc89370ef80fe126542076,仅5月销售,1,0,47999,0,479.99,0.0,479.99,,-47999,-479.99,-100.0,,,-47999,,,-479.99
2017,auto,4af81c9413dcb40e03e2a1bc15a6448b,auto,4af81c9413dcb40e03e2a1bc15a6448b,仅6月销售,0,1,0,4990,0.0,49.9,,49.9,4990,49.9,,,,4990,,,49.9
2017,health_beauty,4af84afb6aeb941678e2c3c56ee66343,health_beauty,4af84afb6aeb941678e2c3c56ee66343,仅6月销售,0,1,0,2090,0.0,20.9,,20.9,2090,20.9,,,,2090,,,20.9
2017,baby,4b04a764c875af7101955fbcd3989b7e,baby,4b04a764c875af7101955fbcd3989b7e,仅6月销售,0,1,0,11280,0.0,112.8,,112.8,11280,112.8,,,,11280,,,112.8
2017,watches_gifts,4b2e8d0baa7e0e7483c8bfe1dc33e406,watches_gifts,4b2e8d0baa7e0e7483c8bfe1dc33e406,仅6月销售,0,1,0,25990,0.0,259.9,,259.9,25990,259.9,,,,25990,,,259.9
2017,computers_accessories,4b456247c6fd6370f0c01903b0c6d67d,computers_accessories,4b456247c6fd6370f0c01903b0c6d67d,两月均有销量,1,1,13990,13990,139.9,139.9,139.9,139.9,0,0.0,0.0,0,0,,0.0,0.0,
2017,fixed_telephony,4b5b5541f871f879ee44aa461968e90b,fixed_telephony,4b5b5541f871f879ee44aa461968e90b,仅6月销售,0,1,0,3299,0.0,32.99,,32.99,3299,32.99,,,,3299,,,32.99
2017,watches_gifts,4b6b3a7072d549354c3743dedbf4170a,watches_gifts,4b6b3a7072d549354c3743dedbf4170a,仅5月销售,1,0,5500,0,55.0,0.0,55.0,,-5500,-55.0,-100.0,,,-5500,,,-55.0
2017,bed_bath_table,4b703444923b5e57bb73ba343f5ebab7,bed_bath_table,4b703444923b5e57bb73ba343f5ebab7,两月均有销量,2,4,7980,15960,79.8,159.6,39.9,39.9,7980,79.8,100.0,7980,0,,79.8,0.0,
2017,furniture_living_room,4b72033d6547d584a65c309c78552e24,furniture_living_room,4b72033d6547d584a65c309c78552e24,仅5月销售,1,0,12990,0,129.9,0.0,129.9,,-12990,-129.9,-100.0,,,-12990,,,-129.9
2017,bed_bath_table,4b7528d093f5acaec2a072366a4106bc,bed_bath_table,4b7528d093f5acaec2a072366a4106bc,仅6月销售,0,1,0,8240,0.0,82.4,,82.4,8240,82.4,,,,8240,,,82.4
2017,garden_tools,4b7690d7352318e41ae9594241ac4789,garden_tools,4b7690d7352318e41ae9594241ac4789,两月均有销量,1,2,6590,13180,65.9,131.8,65.9,65.9,6590,65.9,100.0,6590,0,,65.9,0.0,
2017,furniture_decor,4b7758a4177f67648ad233ef07da2b44,furniture_decor,4b7758a4177f67648ad233ef07da2b44,仅5月销售,1,0,17990,0,179.9,0.0,179.9,,-17990,-179.9,-100.0,,,-17990,,,-179.9
2017,cool_stuff,4b7ddf18ef3c5205f6ec288dffcd7c55,cool_stuff,4b7ddf18ef3c5205f6ec288dffcd7c55,仅5月销售,2,0,27980,0,279.8,0.0,139.9,,-27980,-279.8,-100.0,,,-27980,,,-279.8
2017,costruction_tools_tools,4b7de4748108b5353b211255e867cf6a,costruction_tools_tools,4b7de4748108b5353b211255e867cf6a,仅5月销售,1,0,72900,0,729.0,0.0,729.0,,-72900,-729.0,-100.0,,,-72900,,,-729.0
2017,baby,4baf15e171b06455c5cd23453db0cab3,baby,4baf15e171b06455c5cd23453db0cab3,仅5月销售,1,0,5967,0,59.67,0.0,59.67,,-5967,-59.67,-100.0,,,-5967,,,-59.67
2017,telephony,4bb4fb9c85785b75ab4f6559900c7ca1,telephony,4bb4fb9c85785b75ab4f6559900c7ca1,两月均有销量,4,2,15196,7598,151.96,75.98,37.99,37.99,-7598,-75.98,-50.0,-7598,0,,-75.98,0.0,
2017,fashion_bags_accessories,4bc35700c98f8213fe67fa61ebf4c811,fashion_bags_accessories,4bc35700c98f8213fe67fa61ebf4c811,两月均有销量,1,1,7990,7990,79.9,79.9,79.9,79.9,0,0.0,0.0,0,0,,0.0,0.0,
2017,pet_shop,4bd3f968f30558ee2b17168cd3930fff,pet_shop,4bd3f968f30558ee2b17168cd3930fff,仅5月销售,1,0,15990,0,159.9,0.0,159.9,,-15990,-159.9,-100.0,,,-15990,,,-159.9
2017,auto,4bebf188c775f30a151f05ab7501e290,auto,4bebf188c775f30a151f05ab7501e290,仅5月销售,1,0,3199,0,31.99,0.0,31.99,,-3199,-31.99,-100.0,,,-3199,,,-31.99
2017,music,4befae07dba4384f6d8237ad1e7f8294,music,4befae07dba4384f6d8237ad1e7f8294,仅6月销售,0,3,0,98700,0.0,987.0,,329.0,98700,987.0,,,,98700,,,987.0
2017,health_beauty,4c05be00027392c898ab59a94fad2151,health_beauty,4c05be00027392c898ab59a94fad2151,仅6月销售,0,2,0,10180,0.0,101.8,,50.9,10180,101.8,,,,10180,,,101.8
2017,housewares,4c0a183b1572fcddf968d6992392e24d,housewares,4c0a183b1572fcddf968d6992392e24d,仅6月销售,0,1,0,790,0.0,7.9,,7.9,790,7.9,,,,790,,,7.9
2017,office_furniture,4c1bbc12438daec98a77243c2bf7a3ba,office_furniture,4c1bbc12438daec98a77243c2bf7a3ba,两月均有销量,1,1,14699,14699,146.99,146.99,146.99,146.99,0,0.0,0.0,0,0,,0.0,0.0,
2017,books_general_interest,4c1d9c97a7245db3b8d7a32fb4c02286,books_general_interest,4c1d9c97a7245db3b8d7a32fb4c02286,仅6月销售,0,1,0,13500,0.0,135.0,,135.0,13500,135.0,,,,13500,,,135.0
2017,pet_shop,4c1e109ecdf58453de365d217cefa64c,pet_shop,4c1e109ecdf58453de365d217cefa64c,两月均有销量,3,1,36000,12000,360.0,120.0,120.0,120.0,-24000,-240.0,-66.66666666666667,-24000,0,,-240.0,0.0,
2017,garden_tools,4c2065301aac51ff9004422acc07765d,garden_tools,4c2065301aac51ff9004422acc07765d,仅6月销售,0,1,0,9880,0.0,98.8,,98.8,9880,98.8,,,,9880,,,98.8
2017,health_beauty,4c27931f2ba16e902f287a9f89ed0723,health_beauty,4c27931f2ba16e902f287a9f89ed0723,仅5月销售,1,0,36990,0,369.9,0.0,369.9,,-36990,-369.9,-100.0,,,-36990,,,-369.9
2017,cool_stuff,4c2c252ccca76d23a1ebdb3aa61e69d6,cool_stuff,4c2c252ccca76d23a1ebdb3aa61e69d6,仅6月销售,0,1,0,19999,0.0,199.99,,199.99,19999,199.99,,,,19999,,,199.99
2017,baby,4c3ae5db49258df0784827bdacf3b396,baby,4c3ae5db49258df0784827bdacf3b396,仅6月销售,0,1,0,2000,0.0,20.0,,20.0,2000,20.0,,,,2000,,,20.0
2017,health_beauty,4c6cbc8f097c261f62ae0a8a2660db03,health_beauty,4c6cbc8f097c261f62ae0a8a2660db03,仅5月销售,1,0,9290,0,92.9,0.0,92.9,,-9290,-92.9,-100.0,,,-9290,,,-92.9
2017,furniture_decor,4c6da5fa882447ab7e8d0fb767f8aa99,furniture_decor,4c6da5fa882447ab7e8d0fb767f8aa99,仅5月销售,3,0,28050,0,280.5,0.0,93.5,,-28050,-280.5,-100.0,,,-28050,,,-280.5
2017,consoles_games,4c7d111494b1116a2bec5e2d940e3439,consoles_games,4c7d111494b1116a2bec5e2d940e3439,仅6月销售,0,1,0,1210,0.0,12.1,,12.1,1210,12.1,,,,1210,,,12.1
2017,watches_gifts,4c7d44dccef81ce2476b4bd0716d34e9,watches_gifts,4c7d44dccef81ce2476b4bd0716d34e9,仅5月销售,1,0,23900,0,239.0,0.0,239.0,,-23900,-239.0,-100.0,,,-23900,,,-239.0
2017,computers_accessories,4c82c8d31845d751d797debc3d03697f,computers_accessories,4c82c8d31845d751d797debc3d03697f,仅6月销售,0,2,0,3780,0.0,37.8,,18.9,3780,37.8,,,,3780,,,37.8
2017,stationery,4c8dfecc09a4b15b7c71b219278d9026,stationery,4c8dfecc09a4b15b7c71b219278d9026,仅6月销售,0,1,0,8990,0.0,89.9,,89.9,8990,89.9,,,,8990,,,89.9
2017,sports_leisure,4c94c6d6b751fcf32a8c43533d613b07,sports_leisure,4c94c6d6b751fcf32a8c43533d613b07,仅6月销售,0,1,0,4299,0.0,42.99,,42.99,4299,42.99,,,,4299,,,42.99
2017,furniture_decor,4ca1bfda77dc7aef2433d6818bd53f08,furniture_decor,4ca1bfda77dc7aef2433d6818bd53f08,仅6月销售,0,1,0,15990,0.0,159.9,,159.9,15990,159.9,,,,15990,,,159.9
2017,sports_leisure,4cb6e86e1328e77e20b5f90771683cbe,sports_leisure,4cb6e86e1328e77e20b5f90771683cbe,两月均有销量,6,1,62400,10400,624.0,104.0,104.0,104.0,-52000,-520.0,-83.33333333333333,-52000,0,,-520.0,0.0,
2017,housewares,4cce2fad3d2dec6f82510d2521aebdd3,housewares,4cce2fad3d2dec6f82510d2521aebdd3,仅5月销售,7,0,86730,0,867.3,0.0,123.9,,-86730,-867.3,-100.0,,,-86730,,,-867.3
2017,bed_bath_table,4cd6ba4ea3112de8fc238307c4dc6307,bed_bath_table,4cd6ba4ea3112de8fc238307c4dc6307,仅6月销售,0,5,0,19650,0.0,196.5,,39.3,19650,196.5,,,,19650,,,196.5
2017,(unknown),4cda9d93b0a846dfdca597f1b1d19c08,(unknown),4cda9d93b0a846dfdca597f1b1d19c08,仅5月销售,3,0,29400,0,294.0,0.0,98.0,,-29400,-294.0,-100.0,,,-29400,,,-294.0
2017,cool_stuff,4cf46fe8e4eb3de47d0b04d7ee87e7f2,cool_stuff,4cf46fe8e4eb3de47d0b04d7ee87e7f2,仅5月销售,1,0,37900,0,379.0,0.0,379.0,,-37900,-379.0,-100.0,,,-37900,,,-379.0
2017,auto,4d153cd0e49c232e55168aff53489c07,auto,4d153cd0e49c232e55168aff53489c07,仅5月销售,1,0,7490,0,74.9,0.0,74.9,,-7490,-74.9,-100.0,,,-7490,,,-74.9
2017,bed_bath_table,4d272fe20c57c64dc74b3db191fc31ef,bed_bath_table,4d272fe20c57c64dc74b3db191fc31ef,两月均有销量,4,1,9960,2490,99.6,24.9,24.9,24.9,-7470,-74.7,-75.0,-7470,0,,-74.7,0.0,
2017,furniture_decor,4d3f50f2d92dba9a93f38260dceb9838,furniture_decor,4d3f50f2d92dba9a93f38260dceb9838,仅6月销售,0,1,0,3499,0.0,34.99,,34.99,3499,34.99,,,,3499,,,34.99
2017,bed_bath_table,4d4ae73d24cd635b5ca58cf89d988cc9,bed_bath_table,4d4ae73d24cd635b5ca58cf89d988cc9,仅6月销售,0,1,0,2199,0.0,21.99,,21.99,2199,21.99,,,,2199,,,21.99
2017,fashion_bags_accessories,4d68f0bb076a44142f1d1725ba3b3bc8,fashion_bags_accessories,4d68f0bb076a44142f1d1725ba3b3bc8,仅6月销售,0,1,0,18990,0.0,189.9,,189.9,18990,189.9,,,,18990,,,189.9
2017,sports_leisure,4d69476a7bd01b8eec1c87e60778364c,sports_leisure,4d69476a7bd01b8eec1c87e60778364c,仅6月销售,0,1,0,1590,0.0,15.9,,15.9,1590,15.9,,,,1590,,,15.9
2017,computers_accessories,4d7ccacbf7d2dd3e566cf5f149fb92e8,computers_accessories,4d7ccacbf7d2dd3e566cf5f149fb92e8,仅6月销售,0,1,0,18000,0.0,180.0,,180.0,18000,180.0,,,,18000,,,180.0
2017,fashion_bags_accessories,4d8de1d60513d0a0d3665dbde171be1c,fashion_bags_accessories,4d8de1d60513d0a0d3665dbde171be1c,仅6月销售,0,1,0,6990,0.0,69.9,,69.9,6990,69.9,,,,6990,,,69.9
2017,furniture_decor,4da0329350218978429b287440f4b87a,furniture_decor,4da0329350218978429b287440f4b87a,两月均有销量,1,1,4190,4190,41.9,41.9,41.9,41.9,0,0.0,0.0,0,0,,0.0,0.0,
2017,computers_accessories,4dac30b28142fc71237ff0892e7f29c1,computers_accessories,4dac30b28142fc71237ff0892e7f29c1,仅6月销售,0,1,0,12950,0.0,129.5,,129.5,12950,129.5,,,,12950,,,129.5
2017,watches_gifts,4db04f1ae830079ac83e0fc9c63216a3,watches_gifts,4db04f1ae830079ac83e0fc9c63216a3,仅6月销售,0,1,0,17999,0.0,179.99,,179.99,17999,179.99,,,,17999,,,179.99
2017,sports_leisure,4dbbac7226b931013e5f0e2741d1025b,sports_leisure,4dbbac7226b931013e5f0e2741d1025b,仅6月销售,0,1,0,6490,0.0,64.9,,64.9,6490,64.9,,,,6490,,,64.9
2017,furniture_decor,4dc3dcf258288cfda345034a4d96fbf9,furniture_decor,4dc3dcf258288cfda345034a4d96fbf9,仅5月销售,1,0,7500,0,75.0,0.0,75.0,,-7500,-75.0,-100.0,,,-7500,,,-75.0
2017,market_place,4ddaadd618ebc681d6730057c360ab8e,market_place,4ddaadd618ebc681d6730057c360ab8e,仅5月销售,1,0,11000,0,110.0,0.0,110.0,,-11000,-110.0,-100.0,,,-11000,,,-110.0
2017,furniture_decor,4df4e2fa82369cf0ba8bb28833d44848,furniture_decor,4df4e2fa82369cf0ba8bb28833d44848,仅6月销售,0,1,0,4990,0.0,49.9,,49.9,4990,49.9,,,,4990,,,49.9
2017,(unknown),4e0d588f8e002f2bad9cbe0b8f66f6f6,(unknown),4e0d588f8e002f2bad9cbe0b8f66f6f6,两月均有销量,2,1,7980,3990,79.8,39.9,39.9,39.9,-3990,-39.9,-50.0,-3990,0,,-39.9,0.0,
2017,toys,4e0f5e97804431100c5bded078a48df9,toys,4e0f5e97804431100c5bded078a48df9,仅6月销售,0,1,0,14900,0.0,149.0,,149.0,14900,149.0,,,,14900,,,149.0
2017,health_beauty,4e27772a66624ce9308a0eb8b989ebe7,health_beauty,4e27772a66624ce9308a0eb8b989ebe7,仅5月销售,1,0,2900,0,29.0,0.0,29.0,,-2900,-29.0,-100.0,,,-2900,,,-29.0
2017,garden_tools,4e3ebb4f257a1b5a8180093f6609aa72,garden_tools,4e3ebb4f257a1b5a8180093f6609aa72,仅6月销售,0,1,0,9990,0.0,99.9,,99.9,9990,99.9,,,,9990,,,99.9
2017,electronics,4e424a1cee1626e101d211bd604b10e0,electronics,4e424a1cee1626e101d211bd604b10e0,两月均有销量,1,1,2990,2990,29.9,29.9,29.9,29.9,0,0.0,0.0,0,0,,0.0,0.0,
2017,consoles_games,4e45c321347cc3336c76fd6350da3445,consoles_games,4e45c321347cc3336c76fd6350da3445,仅6月销售,0,2,0,7980,0.0,79.8,,39.9,7980,79.8,,,,7980,,,79.8
2017,furniture_living_room,4e5696c21b0c174738e7929b147b7126,furniture_living_room,4e5696c21b0c174738e7929b147b7126,仅5月销售,1,0,3990,0,39.9,0.0,39.9,,-3990,-39.9,-100.0,,,-3990,,,-39.9
2017,housewares,4e5bbc386fa77265275c4bb8c0d65be0,housewares,4e5bbc386fa77265275c4bb8c0d65be0,仅5月销售,1,0,1646,0,16.46,0.0,16.46,,-1646,-16.46,-100.0,,,-1646,,,-16.46
2017,watches_gifts,4e5e41fb7d296a6f776c63fee5cb9fac,watches_gifts,4e5e41fb7d296a6f776c63fee5cb9fac,仅5月销售,2,0,133800,0,1338.0,0.0,669.0,,-133800,-1338.0,-100.0,,,-133800,,,-1338.0
2017,bed_bath_table,4e62b4abde1f1c9000dec8f2b5cc226e,bed_bath_table,4e62b4abde1f1c9000dec8f2b5cc226e,仅6月销售,0,1,0,7990,0.0,79.9,,79.9,7990,79.9,,,,7990,,,79.9
2017,telephony,4e64dbe0b03dc0aba80f28b0b922c6b6,telephony,4e64dbe0b03dc0aba80f28b0b922c6b6,仅5月销售,1,0,4990,0,49.9,0.0,49.9,,-4990,-49.9,-100.0,,,-4990,,,-49.9
2017,cool_stuff,4e7f36f28c51e114a343625b628dd429,cool_stuff,4e7f36f28c51e114a343625b628dd429,仅6月销售,0,1,0,1950,0.0,19.5,,19.5,1950,19.5,,,,1950,,,19.5
2017,bed_bath_table,4ea626d476d64c8230844ea3ae17c3b9,bed_bath_table,4ea626d476d64c8230844ea3ae17c3b9,仅6月销售,0,1,0,11990,0.0,119.9,,119.9,11990,119.9,,,,11990,,,119.9
2017,furniture_decor,4eb99b5f0d7e411f246a5c9c0ae27a5e,furniture_decor,4eb99b5f0d7e411f246a5c9c0ae27a5e,仅6月销售,0,1,0,4520,0.0,45.2,,45.2,4520,45.2,,,,4520,,,45.2
2017,toys,4ebab6a2135a2477b657bda38646b64b,toys,4ebab6a2135a2477b657bda38646b64b,两月均有销量,1,1,2689,2560,26.89,25.6,26.89,25.6,-129,-1.29,-4.797322424693195,0,-129,,0.0,-1.29,
2017,cool_stuff,4ebb87ba41ca446326804d0e7f8dcc93,cool_stuff,4ebb87ba41ca446326804d0e7f8dcc93,两月均有销量,2,1,21998,10999,219.98,109.99,109.99,109.99,-10999,-109.99,-50.0,-10999,0,,-109.99,0.0,
2017,health_beauty,4ecb2783e8ddc82d12ff22a32b7490c2,health_beauty,4ecb2783e8ddc82d12ff22a32b7490c2,仅6月销售,0,2,0,19800,0.0,198.0,,99.0,19800,198.0,,,,19800,,,198.0
2017,baby,4ed86bcb86407328452ac1c5b3b89d67,baby,4ed86bcb86407328452ac1c5b3b89d67,仅5月销售,4,0,18000,0,180.0,0.0,45.0,,-18000,-180.0,-100.0,,,-18000,,,-180.0
2017,fashion_bags_accessories,4ee0872b98a6a08ce8c8b65e2502842d,fashion_bags_accessories,4ee0872b98a6a08ce8c8b65e2502842d,仅5月销售,1,0,6999,0,69.99,0.0,69.99,,-6999,-69.99,-100.0,,,-6999,,,-69.99
2017,luggage_accessories,4f0e806431f76599423676fd485109ae,luggage_accessories,4f0e806431f76599423676fd485109ae,仅5月销售,1,0,10990,0,109.9,0.0,109.9,,-10990,-109.9,-100.0,,,-10990,,,-109.9
2017,cool_stuff,4f3192a28c9da057319996e1502dc216,cool_stuff,4f3192a28c9da057319996e1502dc216,仅6月销售,0,2,0,99980,0.0,999.8,,499.9,99980,999.8,,,,99980,,,999.8
2017,garden_tools,4f3b83b83f7fb280fca4f90ba502f50e,garden_tools,4f3b83b83f7fb280fca4f90ba502f50e,仅6月销售,0,1,0,9950,0.0,99.5,,99.5,9950,99.5,,,,9950,,,99.5
2017,computers_accessories,4f47791b7d4e127b53fdfceea592e926,computers_accessories,4f47791b7d4e127b53fdfceea592e926,仅6月销售,0,2,0,149980,0.0,1499.8,,749.9,149980,1499.8,,,,149980,,,1499.8
2017,perfumery,4f5cad4934c20d6fb8dab728ffdea29e,perfumery,4f5cad4934c20d6fb8dab728ffdea29e,仅6月销售,0,2,0,73504,0.0,735.04,,367.52,73504,735.04,,,,73504,,,735.04
2017,housewares,4f687412e6805c3cfc9e0c5ec2f841e0,housewares,4f687412e6805c3cfc9e0c5ec2f841e0,仅6月销售,0,1,0,1999,0.0,19.99,,19.99,1999,19.99,,,,1999,,,19.99
2017,garden_tools,4f7453bf6629f63942b81205e1e2b1ba,garden_tools,4f7453bf6629f63942b81205e1e2b1ba,仅6月销售,0,2,0,10398,0.0,103.98,,51.99,10398,103.98,,,,10398,,,103.98
2017,sports_leisure,4f7cbaf3cb54ae93234db08dc8f072ef,sports_leisure,4f7cbaf3cb54ae93234db08dc8f072ef,仅6月销售,0,1,0,1990,0.0,19.9,,19.9,1990,19.9,,,,1990,,,19.9
2017,bed_bath_table,4f921f8c68e266afadbeacb7897b2803,bed_bath_table,4f921f8c68e266afadbeacb7897b2803,仅5月销售,1,0,8990,0,89.9,0.0,89.9,,-8990,-89.9,-100.0,,,-8990,,,-89.9
2017,furniture_living_room,4f9a85a01a3a49b2760aed83cf3d78e1,furniture_living_room,4f9a85a01a3a49b2760aed83cf3d78e1,仅5月销售,1,0,17999,0,179.99,0.0,179.99,,-17999,-179.99,-100.0,,,-17999,,,-179.99
2017,housewares,4fad4b56635e58d6f0534f39b5614512,housewares,4fad4b56635e58d6f0534f39b5614512,仅5月销售,1,0,7980,0,79.8,0.0,79.8,,-7980,-79.8,-100.0,,,-7980,,,-79.8
2017,sports_leisure,4fb3e6ce442ce9c621ea9509e47ac951,sports_leisure,4fb3e6ce442ce9c621ea9509e47ac951,两月均有销量,1,1,10990,10990,109.9,109.9,109.9,109.9,0,0.0,0.0,0,0,,0.0,0.0,
2017,auto,4fcb3d9a5f4871e8362dfedbdb02b064,auto,4fcb3d9a5f4871e8362dfedbdb02b064,两月均有销量,7,7,100660,100660,1006.6,1006.6,143.8,143.8,0,0.0,0.0,0,0,,0.0,0.0,
2017,sports_leisure,4fce0eab61e01d521044c8b071cdfead,sports_leisure,4fce0eab61e01d521044c8b071cdfead,仅5月销售,3,0,9840,0,98.4,0.0,32.8,,-9840,-98.4,-100.0,,,-9840,,,-98.4
2017,furniture_decor,4fe53f6c123977ffa0dda91a2962c9e8,furniture_decor,4fe53f6c123977ffa0dda91a2962c9e8,仅5月销售,1,0,1990,0,19.9,0.0,19.9,,-1990,-19.9,-100.0,,,-1990,,,-19.9
2017,garden_tools,5003ff32113b7b59ff731227f2681fbc,garden_tools,5003ff32113b7b59ff731227f2681fbc,仅6月销售,0,1,0,3772,0.0,37.72,,37.72,3772,37.72,,,,3772,,,37.72
2017,luggage_accessories,5073cb7b965df5f1fea32e8728782a8f,luggage_accessories,5073cb7b965df5f1fea32e8728782a8f,仅6月销售,0,1,0,13990,0.0,139.9,,139.9,13990,139.9,,,,13990,,,139.9
2017,sports_leisure,507860a079d200267e4d13b76ce1d978,sports_leisure,507860a079d200267e4d13b76ce1d978,仅6月销售,0,1,0,7500,0.0,75.0,,75.0,7500,75.0,,,,7500,,,75.0
2017,home_appliances,5094a8f7ab33cba35acfd43d100b3298,home_appliances,5094a8f7ab33cba35acfd43d100b3298,仅5月销售,1,0,16170,0,161.7,0.0,161.7,,-16170,-161.7,-100.0,,,-16170,,,-161.7
2017,art,50a64d6b01398039142e3e0be6f2fca4,art,50a64d6b01398039142e3e0be6f2fca4,仅5月销售,1,0,11990,0,119.9,0.0,119.9,,-11990,-119.9,-100.0,,,-11990,,,-119.9
2017,luggage_accessories,50b0e47f8219992ae98677122c483fde,luggage_accessories,50b0e47f8219992ae98677122c483fde,仅5月销售,1,0,23900,0,239.0,0.0,239.0,,-23900,-239.0,-100.0,,,-23900,,,-239.0
2017,baby,50b671fa06a05828948cd518088eba27,baby,50b671fa06a05828948cd518088eba27,仅5月销售,1,0,2000,0,20.0,0.0,20.0,,-2000,-20.0,-100.0,,,-2000,,,-20.0
2017,sports_leisure,50b9ed3a22932b28d452c73046083f5d,sports_leisure,50b9ed3a22932b28d452c73046083f5d,仅6月销售,0,1,0,3460,0.0,34.6,,34.6,3460,34.6,,,,3460,,,34.6
2017,telephony,50bec4f732b87a71331108e85464f5e0,telephony,50bec4f732b87a71331108e85464f5e0,仅5月销售,1,0,3999,0,39.99,0.0,39.99,,-3999,-39.99,-100.0,,,-3999,,,-39.99
2017,home_appliances,50d77758742285ff49f340ebdf0df5a7,home_appliances,50d77758742285ff49f340ebdf0df5a7,两月均有销量,2,6,5200,15600,52.0,156.0,26.0,26.0,10400,104.0,200.0,10400,0,,104.0,0.0,
2017,computers_accessories,50f5f13adab483598dfb6a40afaf70b6,computers_accessories,50f5f13adab483598dfb6a40afaf70b6,仅5月销售,1,0,1990,0,19.9,0.0,19.9,,-1990,-19.9,-100.0,,,-1990,,,-19.9
2017,fashion_bags_accessories,5115d8cd6438c0c4d8abdf38d5d41ebd,fashion_bags_accessories,5115d8cd6438c0c4d8abdf38d5d41ebd,仅6月销售,0,1,0,6900,0.0,69.0,,69.0,6900,69.0,,,,6900,,,69.0
2017,home_construction,513721dadfd93bcbce9da4d3bd67c06d,home_construction,513721dadfd93bcbce9da4d3bd67c06d,两月均有销量,1,1,12500,10900,125.0,109.0,125.0,109.0,-1600,-16.0,-12.8,0,-1600,,0.0,-16.0,
2017,computers_accessories,51380ed201eef8cc5c744c5e0d49965b,computers_accessories,51380ed201eef8cc5c744c5e0d49965b,仅6月销售,0,1,0,8990,0.0,89.9,,89.9,8990,89.9,,,,8990,,,89.9
2017,market_place,5157edbb01652b0efc0be7ba1107e0f5,market_place,5157edbb01652b0efc0be7ba1107e0f5,仅6月销售,0,1,0,3190,0.0,31.9,,31.9,3190,31.9,,,,3190,,,31.9
2017,(unknown),516f4c728fa63b7394b4a4d99a010ff6,(unknown),516f4c728fa63b7394b4a4d99a010ff6,仅5月销售,1,0,28490,0,284.9,0.0,284.9,,-28490,-284.9,-100.0,,,-28490,,,-284.9
2017,electronics,5176d8670222d50ebbe4d4c5dfba2b49,electronics,5176d8670222d50ebbe4d4c5dfba2b49,两月均有销量,1,3,1490,4470,14.9,44.7,14.9,14.9,2980,29.8,200.0,2980,0,,29.8,0.0,
2017,cool_stuff,517d4955ffcf9fbd2bb0beb193c81a42,cool_stuff,517d4955ffcf9fbd2bb0beb193c81a42,仅5月销售,3,0,35670,0,356.7,0.0,118.9,,-35670,-356.7,-100.0,,,-35670,,,-356.7
2017,furniture_decor,517dd1c1cda3892f83d386dcf9a4e9b7,furniture_decor,517dd1c1cda3892f83d386dcf9a4e9b7,仅5月销售,2,0,11980,0,119.8,0.0,59.9,,-11980,-119.8,-100.0,,,-11980,,,-119.8
2017,(unknown),51ce723ffd19d9d8d7893b8e835bf3cf,(unknown),51ce723ffd19d9d8d7893b8e835bf3cf,仅6月销售,0,1,0,8990,0.0,89.9,,89.9,8990,89.9,,,,8990,,,89.9
2017,cool_stuff,51d4c5626abb1963d3cba78871cce415,cool_stuff,51d4c5626abb1963d3cba78871cce415,仅6月销售,0,1,0,22000,0.0,220.0,,220.0,22000,220.0,,,,22000,,,220.0
2017,health_beauty,52067b6ad15670cbf03133bb13d2a0a9,health_beauty,52067b6ad15670cbf03133bb13d2a0a9,仅5月销售,1,0,6392,0,63.92,0.0,63.92,,-6392,-63.92,-100.0,,,-6392,,,-63.92
2017,furniture_decor,520aadbf40e95a61ec8d4f2f377ff3b0,furniture_decor,520aadbf40e95a61ec8d4f2f377ff3b0,仅6月销售,0,2,0,11980,0.0,119.8,,59.9,11980,119.8,,,,11980,,,119.8
2017,musical_instruments,521682cf03ee68298c76c63ebd8a2f0f,musical_instruments,521682cf03ee68298c76c63ebd8a2f0f,仅5月销售,2,0,15980,0,159.8,0.0,79.9,,-15980,-159.8,-100.0,,,-15980,,,-159.8
2017,housewares,521a361808bedd9fffb32181e501e09b,housewares,521a361808bedd9fffb32181e501e09b,两月均有销量,3,4,44970,59960,449.7,599.6,149.9,149.9,14990,149.9,33.333333333333336,14990,0,,149.9,0.0,
2017,electronics,523af7268f3fb3b843cbae0c6b6526e0,electronics,523af7268f3fb3b843cbae0c6b6526e0,仅6月销售,0,1,0,2190,0.0,21.9,,21.9,2190,21.9,,,,2190,,,21.9
2017,bed_bath_table,525947dbe3304ac32bf51602f9557c12,bed_bath_table,525947dbe3304ac32bf51602f9557c12,两月均有销量,1,1,9990,9990,99.9,99.9,99.9,99.9,0,0.0,0.0,0,0,,0.0,0.0,
2017,market_place,525a5744fb5d26e4035d0610446900c5,market_place,525a5744fb5d26e4035d0610446900c5,仅5月销售,1,0,5800,0,58.0,0.0,58.0,,-5800,-58.0,-100.0,,,-5800,,,-58.0
2017,air_conditioning,525ed7c8184ab92cf223f5cf3aa85bf3,air_conditioning,525ed7c8184ab92cf223f5cf3aa85bf3,仅5月销售,1,0,16199,0,161.99,0.0,161.99,,-16199,-161.99,-100.0,,,-16199,,,-161.99
2017,housewares,52913ee46d43e465b2d40c81e7ccac23,housewares,52913ee46d43e465b2d40c81e7ccac23,仅5月销售,1,0,6500,0,65.0,0.0,65.0,,-6500,-65.0,-100.0,,,-6500,,,-65.0
2017,health_beauty,52a741f089f5c67d5c648e8437fdf22a,health_beauty,52a741f089f5c67d5c648e8437fdf22a,仅6月销售,0,1,0,12990,0.0,129.9,,129.9,12990,129.9,,,,12990,,,129.9
2017,watches_gifts,52d163dd9192d5a70afc33cd8c60131e,watches_gifts,52d163dd9192d5a70afc33cd8c60131e,仅5月销售,1,0,6500,0,65.0,0.0,65.0,,-6500,-65.0,-100.0,,,-6500,,,-65.0
2017,health_beauty,52e316d4cfc422b232b280bed1c53236,health_beauty,52e316d4cfc422b232b280bed1c53236,仅5月销售,2,0,51798,0,517.98,0.0,258.99,,-51798,-517.98,-100.0,,,-51798,,,-517.98
2017,garden_tools,530b2adc666f8f1553e3590543920a72,garden_tools,530b2adc666f8f1553e3590543920a72,仅5月销售,1,0,3970,0,39.7,0.0,39.7,,-3970,-39.7,-100.0,,,-3970,,,-39.7
2017,auto,531caee8b7069e4b692eddf59ff98eac,auto,531caee8b7069e4b692eddf59ff98eac,两月均有销量,1,1,13999,13999,139.99,139.99,139.99,139.99,0,0.0,0.0,0,0,,0.0,0.0,
2017,cool_stuff,5328338cfaa16ba10561cd970c73ca11,cool_stuff,5328338cfaa16ba10561cd970c73ca11,两月均有销量,2,4,43700,79600,437.0,796.0,218.5,199.0,35900,359.0,82.15102974828375,41750,-5850,,417.5,-58.5,
2017,housewares,53465a6b8b3c6d85fd7810aab30b5992,housewares,53465a6b8b3c6d85fd7810aab30b5992,仅5月销售,1,0,7864,0,78.64,0.0,78.64,,-7864,-78.64,-100.0,,,-7864,,,-78.64
2017,sports_leisure,5356e2836cb9f6038df28ba257acdc45,sports_leisure,5356e2836cb9f6038df28ba257acdc45,仅6月销售,0,1,0,1550,0.0,15.5,,15.5,1550,15.5,,,,1550,,,15.5
2017,sports_leisure,537308c83230d0d9e9d2bd41978291e1,sports_leisure,537308c83230d0d9e9d2bd41978291e1,仅6月销售,0,1,0,11990,0.0,119.9,,119.9,11990,119.9,,,,11990,,,119.9
2017,garden_tools,53759a2ecddad2bb87a079a1f1519f73,garden_tools,53759a2ecddad2bb87a079a1f1519f73,两月均有销量,7,4,41930,23960,419.3,239.6,59.9,59.9,-17970,-179.7,-42.857142857142854,-17970,0,,-179.7,0.0,
2017,watches_gifts,5377c9bcdd1b59acf85881d95184f57e,watches_gifts,5377c9bcdd1b59acf85881d95184f57e,仅5月销售,1,0,16990,0,169.9,0.0,169.9,,-16990,-169.9,-100.0,,,-16990,,,-169.9
2017,furniture_decor,539025c69ca8d9160f0ae5190741ed74,furniture_decor,539025c69ca8d9160f0ae5190741ed74,仅5月销售,1,0,7290,0,72.9,0.0,72.9,,-7290,-72.9,-100.0,,,-7290,,,-72.9
2017,watches_gifts,53b36df67ebb7c41585e8d54d6772e08,watches_gifts,53b36df67ebb7c41585e8d54d6772e08,仅6月销售,0,4,0,65200,0.0,652.0,,163.0,65200,652.0,,,,65200,,,652.0
2017,furniture_decor,53bd0c908c6ab820c9828763348728ef,furniture_decor,53bd0c908c6ab820c9828763348728ef,仅6月销售,0,1,0,7990,0.0,79.9,,79.9,7990,79.9,,,,7990,,,79.9
2017,furniture_living_room,53c2dce98e95822ca42cb5cac7352d8c,furniture_living_room,53c2dce98e95822ca42cb5cac7352d8c,仅5月销售,1,0,6900,0,69.0,0.0,69.0,,-6900,-69.0,-100.0,,,-6900,,,-69.0
2017,bed_bath_table,53df29766d5c60f1baf3fad368bdb751,bed_bath_table,53df29766d5c60f1baf3fad368bdb751,仅5月销售,1,0,10490,0,104.9,0.0,104.9,,-10490,-104.9,-100.0,,,-10490,,,-104.9
2017,garden_tools,53ecc2857666872f67f44e60b13d2ed2,garden_tools,53ecc2857666872f67f44e60b13d2ed2,两月均有销量,1,2,2450,4900,24.5,49.0,24.5,24.5,2450,24.5,100.0,2450,0,,24.5,0.0,
2017,housewares,53ed6847ec6f35987f6d60335263f21c,housewares,53ed6847ec6f35987f6d60335263f21c,仅6月销售,0,1,0,4799,0.0,47.99,,47.99,4799,47.99,,,,4799,,,47.99
2017,sports_leisure,53efd9ce31847b93ddaad249b879b88c,sports_leisure,53efd9ce31847b93ddaad249b879b88c,仅5月销售,1,0,9750,0,97.5,0.0,97.5,,-9750,-97.5,-100.0,,,-9750,,,-97.5
2017,computers_accessories,53f345740817185c3b226e722a2f729a,computers_accessories,53f345740817185c3b226e722a2f729a,仅6月销售,0,1,0,1999,0.0,19.99,,19.99,1999,19.99,,,,1999,,,19.99
2017,health_beauty,540a51ebd9cd8f5714698467afc89071,health_beauty,540a51ebd9cd8f5714698467afc89071,仅6月销售,0,1,0,17590,0.0,175.9,,175.9,17590,175.9,,,,17590,,,175.9
2017,stationery,5411e9269501a870cabf632f05655131,stationery,5411e9269501a870cabf632f05655131,两月均有销量,1,2,9900,19800,99.0,198.0,99.0,99.0,9900,99.0,100.0,9900,0,,99.0,0.0,
2017,perfumery,5440e1ed49a1153d573b1543dd10d95e,perfumery,5440e1ed49a1153d573b1543dd10d95e,两月均有销量,5,6,79950,106240,799.5,1062.4,159.9,177.0666666666667,26290,262.9,32.88305190744215,16848,9442,,168.48,94.42,
2017,(unknown),5455dbe20e64b08413e0f2c451e31ab9,(unknown),5455dbe20e64b08413e0f2c451e31ab9,仅6月销售,0,1,0,1270,0.0,12.7,,12.7,1270,12.7,,,,1270,,,12.7
2017,perfumery,5457c026a643626249213e1e39c31d10,perfumery,5457c026a643626249213e1e39c31d10,仅5月销售,1,0,37990,0,379.9,0.0,379.9,,-37990,-379.9,-100.0,,,-37990,,,-379.9
2017,garden_tools,547b95702aec86f05ac37e61d164891c,garden_tools,547b95702aec86f05ac37e61d164891c,仅5月销售,2,0,27000,0,270.0,0.0,135.0,,-27000,-270.0,-100.0,,,-27000,,,-270.0
2017,bed_bath_table,5483dc3f61a1d385ccc49cec3a560617,bed_bath_table,5483dc3f61a1d385ccc49cec3a560617,仅6月销售,0,4,0,19960,0.0,199.6,,49.9,19960,199.6,,,,19960,,,199.6
2017,air_conditioning,549356446db225e7f67b22ceaf66d159,air_conditioning,549356446db225e7f67b22ceaf66d159,仅6月销售,0,3,0,61680,0.0,616.8,,205.6,61680,616.8,,,,61680,,,616.8
2017,computers_accessories,5496efb86aea6e3862b6cb394dc020f8,computers_accessories,5496efb86aea6e3862b6cb394dc020f8,仅6月销售,0,1,0,23881,0.0,238.81,,238.81,23881,238.81,,,,23881,,,238.81
2017,bed_bath_table,54971206521793b44053a9c348d148c2,bed_bath_table,54971206521793b44053a9c348d148c2,仅6月销售,0,1,0,3699,0.0,36.99,,36.99,3699,36.99,,,,3699,,,36.99
2017,sports_leisure,54a3b009ede4097eff76990e0fa8553c,sports_leisure,54a3b009ede4097eff76990e0fa8553c,仅6月销售,0,1,0,15990,0.0,159.9,,159.9,15990,159.9,,,,15990,,,159.9
2017,computers_accessories,54c31c4585d30843421c7ea07d80f84e,computers_accessories,54c31c4585d30843421c7ea07d80f84e,仅5月销售,1,0,2890,0,28.9,0.0,28.9,,-2890,-28.9,-100.0,,,-2890,,,-28.9
2017,watches_gifts,54c966eff52b73559d5677724b47849b,watches_gifts,54c966eff52b73559d5677724b47849b,仅6月销售,0,1,0,59990,0.0,599.9,,599.9,59990,599.9,,,,59990,,,599.9
2017,computers_accessories,54c9eeb3eec23150e817e2048c9c4c31,computers_accessories,54c9eeb3eec23150e817e2048c9c4c31,仅5月销售,1,0,21791,0,217.91,0.0,217.91,,-21791,-217.91,-100.0,,,-21791,,,-217.91
2017,bed_bath_table,54d9260785f11c05ad373ce8465212da,bed_bath_table,54d9260785f11c05ad373ce8465212da,仅6月销售,0,1,0,4799,0.0,47.99,,47.99,4799,47.99,,,,4799,,,47.99
2017,health_beauty,54f52360a2b571e7d7b54225b74bbccd,health_beauty,54f52360a2b571e7d7b54225b74bbccd,仅6月销售,0,1,0,4000,0.0,40.0,,40.0,4000,40.0,,,,4000,,,40.0
2017,pet_shop,54f8f27ac6543c074ae5c4e7759b054a,pet_shop,54f8f27ac6543c074ae5c4e7759b054a,仅5月销售,1,0,2890,0,28.9,0.0,28.9,,-2890,-28.9,-100.0,,,-2890,,,-28.9
2017,health_beauty,550879cea3c81b3cf707362060e4fa0d,health_beauty,550879cea3c81b3cf707362060e4fa0d,仅5月销售,1,0,5590,0,55.9,0.0,55.9,,-5590,-55.9,-100.0,,,-5590,,,-55.9
2017,computers_accessories,550dc4417c636abc04c71404342de695,computers_accessories,550dc4417c636abc04c71404342de695,仅6月销售,0,2,0,29981,0.0,299.81,,149.905,29981,299.81,,,,29981,,,299.81
2017,toys,551e8141f88ef14ec41f77f67575f6f5,toys,551e8141f88ef14ec41f77f67575f6f5,仅6月销售,0,1,0,11625,0.0,116.25,,116.25,11625,116.25,,,,11625,,,116.25
2017,fashion_shoes,5525bcf86683c9d9777c2f28326d7db4,fashion_shoes,5525bcf86683c9d9777c2f28326d7db4,仅6月销售,0,1,0,2990,0.0,29.9,,29.9,2990,29.9,,,,2990,,,29.9
2017,sports_leisure,5538ed283fd2d0e2a1151507e1cbd59c,sports_leisure,5538ed283fd2d0e2a1151507e1cbd59c,仅5月销售,1,0,2800,0,28.0,0.0,28.0,,-2800,-28.0,-100.0,,,-2800,,,-28.0
2017,garden_tools,554fc36c06624912230e7355ab7be734,garden_tools,554fc36c06624912230e7355ab7be734,仅5月销售,2,0,7510,0,75.1,0.0,37.55,,-7510,-75.1,-100.0,,,-7510,,,-75.1
2017,furniture_decor,556139e4bcee1fba36586a9c146cbf54,furniture_decor,556139e4bcee1fba36586a9c146cbf54,仅5月销售,2,0,12380,0,123.8,0.0,61.9,,-12380,-123.8,-100.0,,,-12380,,,-123.8
2017,sports_leisure,557281eded333607ebffd2e626f96101,sports_leisure,557281eded333607ebffd2e626f96101,仅5月销售,1,0,19999,0,199.99,0.0,199.99,,-19999,-199.99,-100.0,,,-19999,,,-199.99
2017,bed_bath_table,557313563f418e18cc4a19159774cecd,bed_bath_table,557313563f418e18cc4a19159774cecd,仅5月销售,1,0,8336,0,83.36,0.0,83.36,,-8336,-83.36,-100.0,,,-8336,,,-83.36
2017,fashion_bags_accessories,55742882e846f5896e72892678652057,fashion_bags_accessories,55742882e846f5896e72892678652057,仅5月销售,1,0,999,0,9.99,0.0,9.99,,-999,-9.99,-100.0,,,-999,,,-9.99
2017,health_beauty,55945cf4a4e6def88dcc8996a581608a,health_beauty,55945cf4a4e6def88dcc8996a581608a,仅6月销售,0,1,0,8900,0.0,89.0,,89.0,8900,89.0,,,,8900,,,89.0
2017,auto,55aa465efc1629771ef1f96d3b9784ab,auto,55aa465efc1629771ef1f96d3b9784ab,仅5月销售,1,0,6990,0,69.9,0.0,69.9,,-6990,-69.9,-100.0,,,-6990,,,-69.9
2017,sports_leisure,55b1754d4763895e5340e8bd8cb83946,sports_leisure,55b1754d4763895e5340e8bd8cb83946,仅6月销售,0,2,0,5850,0.0,58.5,,29.25,5850,58.5,,,,5850,,,58.5
2017,(unknown),5605e265607c01c1242a18219d7e396e,(unknown),5605e265607c01c1242a18219d7e396e,两月均有销量,1,1,5990,5990,59.9,59.9,59.9,59.9,0,0.0,0.0,0,0,,0.0,0.0,
2017,sports_leisure,56072aff029067d0dc5d23919af4e407,sports_leisure,56072aff029067d0dc5d23919af4e407,仅5月销售,1,0,9990,0,99.9,0.0,99.9,,-9990,-99.9,-100.0,,,-9990,,,-99.9
2017,baby,560ed840b584c6aef5c8959366dfd41e,baby,560ed840b584c6aef5c8959366dfd41e,仅6月销售,0,1,0,38800,0.0,388.0,,388.0,38800,388.0,,,,38800,,,388.0
2017,furniture_decor,562502b79845deae9bcd86384921a2c5,furniture_decor,562502b79845deae9bcd86384921a2c5,仅6月销售,0,1,0,7990,0.0,79.9,,79.9,7990,79.9,,,,7990,,,79.9
2017,sports_leisure,562cc921a8887a6be5832fc2db1c3dc8,sports_leisure,562cc921a8887a6be5832fc2db1c3dc8,仅5月销售,3,0,53970,0,539.7,0.0,179.9,,-53970,-539.7,-100.0,,,-53970,,,-539.7
2017,health_beauty,562f1e9b58672d3c016b72f43579d118,health_beauty,562f1e9b58672d3c016b72f43579d118,仅5月销售,1,0,6000,0,60.0,0.0,60.0,,-6000,-60.0,-100.0,,,-6000,,,-60.0
2017,computers_accessories,56568aac139eb6a4adcbabb5fbbf8e6c,computers_accessories,56568aac139eb6a4adcbabb5fbbf8e6c,仅5月销售,2,0,40260,0,402.6,0.0,201.3,,-40260,-402.6,-100.0,,,-40260,,,-402.6
2017,cool_stuff,5657897eec3381c5a9aaf19be83f16e2,cool_stuff,5657897eec3381c5a9aaf19be83f16e2,仅6月销售,0,2,0,9198,0.0,91.98,,45.99,9198,91.98,,,,9198,,,91.98
2017,sports_leisure,567f4f60d4e44c92dd00ecd0920ce6b1,sports_leisure,567f4f60d4e44c92dd00ecd0920ce6b1,仅5月销售,1,0,1099,0,10.99,0.0,10.99,,-1099,-10.99,-100.0,,,-1099,,,-10.99
2017,computers_accessories,5681be0ad7f0ceeebac80058e718d34f,computers_accessories,5681be0ad7f0ceeebac80058e718d34f,仅5月销售,1,0,8999,0,89.99,0.0,89.99,,-8999,-89.99,-100.0,,,-8999,,,-89.99
2017,bed_bath_table,568b50dd27d5d76c97dc2f871cb93e9a,bed_bath_table,568b50dd27d5d76c97dc2f871cb93e9a,仅5月销售,7,0,13930,0,139.3,0.0,19.9,,-13930,-139.3,-100.0,,,-13930,,,-139.3
2017,furniture_decor,569ffd16f8032478cbeb9800f2e94ba0,furniture_decor,569ffd16f8032478cbeb9800f2e94ba0,两月均有销量,3,4,5070,6760,50.7,67.6,16.9,16.9,1690,16.9,33.333333333333336,1690,0,,16.9,0.0,
2017,health_beauty,56a2556592a309ac9f087be6ca82fbf0,health_beauty,56a2556592a309ac9f087be6ca82fbf0,仅5月销售,1,0,63990,0,639.9,0.0,639.9,,-63990,-639.9,-100.0,,,-63990,,,-639.9
2017,furniture_decor,56ad64ea1d19bc4b26b61088d89e6f41,furniture_decor,56ad64ea1d19bc4b26b61088d89e6f41,仅6月销售,0,2,0,9980,0.0,99.8,,49.9,9980,99.8,,,,9980,,,99.8
2017,furniture_decor,56b81eaffe3c2e7e54f3bdf2a935164f,furniture_decor,56b81eaffe3c2e7e54f3bdf2a935164f,两月均有销量,1,1,4435,4435,44.35,44.35,44.35,44.35,0,0.0,0.0,0,0,,0.0,0.0,
2017,furniture_decor,56bfaec92c3cbd30ef16904cff16b42f,furniture_decor,56bfaec92c3cbd30ef16904cff16b42f,仅5月销售,1,0,11990,0,119.9,0.0,119.9,,-11990,-119.9,-100.0,,,-11990,,,-119.9
2017,toys,56c1cf251f11ba5c5f1dd029fa148363,toys,56c1cf251f11ba5c5f1dd029fa148363,仅6月销售,0,1,0,5350,0.0,53.5,,53.5,5350,53.5,,,,5350,,,53.5
2017,bed_bath_table,56d45b2c27871322801134f57d1b9dfb,bed_bath_table,56d45b2c27871322801134f57d1b9dfb,仅5月销售,1,0,16399,0,163.99,0.0,163.99,,-16399,-163.99,-100.0,,,-16399,,,-163.99
2017,bed_bath_table,56d7faef0f7d847eea91b3302698bcc4,bed_bath_table,56d7faef0f7d847eea91b3302698bcc4,仅5月销售,1,0,21990,0,219.9,0.0,219.9,,-21990,-219.9,-100.0,,,-21990,,,-219.9
2017,furniture_decor,571f10e82bf565790b3fa563cbd6b716,furniture_decor,571f10e82bf565790b3fa563cbd6b716,仅5月销售,1,0,2490,0,24.9,0.0,24.9,,-2490,-24.9,-100.0,,,-2490,,,-24.9
2017,furniture_decor,5727b4e9463bfa0b43bf97397c4b7c44,furniture_decor,5727b4e9463bfa0b43bf97397c4b7c44,仅5月销售,4,0,29000,0,290.0,0.0,72.5,,-29000,-290.0,-100.0,,,-29000,,,-290.0
2017,furniture_decor,5730d73af7faffe9b95d69fd03ea51df,furniture_decor,5730d73af7faffe9b95d69fd03ea51df,仅5月销售,1,0,9990,0,99.9,0.0,99.9,,-9990,-99.9,-100.0,,,-9990,,,-99.9
2017,furniture_decor,573722511f4fc28539f3d8810a50ea1c,furniture_decor,573722511f4fc28539f3d8810a50ea1c,仅6月销售,0,2,0,9800,0.0,98.0,,49.0,9800,98.0,,,,9800,,,98.0
2017,housewares,574597aaf385996112490308e37399ce,housewares,574597aaf385996112490308e37399ce,两月均有销量,5,5,24500,24500,245.0,245.0,49.0,49.0,0,0.0,0.0,0,0,,0.0,0.0,
2017,telephony,574611c3d47537a1e85c2f5d16e7c758,telephony,574611c3d47537a1e85c2f5d16e7c758,仅6月销售,0,1,0,8000,0.0,80.0,,80.0,8000,80.0,,,,8000,,,80.0
2017,fashion_bags_accessories,57518979d2090ce36061fdb544c8515a,fashion_bags_accessories,57518979d2090ce36061fdb544c8515a,仅6月销售,0,1,0,4000,0.0,40.0,,40.0,4000,40.0,,,,4000,,,40.0
2017,cool_stuff,575c38b4c88fc7b35ef22fc8312bfe1b,cool_stuff,575c38b4c88fc7b35ef22fc8312bfe1b,仅5月销售,1,0,13890,0,138.9,0.0,138.9,,-13890,-138.9,-100.0,,,-13890,,,-138.9
2017,sports_leisure,57aae7271c7c24614b0d663c6df83f35,sports_leisure,57aae7271c7c24614b0d663c6df83f35,仅5月销售,2,0,50400,0,504.0,0.0,252.0,,-50400,-504.0,-100.0,,,-50400,,,-504.0
2017,furniture_decor,57c580a8fbf3d8374b06bee7b6f4ce31,furniture_decor,57c580a8fbf3d8374b06bee7b6f4ce31,仅6月销售,0,1,0,4990,0.0,49.9,,49.9,4990,49.9,,,,4990,,,49.9
2017,kitchen_dining_laundry_garden_furniture,57cc92900f861f0c72fa1df2cfe85577,kitchen_dining_laundry_garden_furniture,57cc92900f861f0c72fa1df2cfe85577,仅5月销售,1,0,59400,0,594.0,0.0,594.0,,-59400,-594.0,-100.0,,,-59400,,,-594.0
2017,health_beauty,57e985ca3ae3b6da2382de45f827017e,health_beauty,57e985ca3ae3b6da2382de45f827017e,两月均有销量,1,1,37990,37990,379.9,379.9,379.9,379.9,0,0.0,0.0,0,0,,0.0,0.0,
2017,telephony,57fcacc3434a1f2f2b039c1b4e61f5e1,telephony,57fcacc3434a1f2f2b039c1b4e61f5e1,两月均有销量,1,1,1890,1890,18.9,18.9,18.9,18.9,0,0.0,0.0,0,0,,0.0,0.0,
2017,garden_tools,5825c8e4e13409ac13639e711804cce6,garden_tools,5825c8e4e13409ac13639e711804cce6,仅5月销售,1,0,58900,0,589.0,0.0,589.0,,-58900,-589.0,-100.0,,,-58900,,,-589.0
2017,toys,58327c5dd67068015c5a9c5eeb51d848,toys,58327c5dd67068015c5a9c5eeb51d848,仅6月销售,0,1,0,72900,0.0,729.0,,729.0,72900,729.0,,,,72900,,,729.0
2017,(unknown),583916a5dae918f5e89baec139141c54,(unknown),583916a5dae918f5e89baec139141c54,仅6月销售,0,1,0,5999,0.0,59.99,,59.99,5999,59.99,,,,5999,,,59.99
2017,stationery,583f23b0484747654c01a98021608a89,stationery,583f23b0484747654c01a98021608a89,仅5月销售,1,0,18490,0,184.9,0.0,184.9,,-18490,-184.9,-100.0,,,-18490,,,-184.9
2017,computers_accessories,584d0486add75aa0f5c0660a7cd8afba,computers_accessories,584d0486add75aa0f5c0660a7cd8afba,仅5月销售,7,0,20930,0,209.3,0.0,29.9,,-20930,-209.3,-100.0,,,-20930,,,-209.3
2017,garden_tools,585d35af545f17795ce05febd7a474d2,garden_tools,585d35af545f17795ce05febd7a474d2,仅5月销售,1,0,11990,0,119.9,0.0,119.9,,-11990,-119.9,-100.0,,,-11990,,,-119.9
2017,computers_accessories,58662fc2ddcb4853532ee42a1cfc9843,computers_accessories,58662fc2ddcb4853532ee42a1cfc9843,仅5月销售,1,0,3990,0,39.9,0.0,39.9,,-3990,-39.9,-100.0,,,-3990,,,-39.9
2017,baby,586b14a3aadbdec1439e5d7029fbe886,baby,586b14a3aadbdec1439e5d7029fbe886,仅5月销售,1,0,4990,0,49.9,0.0,49.9,,-4990,-49.9,-100.0,,,-4990,,,-49.9
2017,sports_leisure,586d2dcb4ad3f344da859b44a01d2080,sports_leisure,586d2dcb4ad3f344da859b44a01d2080,仅5月销售,1,0,6999,0,69.99,0.0,69.99,,-6999,-69.99,-100.0,,,-6999,,,-69.99
2017,home_appliances,5877301b00f95e3c6118738b293dfab3,home_appliances,5877301b00f95e3c6118738b293dfab3,两月均有销量,1,1,3999,3999,39.99,39.99,39.99,39.99,0,0.0,0.0,0,0,,0.0,0.0,
2017,furniture_decor,5895eb44dfac8b6062cb7adac3f84fc9,furniture_decor,5895eb44dfac8b6062cb7adac3f84fc9,仅5月销售,1,0,12990,0,129.9,0.0,129.9,,-12990,-129.9,-100.0,,,-12990,,,-129.9
2017,market_place,58a49d31cbfaa89fcb87b335ad0e2797,market_place,58a49d31cbfaa89fcb87b335ad0e2797,仅6月销售,0,1,0,5990,0.0,59.9,,59.9,5990,59.9,,,,5990,,,59.9
2017,furniture_decor,58a96ae04b90563cde5becdf0ee2e823,furniture_decor,58a96ae04b90563cde5becdf0ee2e823,仅5月销售,1,0,20600,0,206.0,0.0,206.0,,-20600,-206.0,-100.0,,,-20600,,,-206.0
2017,luggage_accessories,58b566d4cc7237145b29b21e9699e15c,luggage_accessories,58b566d4cc7237145b29b21e9699e15c,仅6月销售,0,1,0,4790,0.0,47.9,,47.9,4790,47.9,,,,4790,,,47.9
2017,furniture_decor,58e0b47f6b59ceecfdf2f371b681063e,furniture_decor,58e0b47f6b59ceecfdf2f371b681063e,仅6月销售,0,2,0,2598,0.0,25.98,,12.99,2598,25.98,,,,2598,,,25.98
2017,perfumery,58e5c5c2d7966172afc6d5e125773d2d,perfumery,58e5c5c2d7966172afc6d5e125773d2d,仅5月销售,1,0,1390,0,13.9,0.0,13.9,,-1390,-13.9,-100.0,,,-1390,,,-13.9
2017,furniture_living_room,58efb9b638561ce132216a9a612513e2,furniture_living_room,58efb9b638561ce132216a9a612513e2,两月均有销量,2,3,20794,31191,207.94,311.91,103.97,103.97,10397,103.97,50.0,10397,0,,103.97,0.0,
2017,health_beauty,58f88ebb71c90b2d46a5b297ae6c3455,health_beauty,58f88ebb71c90b2d46a5b297ae6c3455,仅6月销售,0,1,0,7190,0.0,71.9,,71.9,7190,71.9,,,,7190,,,71.9
2017,electronics,592ff96534d1910c18025cee34d5c8de,electronics,592ff96534d1910c18025cee34d5c8de,仅5月销售,2,0,7798,0,77.98,0.0,38.99,,-7798,-77.98,-100.0,,,-7798,,,-77.98
2017,bed_bath_table,595199b11447ed4b73d031d3edaa6bdd,bed_bath_table,595199b11447ed4b73d031d3edaa6bdd,仅5月销售,1,0,9450,0,94.5,0.0,94.5,,-9450,-94.5,-100.0,,,-9450,,,-94.5
2017,furniture_decor,5984d199ed3cbe4f2736a4c24559af8c,furniture_decor,5984d199ed3cbe4f2736a4c24559af8c,仅5月销售,2,0,9580,0,95.8,0.0,47.9,,-9580,-95.8,-100.0,,,-9580,,,-95.8
2017,furniture_decor,59a0529af96d3d459965f044c5cd1296,furniture_decor,59a0529af96d3d459965f044c5cd1296,仅5月销售,1,0,4990,0,49.9,0.0,49.9,,-4990,-49.9,-100.0,,,-4990,,,-49.9
2017,computers_accessories,59acb82068f537c60568a06ca341397f,computers_accessories,59acb82068f537c60568a06ca341397f,仅5月销售,1,0,34900,0,349.0,0.0,349.0,,-34900,-349.0,-100.0,,,-34900,,,-349.0
2017,bed_bath_table,59af5c511a76e7fe573446f94cdb83b9,bed_bath_table,59af5c511a76e7fe573446f94cdb83b9,仅5月销售,1,0,11799,0,117.99,0.0,117.99,,-11799,-117.99,-100.0,,,-11799,,,-117.99
2017,housewares,59b51733f8b660874abf04e987218962,housewares,59b51733f8b660874abf04e987218962,仅6月销售,0,3,0,14397,0.0,143.97,,47.99,14397,143.97,,,,14397,,,143.97
2017,fashion_bags_accessories,59c1840441f4df065f52760bf51a8442,fashion_bags_accessories,59c1840441f4df065f52760bf51a8442,两月均有销量,1,1,4990,4990,49.9,49.9,49.9,49.9,0,0.0,0.0,0,0,,0.0,0.0,
2017,office_furniture,59c5e6e108b88212fb98525c9000ecfb,office_furniture,59c5e6e108b88212fb98525c9000ecfb,仅6月销售,0,3,0,44984,0.0,449.84,,149.94666666666666,44984,449.84,,,,44984,,,449.84
2017,pet_shop,59dbefe045e850ce6df6b1fd5dce14ba,pet_shop,59dbefe045e850ce6df6b1fd5dce14ba,仅6月销售,0,1,0,11999,0.0,119.99,,119.99,11999,119.99,,,,11999,,,119.99
2017,telephony,59fe488ea6ac9439bc86663f4a564c23,telephony,59fe488ea6ac9439bc86663f4a564c23,两月均有销量,10,6,17000,10200,170.0,102.0,17.0,17.0,-6800,-68.0,-40.0,-6800,0,,-68.0,0.0,
2017,sports_leisure,5a11bc271d03e7a31cdd33d1d8580456,sports_leisure,5a11bc271d03e7a31cdd33d1d8580456,仅6月销售,0,1,0,30900,0.0,309.0,,309.0,30900,309.0,,,,30900,,,309.0
2017,housewares,5a3320037d5922a7708647c81ecc1f15,housewares,5a3320037d5922a7708647c81ecc1f15,两月均有销量,3,2,22500,15000,225.0,150.0,75.0,75.0,-7500,-75.0,-33.333333333333336,-7500,0,,-75.0,0.0,
2017,cool_stuff,5a419dbf24a8c9718fe522b81c69f61a,cool_stuff,5a419dbf24a8c9718fe522b81c69f61a,两月均有销量,4,2,16960,9980,169.6,99.8,42.4,49.9,-6980,-69.8,-41.155660377358494,-9230,2250,,-92.3,22.5,
2017,computers_accessories,5a41b34fa72eb9c57130a1e6265b344a,computers_accessories,5a41b34fa72eb9c57130a1e6265b344a,仅6月销售,0,1,0,40488,0.0,404.88,,404.88,40488,404.88,,,,40488,,,404.88
2017,sports_leisure,5a47c5b5c3866f29177d497727f22f38,sports_leisure,5a47c5b5c3866f29177d497727f22f38,仅6月销售,0,1,0,12856,0.0,128.56,,128.56,12856,128.56,,,,12856,,,128.56
2017,housewares,5a6e53c3b4e8684b13388d6aa4afdf12,housewares,5a6e53c3b4e8684b13388d6aa4afdf12,两月均有销量,23,8,39077,13592,390.77,135.92,16.99,16.99,-25485,-254.85,-65.21739130434783,-25485,0,,-254.85,0.0,
2017,furniture_decor,5aad359a63cbb4fc35ead44346a3eeb4,furniture_decor,5aad359a63cbb4fc35ead44346a3eeb4,仅5月销售,1,0,1099,0,10.99,0.0,10.99,,-1099,-10.99,-100.0,,,-1099,,,-10.99
2017,luggage_accessories,5ab836116525006a1a417c5c24091e2f,luggage_accessories,5ab836116525006a1a417c5c24091e2f,仅5月销售,1,0,7590,0,75.9,0.0,75.9,,-7590,-75.9,-100.0,,,-7590,,,-75.9
2017,housewares,5abfadaca53239a9193e09288bcd7db6,housewares,5abfadaca53239a9193e09288bcd7db6,两月均有销量,1,1,15990,15990,159.9,159.9,159.9,159.9,0,0.0,0.0,0,0,,0.0,0.0,
2017,home_appliances,5acad00c7ade065caf69af710c0bdd0c,home_appliances,5acad00c7ade065caf69af710c0bdd0c,仅6月销售,0,1,0,17220,0.0,172.2,,172.2,17220,172.2,,,,17220,,,172.2
2017,cool_stuff,5ad2c4859aad6ecebd816a300d34f326,cool_stuff,5ad2c4859aad6ecebd816a300d34f326,两月均有销量,1,1,19900,19900,199.0,199.0,199.0,199.0,0,0.0,0.0,0,0,,0.0,0.0,
2017,auto,5ae7943d5ce738386050e944a06f9603,auto,5ae7943d5ce738386050e944a06f9603,两月均有销量,1,1,2970,3500,29.7,35.0,29.7,35.0,530,5.3,17.845117845117844,0,530,,0.0,5.3,
2017,furniture_decor,5b22ee51ed70519e97ac231091d12a51,furniture_decor,5b22ee51ed70519e97ac231091d12a51,仅6月销售,0,1,0,45570,0.0,455.7,,455.7,45570,455.7,,,,45570,,,455.7
2017,bed_bath_table,5b2b72f58d212a6e4733884ef0ece564,bed_bath_table,5b2b72f58d212a6e4733884ef0ece564,仅5月销售,1,0,26990,0,269.9,0.0,269.9,,-26990,-269.9,-100.0,,,-26990,,,-269.9
2017,housewares,5b39353cd25a87d0f48b6a1e1adc1cfe,housewares,5b39353cd25a87d0f48b6a1e1adc1cfe,仅6月销售,0,1,0,3490,0.0,34.9,,34.9,3490,34.9,,,,3490,,,34.9
2017,food_drink,5b394e3d290882de22e0207c7027fdb5,food_drink,5b394e3d290882de22e0207c7027fdb5,仅5月销售,1,0,2590,0,25.9,0.0,25.9,,-2590,-25.9,-100.0,,,-2590,,,-25.9
2017,furniture_decor,5b6df302d191ccd16b319099f66be46e,furniture_decor,5b6df302d191ccd16b319099f66be46e,仅5月销售,1,0,6690,0,66.9,0.0,66.9,,-6690,-66.9,-100.0,,,-6690,,,-66.9
2017,health_beauty,5bbcc3770981c2f5ca7228bd8c2ff2ae,health_beauty,5bbcc3770981c2f5ca7228bd8c2ff2ae,仅6月销售,0,1,0,10700,0.0,107.0,,107.0,10700,107.0,,,,10700,,,107.0
2017,home_appliances,5bbebc281f50fcd65e31a103730bb64e,home_appliances,5bbebc281f50fcd65e31a103730bb64e,仅6月销售,0,1,0,2300,0.0,23.0,,23.0,2300,23.0,,,,2300,,,23.0
2017,furniture_decor,5bcaab71581cabea86192eea9c13467d,furniture_decor,5bcaab71581cabea86192eea9c13467d,仅5月销售,1,0,7999,0,79.99,0.0,79.99,,-7999,-79.99,-100.0,,,-7999,,,-79.99
2017,housewares,5bd3ba44eb990450377a2cd863821cca,housewares,5bd3ba44eb990450377a2cd863821cca,两月均有销量,3,2,56271,37514,562.71,375.14,187.57,187.57,-18757,-187.57,-33.333333333333336,-18757,0,,-187.57,0.0,
2017,bed_bath_table,5bef5f3b8482d8e586db1839a4577b87,bed_bath_table,5bef5f3b8482d8e586db1839a4577b87,仅5月销售,1,0,8180,0,81.8,0.0,81.8,,-8180,-81.8,-100.0,,,-8180,,,-81.8
2017,bed_bath_table,5bf57bdef224b9486b45ebba37ec6191,bed_bath_table,5bf57bdef224b9486b45ebba37ec6191,仅5月销售,1,0,6200,0,62.0,0.0,62.0,,-6200,-62.0,-100.0,,,-6200,,,-62.0
2017,bed_bath_table,5bfc7506459ae2a7b4b573fe557a58e1,bed_bath_table,5bfc7506459ae2a7b4b573fe557a58e1,两月均有销量,2,2,13980,13980,139.8,139.8,69.9,69.9,0,0.0,0.0,0,0,,0.0,0.0,
2017,small_appliances,5c0826f946c32406d5baa79544668b4c,small_appliances,5c0826f946c32406d5baa79544668b4c,仅5月销售,1,0,9999,0,99.99,0.0,99.99,,-9999,-99.99,-100.0,,,-9999,,,-99.99
2017,health_beauty,5c221d7a454aa9da974e1685157d8216,health_beauty,5c221d7a454aa9da974e1685157d8216,仅5月销售,1,0,13290,0,132.9,0.0,132.9,,-13290,-132.9,-100.0,,,-13290,,,-132.9
2017,consoles_games,5c2ff601f8b9eab50e5d9938b41ff01a,consoles_games,5c2ff601f8b9eab50e5d9938b41ff01a,仅5月销售,1,0,4499,0,44.99,0.0,44.99,,-4499,-44.99,-100.0,,,-4499,,,-44.99
2017,home_appliances,5c5396ff3a1b3d492a2aa04730b25904,home_appliances,5c5396ff3a1b3d492a2aa04730b25904,仅5月销售,1,0,2700,0,27.0,0.0,27.0,,-2700,-27.0,-100.0,,,-2700,,,-27.0
2017,toys,5c5f3e091101bea69642eb3dd145b17d,toys,5c5f3e091101bea69642eb3dd145b17d,仅6月销售,0,1,0,11990,0.0,119.9,,119.9,11990,119.9,,,,11990,,,119.9
2017,watches_gifts,5c692818d313aa12864b48ac0c2472c2,watches_gifts,5c692818d313aa12864b48ac0c2472c2,两月均有销量,1,1,2900,2900,29.0,29.0,29.0,29.0,0,0.0,0.0,0,0,,0.0,0.0,
2017,bed_bath_table,5c973b4202aac5c372a483e712306f4f,bed_bath_table,5c973b4202aac5c372a483e712306f4f,两月均有销量,1,1,4995,4995,49.95,49.95,49.95,49.95,0,0.0,0.0,0,0,,0.0,0.0,
2017,health_beauty,5ca414808a1673669317d56dd0fd6b1b,health_beauty,5ca414808a1673669317d56dd0fd6b1b,仅5月销售,2,0,39980,0,399.8,0.0,199.9,,-39980,-399.8,-100.0,,,-39980,,,-399.8
2017,furniture_decor,5caaa02918381c4ad59d38fdcd4a28b9,furniture_decor,5caaa02918381c4ad59d38fdcd4a28b9,仅6月销售,0,1,0,6990,0.0,69.9,,69.9,6990,69.9,,,,6990,,,69.9
2017,toys,5cb27eb7202ae6c53809618eb8549007,toys,5cb27eb7202ae6c53809618eb8549007,仅6月销售,0,1,0,11390,0.0,113.9,,113.9,11390,113.9,,,,11390,,,113.9
2017,computers_accessories,5cde85235c4ae7747e9b48de95178a14,computers_accessories,5cde85235c4ae7747e9b48de95178a14,仅6月销售,0,1,0,21549,0.0,215.49,,215.49,21549,215.49,,,,21549,,,215.49
2017,(unknown),5cebe3c91f03e5d52a1951b3ce8354cd,(unknown),5cebe3c91f03e5d52a1951b3ce8354cd,仅6月销售,0,1,0,6400,0.0,64.0,,64.0,6400,64.0,,,,6400,,,64.0
2017,housewares,5d096ee78b3150e1dcab797e13884824,housewares,5d096ee78b3150e1dcab797e13884824,仅5月销售,1,0,6100,0,61.0,0.0,61.0,,-6100,-61.0,-100.0,,,-6100,,,-61.0
2017,toys,5d0a7cb413c5b59233c57177fe2f20b0,toys,5d0a7cb413c5b59233c57177fe2f20b0,仅5月销售,1,0,4990,0,49.9,0.0,49.9,,-4990,-49.9,-100.0,,,-4990,,,-49.9
2017,watches_gifts,5d3353870f99e3666b0bf5aed7caba8b,watches_gifts,5d3353870f99e3666b0bf5aed7caba8b,仅6月销售,0,1,0,59082,0.0,590.82,,590.82,59082,590.82,,,,59082,,,590.82
2017,fashion_bags_accessories,5d3a28908289035ee6394b67a15a2687,fashion_bags_accessories,5d3a28908289035ee6394b67a15a2687,仅6月销售,0,1,0,14200,0.0,142.0,,142.0,14200,142.0,,,,14200,,,142.0
2017,toys,5d422bd54b54307ff7a5e770f40946e4,toys,5d422bd54b54307ff7a5e770f40946e4,仅5月销售,3,0,3570,0,35.7,0.0,11.9,,-3570,-35.7,-100.0,,,-3570,,,-35.7
2017,baby,5d42919d908b17ec1848699d89e2bace,baby,5d42919d908b17ec1848699d89e2bace,仅5月销售,3,0,72000,0,720.0,0.0,240.0,,-72000,-720.0,-100.0,,,-72000,,,-720.0
2017,luggage_accessories,5d43da09d9bdd70109b2cccd41632a06,luggage_accessories,5d43da09d9bdd70109b2cccd41632a06,仅6月销售,0,1,0,13190,0.0,131.9,,131.9,13190,131.9,,,,13190,,,131.9
2017,sports_leisure,5d5288d3096b9becaa3566f64fe88110,sports_leisure,5d5288d3096b9becaa3566f64fe88110,仅5月销售,1,0,4690,0,46.9,0.0,46.9,,-4690,-46.9,-100.0,,,-4690,,,-46.9
2017,baby,5d6d8d46af864e4241365a5cd4980a53,baby,5d6d8d46af864e4241365a5cd4980a53,仅5月销售,1,0,24000,0,240.0,0.0,240.0,,-24000,-240.0,-100.0,,,-24000,,,-240.0
2017,toys,5d78060c4b02296fb129822fe0ac9ccd,toys,5d78060c4b02296fb129822fe0ac9ccd,仅5月销售,1,0,11090,0,110.9,0.0,110.9,,-11090,-110.9,-100.0,,,-11090,,,-110.9
2017,computers_accessories,5d790355cbeded0cd60e25cbc4c527a2,computers_accessories,5d790355cbeded0cd60e25cbc4c527a2,两月均有销量,10,2,97000,19400,970.0,194.0,97.0,97.0,-77600,-776.0,-80.0,-77600,0,,-776.0,0.0,
2017,fashion_bags_accessories,5d7c23067ed3fc8c6e699b9373d5890b,fashion_bags_accessories,5d7c23067ed3fc8c6e699b9373d5890b,仅6月销售,0,3,0,14700,0.0,147.0,,49.0,14700,147.0,,,,14700,,,147.0
2017,watches_gifts,5da61f03fa61bb3e2d965b98aa102ad7,watches_gifts,5da61f03fa61bb3e2d965b98aa102ad7,仅5月销售,1,0,8900,0,89.0,0.0,89.0,,-8900,-89.0,-100.0,,,-8900,,,-89.0
2017,furniture_decor,5dcd17b12ed2175d4fe6157e047d7be2,furniture_decor,5dcd17b12ed2175d4fe6157e047d7be2,仅6月销售,0,1,0,6990,0.0,69.9,,69.9,6990,69.9,,,,6990,,,69.9
2017,perfumery,5de871daae99423d3fcb04edcb6dd1aa,perfumery,5de871daae99423d3fcb04edcb6dd1aa,仅5月销售,3,0,72697,0,726.97,0.0,242.32333333333332,,-72697,-726.97,-100.0,,,-72697,,,-726.97
2017,watches_gifts,5e21d5cab5d33e770d8150a4ee6117db,watches_gifts,5e21d5cab5d33e770d8150a4ee6117db,仅6月销售,0,2,0,9800,0.0,98.0,,49.0,9800,98.0,,,,9800,,,98.0
2017,baby,5e3555ed62835dd67704d40a72678cfd,baby,5e3555ed62835dd67704d40a72678cfd,仅6月销售,0,3,0,11970,0.0,119.7,,39.9,11970,119.7,,,,11970,,,119.7
2017,housewares,5e3e2d54c975cf95b62c112c4d1d935d,housewares,5e3e2d54c975cf95b62c112c4d1d935d,两月均有销量,2,1,3380,1690,33.8,16.9,16.9,16.9,-1690,-16.9,-50.0,-1690,0,,-16.9,0.0,
2017,fashion_shoes,5e459bd31247ee46fa95b09556600a6a,fashion_shoes,5e459bd31247ee46fa95b09556600a6a,仅5月销售,1,0,3790,0,37.9,0.0,37.9,,-3790,-37.9,-100.0,,,-3790,,,-37.9
2017,furniture_decor,5e7f8e7aeb1f57dd83aae171dec38a73,furniture_decor,5e7f8e7aeb1f57dd83aae171dec38a73,仅6月销售,0,1,0,16900,0.0,169.0,,169.0,16900,169.0,,,,16900,,,169.0
2017,garden_tools,5e80fe2cee2f6de9a494047ed35a2fe3,garden_tools,5e80fe2cee2f6de9a494047ed35a2fe3,仅5月销售,1,0,8918,0,89.18,0.0,89.18,,-8918,-89.18,-100.0,,,-8918,,,-89.18
2017,toys,5e864d9858dc9a7b55f937ed8998ffe8,toys,5e864d9858dc9a7b55f937ed8998ffe8,仅5月销售,1,0,26990,0,269.9,0.0,269.9,,-26990,-269.9,-100.0,,,-26990,,,-269.9
2017,sports_leisure,5e98b7fecc62c3ebeaa8252269b2d6fe,sports_leisure,5e98b7fecc62c3ebeaa8252269b2d6fe,仅6月销售,0,2,0,11800,0.0,118.0,,59.0,11800,118.0,,,,11800,,,118.0
2017,(unknown),5eb564652db742ff8f28759cd8d2652a,(unknown),5eb564652db742ff8f28759cd8d2652a,仅6月销售,0,3,0,11700,0.0,117.0,,39.0,11700,117.0,,,,11700,,,117.0
2017,housewares,5ec12176d76d4837e3d1cf1b480daaa6,housewares,5ec12176d76d4837e3d1cf1b480daaa6,仅6月销售,0,1,0,1490,0.0,14.9,,14.9,1490,14.9,,,,1490,,,14.9
2017,auto,5ec1f2abfcd415baea5b1729d4cc5f83,auto,5ec1f2abfcd415baea5b1729d4cc5f83,仅5月销售,1,0,8240,0,82.4,0.0,82.4,,-8240,-82.4,-100.0,,,-8240,,,-82.4
2017,luggage_accessories,5eccc2d95245db3260989916f2646afe,luggage_accessories,5eccc2d95245db3260989916f2646afe,仅5月销售,1,0,6990,0,69.9,0.0,69.9,,-6990,-69.9,-100.0,,,-6990,,,-69.9
2017,cool_stuff,5ed9eaf534f6936b51d0b6c5e4d5c2e9,cool_stuff,5ed9eaf534f6936b51d0b6c5e4d5c2e9,仅6月销售,0,1,0,2200,0.0,22.0,,22.0,2200,22.0,,,,2200,,,22.0
2017,small_appliances,5f1d10ccc8198967ca0278fdfd474a51,small_appliances,5f1d10ccc8198967ca0278fdfd474a51,两月均有销量,1,1,44700,44700,447.0,447.0,447.0,447.0,0,0.0,0.0,0,0,,0.0,0.0,
2017,perfumery,5f21301936c11698db6aee5444190da0,perfumery,5f21301936c11698db6aee5444190da0,两月均有销量,4,4,59960,59960,599.6,599.6,149.9,149.9,0,0.0,0.0,0,0,,0.0,0.0,
2017,computers_accessories,5f2924ba89d5561b2b24067e375b212d,computers_accessories,5f2924ba89d5561b2b24067e375b212d,仅5月销售,1,0,6900,0,69.0,0.0,69.0,,-6900,-69.0,-100.0,,,-6900,,,-69.0
2017,luggage_accessories,5f3e86b7e537b8d2d993596c969b69a6,luggage_accessories,5f3e86b7e537b8d2d993596c969b69a6,仅6月销售,0,1,0,22990,0.0,229.9,,229.9,22990,229.9,,,,22990,,,229.9
2017,bed_bath_table,5f47bed9e5b0a01f44ce1ae93da98e70,bed_bath_table,5f47bed9e5b0a01f44ce1ae93da98e70,仅5月销售,1,0,4450,0,44.5,0.0,44.5,,-4450,-44.5,-100.0,,,-4450,,,-44.5
2017,toys,5f4f1408e6d6f0653e18c25131dceb77,toys,5f4f1408e6d6f0653e18c25131dceb77,仅6月销售,0,1,0,4599,0.0,45.99,,45.99,4599,45.99,,,,4599,,,45.99
2017,cool_stuff,5f504b3a1c75b73d6151be81eb05bdc9,cool_stuff,5f504b3a1c75b73d6151be81eb05bdc9,两月均有销量,2,7,114400,400400,1144.0,4004.0,572.0,572.0,286000,2860.0,250.0,286000,0,,2860.0,0.0,
2017,health_beauty,5f537918a8fcb8d675c944266babf1d6,health_beauty,5f537918a8fcb8d675c944266babf1d6,仅6月销售,0,1,0,8990,0.0,89.9,,89.9,8990,89.9,,,,8990,,,89.9
2017,furniture_decor,5f6906793eb1d554d76c39398ce08693,furniture_decor,5f6906793eb1d554d76c39398ce08693,仅5月销售,2,0,4950,0,49.5,0.0,24.75,,-4950,-49.5,-100.0,,,-4950,,,-49.5
2017,cool_stuff,5f7403b0168eeb77bd69d462d1150222,cool_stuff,5f7403b0168eeb77bd69d462d1150222,仅5月销售,1,0,19999,0,199.99,0.0,199.99,,-19999,-199.99,-100.0,,,-19999,,,-199.99
2017,housewares,5f82c0dd37c20e3f5010be5f3c6a9ff1,housewares,5f82c0dd37c20e3f5010be5f3c6a9ff1,仅6月销售,0,1,0,4085,0.0,40.85,,40.85,4085,40.85,,,,4085,,,40.85
2017,agro_industry_and_commerce,5fb0955cb683eb6f65a1f613e502eef5,agro_industry_and_commerce,5fb0955cb683eb6f65a1f613e502eef5,仅6月销售,0,1,0,139000,0.0,1390.0,,1390.0,139000,1390.0,,,,139000,,,1390.0
2017,perfumery,5fbfa85126d6e59188d7da79f21e9687,perfumery,5fbfa85126d6e59188d7da79f21e9687,仅6月销售,0,1,0,33498,0.0,334.98,,334.98,33498,334.98,,,,33498,,,334.98
2017,computers_accessories,5fc3e6a4b52b0c414458104ed4037f1c,computers_accessories,5fc3e6a4b52b0c414458104ed4037f1c,两月均有销量,19,2,169100,17800,1691.0,178.0,89.0,89.0,-151300,-1513.0,-89.47368421052632,-151300,0,,-1513.0,0.0,
2017,furniture_decor,5fda5f5969ed8a446022953a89e1c81a,furniture_decor,5fda5f5969ed8a446022953a89e1c81a,仅5月销售,2,0,10598,0,105.98,0.0,52.99,,-10598,-105.98,-100.0,,,-10598,,,-105.98
2017,sports_leisure,5ff59c5f2db7600fa8143442c8b1e4f6,sports_leisure,5ff59c5f2db7600fa8143442c8b1e4f6,仅6月销售,0,1,0,3900,0.0,39.0,,39.0,3900,39.0,,,,3900,,,39.0
2017,baby,6002665d65ee348dcd357c7bb2f080bd,baby,6002665d65ee348dcd357c7bb2f080bd,仅5月销售,10,0,59990,0,599.9,0.0,59.99,,-59990,-599.9,-100.0,,,-59990,,,-599.9
2017,office_furniture,6004cefa8473b7ccbaf181bbf633541f,office_furniture,6004cefa8473b7ccbaf181bbf633541f,仅5月销售,1,0,22999,0,229.99,0.0,229.99,,-22999,-229.99,-100.0,,,-22999,,,-229.99
2017,cool_stuff,601a360bd2a916ecef0e88de72a6531a,cool_stuff,601a360bd2a916ecef0e88de72a6531a,两月均有销量,17,17,220983,220983,2209.83,2209.83,129.99,129.99,0,0.0,0.0,0,0,,0.0,0.0,
2017,auto,6030758c474a231c434e17cfa97f951b,auto,6030758c474a231c434e17cfa97f951b,仅5月销售,1,0,21900,0,219.0,0.0,219.0,,-21900,-219.0,-100.0,,,-21900,,,-219.0
2017,health_beauty,60495adb1f1a49c8aea75e5e56a47a48,health_beauty,60495adb1f1a49c8aea75e5e56a47a48,两月均有销量,1,1,9290,8990,92.9,89.9,92.9,89.9,-300,-3.0,-3.2292787944025836,0,-300,,0.0,-3.0,
2017,sports_leisure,604b7e43b1486fa582ff64b375a5ff4b,sports_leisure,604b7e43b1486fa582ff64b375a5ff4b,仅6月销售,0,1,0,11990,0.0,119.9,,119.9,11990,119.9,,,,11990,,,119.9
2017,computers_accessories,6085250f7b172d15b2fd69b85ca4808e,computers_accessories,6085250f7b172d15b2fd69b85ca4808e,仅6月销售,0,1,0,33900,0.0,339.0,,339.0,33900,339.0,,,,33900,,,339.0
2017,housewares,60963bbf9e011d8eec21c515ff623fba,housewares,60963bbf9e011d8eec21c515ff623fba,仅5月销售,1,0,2365,0,23.65,0.0,23.65,,-2365,-23.65,-100.0,,,-2365,,,-23.65
2017,bed_bath_table,60a82b9f55ecd2035ad8d9c61e2afe18,bed_bath_table,60a82b9f55ecd2035ad8d9c61e2afe18,仅5月销售,1,0,2550,0,25.5,0.0,25.5,,-2550,-25.5,-100.0,,,-2550,,,-25.5
2017,housewares,60c93709754c1b56d6fcc7187a4810f3,housewares,60c93709754c1b56d6fcc7187a4810f3,仅6月销售,0,1,0,8600,0.0,86.0,,86.0,8600,86.0,,,,8600,,,86.0
2017,garden_tools,60d0556ba3ec09b00a4656eafb0a2760,garden_tools,60d0556ba3ec09b00a4656eafb0a2760,仅5月销售,1,0,1586,0,15.86,0.0,15.86,,-1586,-15.86,-100.0,,,-1586,,,-15.86
2017,garden_tools,60e47589d616c8d62f908800260e102c,garden_tools,60e47589d616c8d62f908800260e102c,仅5月销售,1,0,6700,0,67.0,0.0,67.0,,-6700,-67.0,-100.0,,,-6700,,,-67.0
2017,cool_stuff,6113c803231ccd88d4f0d30cb9b3edec,cool_stuff,6113c803231ccd88d4f0d30cb9b3edec,仅5月销售,1,0,13490,0,134.9,0.0,134.9,,-13490,-134.9,-100.0,,,-13490,,,-134.9
2017,pet_shop,612f9101c59a6a365b661f2546fdceda,pet_shop,612f9101c59a6a365b661f2546fdceda,仅5月销售,1,0,1797,0,17.97,0.0,17.97,,-1797,-17.97,-100.0,,,-1797,,,-17.97
2017,furniture_decor,6131240aedf34224270cd6f07e8229e4,furniture_decor,6131240aedf34224270cd6f07e8229e4,仅6月销售,0,2,0,6980,0.0,69.8,,34.9,6980,69.8,,,,6980,,,69.8
2017,home_construction,6149b0a01ae42fccf651cfbef08979c7,home_construction,6149b0a01ae42fccf651cfbef08979c7,仅6月销售,0,1,0,59500,0.0,595.0,,595.0,59500,595.0,,,,59500,,,595.0
2017,home_appliances,615cdd12d2db03b570f68c5ac19ab026,home_appliances,615cdd12d2db03b570f68c5ac19ab026,仅5月销售,1,0,22000,0,220.0,0.0,220.0,,-22000,-220.0,-100.0,,,-22000,,,-220.0
2017,cool_stuff,6169cdc0468023121be6baa425e3bc6f,cool_stuff,6169cdc0468023121be6baa425e3bc6f,仅5月销售,1,0,11999,0,119.99,0.0,119.99,,-11999,-119.99,-100.0,,,-11999,,,-119.99
2017,perfumery,617186c3d97ea56c9c683a8a3974e8c1,perfumery,617186c3d97ea56c9c683a8a3974e8c1,两月均有销量,3,7,25497,59493,254.97,594.93,84.99,84.99,33996,339.96,133.33333333333334,33996,0,,339.96,0.0,
2017,cool_stuff,6171e0ffb665e527d521c2435e065644,cool_stuff,6171e0ffb665e527d521c2435e065644,两月均有销量,1,2,9350,18700,93.5,187.0,93.5,93.5,9350,93.5,100.0,9350,0,,93.5,0.0,
2017,computers_accessories,619d72a5e53d41d7646274a3fa20c2c4,computers_accessories,619d72a5e53d41d7646274a3fa20c2c4,仅6月销售,0,1,0,7990,0.0,79.9,,79.9,7990,79.9,,,,7990,,,79.9
2017,small_appliances,61a4100ccd6d9c4c808a1fd954ddb8ad,small_appliances,61a4100ccd6d9c4c808a1fd954ddb8ad,仅6月销售,0,1,0,54790,0.0,547.9,,547.9,54790,547.9,,,,54790,,,547.9
2017,telephony,61b5c300f3e56ac6bda4cb54de396f9b,telephony,61b5c300f3e56ac6bda4cb54de396f9b,仅5月销售,1,0,4999,0,49.99,0.0,49.99,,-4999,-49.99,-100.0,,,-4999,,,-49.99
2017,furniture_bedroom,61be4e522756a21071b8a02c2650bd3e,furniture_bedroom,61be4e522756a21071b8a02c2650bd3e,仅5月销售,1,0,10899,0,108.99,0.0,108.99,,-10899,-108.99,-100.0,,,-10899,,,-108.99
2017,electronics,61c9ce380f22395eecde18d76d118c47,electronics,61c9ce380f22395eecde18d76d118c47,仅5月销售,1,0,10500,0,105.0,0.0,105.0,,-10500,-105.0,-100.0,,,-10500,,,-105.0
2017,housewares,61d01171a3784bab50137290350e5332,housewares,61d01171a3784bab50137290350e5332,仅5月销售,2,0,5980,0,59.8,0.0,29.9,,-5980,-59.8,-100.0,,,-5980,,,-59.8
2017,watches_gifts,61f1894bca50fa7898bae067ef40bfb7,watches_gifts,61f1894bca50fa7898bae067ef40bfb7,仅5月销售,1,0,6500,0,65.0,0.0,65.0,,-6500,-65.0,-100.0,,,-6500,,,-65.0
2017,furniture_decor,61f892cad282d3059bd33ae0eef5b02d,furniture_decor,61f892cad282d3059bd33ae0eef5b02d,仅5月销售,1,0,2999,0,29.99,0.0,29.99,,-2999,-29.99,-100.0,,,-2999,,,-29.99
2017,computers_accessories,620b45f968a49556658d15ef8560a30d,computers_accessories,620b45f968a49556658d15ef8560a30d,仅5月销售,1,0,32990,0,329.9,0.0,329.9,,-32990,-329.9,-100.0,,,-32990,,,-329.9
2017,home_appliances_2,622a3f08e882eef68dd982a5d0feee69,home_appliances_2,622a3f08e882eef68dd982a5d0feee69,仅6月销售,0,1,0,18990,0.0,189.9,,189.9,18990,189.9,,,,18990,,,189.9
2017,sports_leisure,622bad99b4296aade0783ebecdd3fa15,sports_leisure,622bad99b4296aade0783ebecdd3fa15,两月均有销量,1,1,7390,7390,73.9,73.9,73.9,73.9,0,0.0,0.0,0,0,,0.0,0.0,
2017,furniture_decor,62509b4a04d6e50559ab943122e6a724,furniture_decor,62509b4a04d6e50559ab943122e6a724,仅5月销售,2,0,11998,0,119.98,0.0,59.99,,-11998,-119.98,-100.0,,,-11998,,,-119.98
2017,market_place,6263969289f84cd8bde876597407657d,market_place,6263969289f84cd8bde876597407657d,仅6月销售,0,2,0,13980,0.0,139.8,,69.9,13980,139.8,,,,13980,,,139.8
2017,small_appliances,626a944b34a60ab69c2fcf2827163c84,small_appliances,626a944b34a60ab69c2fcf2827163c84,仅5月销售,1,0,36000,0,360.0,0.0,360.0,,-36000,-360.0,-100.0,,,-36000,,,-360.0
2017,sports_leisure,626cba3eb1a1ac40b2f6e3ad4fd1038c,sports_leisure,626cba3eb1a1ac40b2f6e3ad4fd1038c,仅6月销售,0,2,0,7980,0.0,79.8,,39.9,7980,79.8,,,,7980,,,79.8
2017,(unknown),626fcce994b573d0bd54d6447d5badd3,(unknown),626fcce994b573d0bd54d6447d5badd3,仅6月销售,0,2,0,11800,0.0,118.0,,59.0,11800,118.0,,,,11800,,,118.0
2017,baby,62725a92101c725a6430182a7261416f,baby,62725a92101c725a6430182a7261416f,两月均有销量,1,1,1999,1999,19.99,19.99,19.99,19.99,0,0.0,0.0,0,0,,0.0,0.0,
2017,furniture_decor,627c5bdbdb7b5ef9f5e5d123bbdee651,furniture_decor,627c5bdbdb7b5ef9f5e5d123bbdee651,仅6月销售,0,1,0,5999,0.0,59.99,,59.99,5999,59.99,,,,5999,,,59.99
2017,housewares,627d58d6a24ab3695604a3c4d8fb8e48,housewares,627d58d6a24ab3695604a3c4d8fb8e48,仅5月销售,1,0,4290,0,42.9,0.0,42.9,,-4290,-42.9,-100.0,,,-4290,,,-42.9
2017,fashion_bags_accessories,6290a17933bbbd6ece996ef6542f4761,fashion_bags_accessories,6290a17933bbbd6ece996ef6542f4761,仅6月销售,0,1,0,6990,0.0,69.9,,69.9,6990,69.9,,,,6990,,,69.9
2017,bed_bath_table,62953ad36e6c894ce69fc72d9a5246f3,bed_bath_table,62953ad36e6c894ce69fc72d9a5246f3,仅6月销售,0,1,0,23000,0.0,230.0,,230.0,23000,230.0,,,,23000,,,230.0
2017,computers_accessories,62d41a80c366aa2d8644e3270adf8440,computers_accessories,62d41a80c366aa2d8644e3270adf8440,仅6月销售,0,1,0,22091,0.0,220.91,,220.91,22091,220.91,,,,22091,,,220.91
2017,bed_bath_table,62d8daeee0db3a60c234c2d1bfd10651,bed_bath_table,62d8daeee0db3a60c234c2d1bfd10651,仅5月销售,6,0,14940,0,149.4,0.0,24.9,,-14940,-149.4,-100.0,,,-14940,,,-149.4
2017,(unknown),62fde58e97724f8b7519f3789eefa33f,(unknown),62fde58e97724f8b7519f3789eefa33f,仅5月销售,1,0,4990,0,49.9,0.0,49.9,,-4990,-49.9,-100.0,,,-4990,,,-49.9
2017,baby,63085bb4366ded27bcb63cbb59b4103a,baby,63085bb4366ded27bcb63cbb59b4103a,仅6月销售,0,1,0,38800,0.0,388.0,,388.0,38800,388.0,,,,38800,,,388.0
2017,fashion_bags_accessories,63094ac128b54dd72d511043411df079,fashion_bags_accessories,63094ac128b54dd72d511043411df079,仅5月销售,1,0,25000,0,250.0,0.0,250.0,,-25000,-250.0,-100.0,,,-25000,,,-250.0
2017,housewares,63509853c8fbc63605d354a4ca4f689b,housewares,63509853c8fbc63605d354a4ca4f689b,两月均有销量,3,1,14397,4799,143.97,47.99,47.99,47.99,-9598,-95.98,-66.66666666666667,-9598,0,,-95.98,0.0,
2017,market_place,635b74f3dd5462e3c133b42cd9299fa2,market_place,635b74f3dd5462e3c133b42cd9299fa2,仅5月销售,1,0,4990,0,49.9,0.0,49.9,,-4990,-49.9,-100.0,,,-4990,,,-49.9
2017,pet_shop,635c8b84adb4d0849874331d19fa25de,pet_shop,635c8b84adb4d0849874331d19fa25de,仅5月销售,1,0,6855,0,68.55,0.0,68.55,,-6855,-68.55,-100.0,,,-6855,,,-68.55
2017,furniture_decor,636636222363eaf74bf5e313dc934cd0,furniture_decor,636636222363eaf74bf5e313dc934cd0,仅6月销售,0,2,0,6398,0.0,63.98,,31.99,6398,63.98,,,,6398,,,63.98
2017,watches_gifts,63a6131d519d5b4920f93991d2df0551,watches_gifts,63a6131d519d5b4920f93991d2df0551,仅5月销售,1,0,14500,0,145.0,0.0,145.0,,-14500,-145.0,-100.0,,,-14500,,,-145.0
2017,health_beauty,63b6b1707cbd2e60baa30b4ec66265bf,health_beauty,63b6b1707cbd2e60baa30b4ec66265bf,仅6月销售,0,1,0,18900,0.0,189.0,,189.0,18900,189.0,,,,18900,,,189.0
2017,auto,63c4a70e0a12b4bd9475fca9e9937e76,auto,63c4a70e0a12b4bd9475fca9e9937e76,仅5月销售,1,0,12299,0,122.99,0.0,122.99,,-12299,-122.99,-100.0,,,-12299,,,-122.99
2017,telephony,63d117fa87d2dff89156e2c9d885dba7,telephony,63d117fa87d2dff89156e2c9d885dba7,仅6月销售,0,3,0,44997,0.0,449.97,,149.99,44997,449.97,,,,44997,,,449.97
2017,health_beauty,63de2743d05ab59d85caa49e49459ac1,health_beauty,63de2743d05ab59d85caa49e49459ac1,两月均有销量,12,1,20975,1990,209.75,19.9,17.479166666666668,19.9,-18985,-189.85,-90.51251489868892,-20559,1574,,-205.59,15.74,
2017,furniture_decor,63f52009dc3ddb733394e80183aed0f0,furniture_decor,63f52009dc3ddb733394e80183aed0f0,仅5月销售,1,0,4399,0,43.99,0.0,43.99,,-4399,-43.99,-100.0,,,-4399,,,-43.99
2017,computers_accessories,64051126507bdb875c1baf5b3b5a9a98,computers_accessories,64051126507bdb875c1baf5b3b5a9a98,仅5月销售,1,0,4800,0,48.0,0.0,48.0,,-4800,-48.0,-100.0,,,-4800,,,-48.0
2017,computers_accessories,6405e17a3e8718d5316c5d644320f253,computers_accessories,6405e17a3e8718d5316c5d644320f253,仅5月销售,6,0,47400,0,474.0,0.0,79.0,,-47400,-474.0,-100.0,,,-47400,,,-474.0
2017,sports_leisure,64090c2cdb0259629a3584edeb23181e,sports_leisure,64090c2cdb0259629a3584edeb23181e,仅5月销售,1,0,11500,0,115.0,0.0,115.0,,-11500,-115.0,-100.0,,,-11500,,,-115.0
2017,bed_bath_table,6421588f55f75de28cb3357e07723d14,bed_bath_table,6421588f55f75de28cb3357e07723d14,仅6月销售,0,3,0,16397,0.0,163.97,,54.656666666666666,16397,163.97,,,,16397,,,163.97
2017,bed_bath_table,642247ccf62585635cefa1bf09f59b94,bed_bath_table,642247ccf62585635cefa1bf09f59b94,仅6月销售,0,1,0,6590,0.0,65.9,,65.9,6590,65.9,,,,6590,,,65.9
2017,bed_bath_table,642a40d4d73b4b2604968937de13634a,bed_bath_table,642a40d4d73b4b2604968937de13634a,仅6月销售,0,1,0,1290,0.0,12.9,,12.9,1290,12.9,,,,1290,,,12.9
2017,toys,64315bd8c0c47303179dd2e25b579d00,toys,64315bd8c0c47303179dd2e25b579d00,仅6月销售,0,2,0,17398,0.0,173.98,,86.99,17398,173.98,,,,17398,,,173.98
2017,stationery,647b27e5ceb03b588feb44729221f8ed,stationery,647b27e5ceb03b588feb44729221f8ed,仅5月销售,1,0,4499,0,44.99,0.0,44.99,,-4499,-44.99,-100.0,,,-4499,,,-44.99
2017,stationery,64b488de448a5324c4134ea39c28a34b,stationery,64b488de448a5324c4134ea39c28a34b,仅5月销售,1,0,6900,0,69.0,0.0,69.0,,-6900,-69.0,-100.0,,,-6900,,,-69.0
2017,furniture_decor,64b99eed898c1b99a94d93cbf5873690,furniture_decor,64b99eed898c1b99a94d93cbf5873690,仅5月销售,1,0,8990,0,89.9,0.0,89.9,,-8990,-89.9,-100.0,,,-8990,,,-89.9
2017,watches_gifts,64c4be74246020cfdc5124eb48c75f10,watches_gifts,64c4be74246020cfdc5124eb48c75f10,仅5月销售,1,0,66554,0,665.54,0.0,665.54,,-66554,-665.54,-100.0,,,-66554,,,-665.54
2017,watches_gifts,64e296f9cbda172ddde4c59be4bb1120,watches_gifts,64e296f9cbda172ddde4c59be4bb1120,仅5月销售,1,0,89999,0,899.99,0.0,899.99,,-89999,-899.99,-100.0,,,-89999,,,-899.99
2017,sports_leisure,64f905cf518f84bfe0fbcc33bf6f0e9a,sports_leisure,64f905cf518f84bfe0fbcc33bf6f0e9a,仅6月销售,0,2,0,31980,0.0,319.8,,159.9,31980,319.8,,,,31980,,,319.8
2017,christmas_supplies,6516d379bfcdbdc245518a279cee2a7c,christmas_supplies,6516d379bfcdbdc245518a279cee2a7c,仅6月销售,0,1,0,12490,0.0,124.9,,124.9,12490,124.9,,,,12490,,,124.9
2017,books_general_interest,652ab2a1bee7f7f0ab475b06cd290865,books_general_interest,652ab2a1bee7f7f0ab475b06cd290865,仅5月销售,1,0,4500,0,45.0,0.0,45.0,,-4500,-45.0,-100.0,,,-4500,,,-45.0
2017,fixed_telephony,6536314c94d43b787fc1c622941da14b,fixed_telephony,6536314c94d43b787fc1c622941da14b,仅6月销售,0,2,0,6598,0.0,65.98,,32.99,6598,65.98,,,,6598,,,65.98
2017,housewares,6548c9763cc930450fb8b73c3353812f,housewares,6548c9763cc930450fb8b73c3353812f,仅5月销售,1,0,4190,0,41.9,0.0,41.9,,-4190,-41.9,-100.0,,,-4190,,,-41.9
2017,computers_accessories,656e0eca68dcecf6a31b8ececfabe3e8,computers_accessories,656e0eca68dcecf6a31b8ececfabe3e8,两月均有销量,4,6,37960,61140,379.6,611.4,94.9,101.9,23180,231.8,61.06427818756586,19680,3500,,196.8,35.0,
2017,sports_leisure,65769f6fabbfd7d399bb5851d9af3fba,sports_leisure,65769f6fabbfd7d399bb5851d9af3fba,两月均有销量,1,1,2999,2999,29.99,29.99,29.99,29.99,0,0.0,0.0,0,0,,0.0,0.0,
2017,cool_stuff,65841ad29fc48cd40902e03da7511e05,cool_stuff,65841ad29fc48cd40902e03da7511e05,仅5月销售,2,0,169800,0,1698.0,0.0,849.0,,-169800,-1698.0,-100.0,,,-169800,,,-1698.0
2017,toys,65a487289033740a0a896d72a6f2a1e1,toys,65a487289033740a0a896d72a6f2a1e1,仅5月销售,1,0,4890,0,48.9,0.0,48.9,,-4890,-48.9,-100.0,,,-4890,,,-48.9
2017,furniture_decor,65ab7c6f0a27faa074489b102323639a,furniture_decor,65ab7c6f0a27faa074489b102323639a,仅6月销售,0,1,0,9900,0.0,99.0,,99.0,9900,99.0,,,,9900,,,99.0
2017,furniture_decor,65b89f415ce968a584fde133ae3ce3bf,furniture_decor,65b89f415ce968a584fde133ae3ce3bf,仅5月销售,2,0,14980,0,149.8,0.0,74.9,,-14980,-149.8,-100.0,,,-14980,,,-149.8
2017,computers_accessories,65ce839c7967ed73e05471cbd4cb2ec1,computers_accessories,65ce839c7967ed73e05471cbd4cb2ec1,仅5月销售,1,0,3690,0,36.9,0.0,36.9,,-3690,-36.9,-100.0,,,-3690,,,-36.9
2017,bed_bath_table,65d081bf2ebe1e9b8dd59a72a55a2a6d,bed_bath_table,65d081bf2ebe1e9b8dd59a72a55a2a6d,仅6月销售,0,1,0,11990,0.0,119.9,,119.9,11990,119.9,,,,11990,,,119.9
2017,computers_accessories,65d1e9d7432a5bdb5456b22f91747ab3,computers_accessories,65d1e9d7432a5bdb5456b22f91747ab3,仅5月销售,1,0,7990,0,79.9,0.0,79.9,,-7990,-79.9,-100.0,,,-7990,,,-79.9
2017,computers_accessories,65dcea9092da1362310088f4a84db93e,computers_accessories,65dcea9092da1362310088f4a84db93e,仅6月销售,0,1,0,31290,0.0,312.9,,312.9,31290,312.9,,,,31290,,,312.9
2017,health_beauty,65e3848513c9ab70bf542e5d694cf072,health_beauty,65e3848513c9ab70bf542e5d694cf072,仅5月销售,2,0,7370,0,73.7,0.0,36.85,,-7370,-73.7,-100.0,,,-7370,,,-73.7
2017,housewares,66077cc774ac8ba7c7fcb45fd8e03474,housewares,66077cc774ac8ba7c7fcb45fd8e03474,仅6月销售,0,1,0,8990,0.0,89.9,,89.9,8990,89.9,,,,8990,,,89.9
2017,kitchen_dining_laundry_garden_furniture,6609d9a71a607da16750629d52615b9e,kitchen_dining_laundry_garden_furniture,6609d9a71a607da16750629d52615b9e,仅5月销售,1,0,1990,0,19.9,0.0,19.9,,-1990,-19.9,-100.0,,,-1990,,,-19.9
2017,furniture_decor,660c32ce966761f6ed394953aef732b4,furniture_decor,660c32ce966761f6ed394953aef732b4,仅5月销售,1,0,14990,0,149.9,0.0,149.9,,-14990,-149.9,-100.0,,,-14990,,,-149.9
2017,watches_gifts,660cde3831902f7c7054cda45716d948,watches_gifts,660cde3831902f7c7054cda45716d948,仅5月销售,1,0,57975,0,579.75,0.0,579.75,,-57975,-579.75,-100.0,,,-57975,,,-579.75
2017,fashion_male_clothing,660fc6f47144a19180d7309e37155f1e,fashion_male_clothing,660fc6f47144a19180d7309e37155f1e,仅6月销售,0,1,0,12999,0.0,129.99,,129.99,12999,129.99,,,,12999,,,129.99
2017,office_furniture,66122b7ff167774803377cb2b1af7799,office_furniture,66122b7ff167774803377cb2b1af7799,仅6月销售,0,1,0,8999,0.0,89.99,,89.99,8999,89.99,,,,8999,,,89.99
2017,watches_gifts,661b9f45d2c7838b67a935446b8a8fd7,watches_gifts,661b9f45d2c7838b67a935446b8a8fd7,仅6月销售,0,1,0,23800,0.0,238.0,,238.0,23800,238.0,,,,23800,,,238.0
2017,computers_accessories,662276c22ed1b925786d19da6677e19d,computers_accessories,662276c22ed1b925786d19da6677e19d,仅5月销售,1,0,25000,0,250.0,0.0,250.0,,-25000,-250.0,-100.0,,,-25000,,,-250.0
2017,musical_instruments,663d6ef343ce527b3548d6a255f89eb8,musical_instruments,663d6ef343ce527b3548d6a255f89eb8,仅6月销售,0,1,0,7990,0.0,79.9,,79.9,7990,79.9,,,,7990,,,79.9
2017,cool_stuff,66a0a6e02b7f543e5b021ce361f267d4,cool_stuff,66a0a6e02b7f543e5b021ce361f267d4,两月均有销量,4,2,47996,23998,479.96,239.98,119.99,119.99,-23998,-239.98,-50.0,-23998,0,,-239.98,0.0,
2017,cool_stuff,66b4cbf7d9a6926661daf377dab0d697,cool_stuff,66b4cbf7d9a6926661daf377dab0d697,仅6月销售,0,1,0,12999,0.0,129.99,,129.99,12999,129.99,,,,12999,,,129.99
2017,pet_shop,66b5f91356d928ae807ab4ee547f5e3e,pet_shop,66b5f91356d928ae807ab4ee547f5e3e,仅6月销售,0,2,0,8598,0.0,85.98,,42.99,8598,85.98,,,,8598,,,85.98
2017,fashion_male_clothing,66bd6e465a87926adb15dec604948867,fashion_male_clothing,66bd6e465a87926adb15dec604948867,仅6月销售,0,2,0,4980,0.0,49.8,,24.9,4980,49.8,,,,4980,,,49.8
2017,telephony,66e486a74463415852ba3e428c4b50f4,telephony,66e486a74463415852ba3e428c4b50f4,仅6月销售,0,1,0,2290,0.0,22.9,,22.9,2290,22.9,,,,2290,,,22.9
2017,housewares,66e9fb73e349cba44b29951e558a6780,housewares,66e9fb73e349cba44b29951e558a6780,仅5月销售,1,0,960,0,9.6,0.0,9.6,,-960,-9.6,-100.0,,,-960,,,-9.6
2017,perfumery,66ef20ad226145a624f8d7b7821d8d5a,perfumery,66ef20ad226145a624f8d7b7821d8d5a,仅6月销售,0,1,0,28900,0.0,289.0,,289.0,28900,289.0,,,,28900,,,289.0
2017,furniture_decor,66f01f544ba693e1a1a7428caec79279,furniture_decor,66f01f544ba693e1a1a7428caec79279,仅6月销售,0,1,0,25900,0.0,259.0,,259.0,25900,259.0,,,,25900,,,259.0
2017,watches_gifts,66f7f8d449192024900375fad770d864,watches_gifts,66f7f8d449192024900375fad770d864,仅5月销售,1,0,100000,0,1000.0,0.0,1000.0,,-100000,-1000.0,-100.0,,,-100000,,,-1000.0
2017,sports_leisure,66fb55e3750680af350c489f504762e2,sports_leisure,66fb55e3750680af350c489f504762e2,两月均有销量,1,3,33599,100797,335.99,1007.97,335.99,335.99,67198,671.98,200.0,67198,0,,671.98,0.0,
2017,housewares,66fc767a58575873dad11a4c717727dc,housewares,66fc767a58575873dad11a4c717727dc,仅6月销售,0,2,0,10832,0.0,108.32,,54.16,10832,108.32,,,,10832,,,108.32
2017,sports_leisure,67031f1b5ba68a9997efb630e43ada88,sports_leisure,67031f1b5ba68a9997efb630e43ada88,仅5月销售,2,0,23980,0,239.8,0.0,119.9,,-23980,-239.8,-100.0,,,-23980,,,-239.8
2017,fashion_shoes,671ac7a60d975bd4ca2d7f7c77070210,fashion_shoes,671ac7a60d975bd4ca2d7f7c77070210,仅6月销售,0,1,0,7182,0.0,71.82,,71.82,7182,71.82,,,,7182,,,71.82
2017,toys,6729125daaaa8f2a7e805335437fbc96,toys,6729125daaaa8f2a7e805335437fbc96,仅6月销售,0,1,0,7689,0.0,76.89,,76.89,7689,76.89,,,,7689,,,76.89
2017,fashion_bags_accessories,672bdce161930b1c72890c619224376a,fashion_bags_accessories,672bdce161930b1c72890c619224376a,仅5月销售,2,0,77800,0,778.0,0.0,389.0,,-77800,-778.0,-100.0,,,-77800,,,-778.0
2017,housewares,672cd55beec76a54b88a865280fd9e5a,housewares,672cd55beec76a54b88a865280fd9e5a,仅5月销售,1,0,599,0,5.99,0.0,5.99,,-599,-5.99,-100.0,,,-599,,,-5.99
2017,musical_instruments,67371c87cd852c73a336fc6ca6c66537,musical_instruments,67371c87cd852c73a336fc6ca6c66537,仅5月销售,1,0,3990,0,39.9,0.0,39.9,,-3990,-39.9,-100.0,,,-3990,,,-39.9
2017,toys,6739aafc60d0a6e50c6e050d5a987350,toys,6739aafc60d0a6e50c6e050d5a987350,仅5月销售,1,0,12999,0,129.99,0.0,129.99,,-12999,-129.99,-100.0,,,-12999,,,-129.99
2017,bed_bath_table,6743e2040ded41c39d0df37e1ab6667f,bed_bath_table,6743e2040ded41c39d0df37e1ab6667f,仅5月销售,1,0,12990,0,129.9,0.0,129.9,,-12990,-129.9,-100.0,,,-12990,,,-129.9
2017,telephony,674d9e3c3964c35239687c920b19a307,telephony,674d9e3c3964c35239687c920b19a307,仅5月销售,7,0,20993,0,209.93,0.0,29.99,,-20993,-209.93,-100.0,,,-20993,,,-209.93
2017,auto,67523567791b73064e78d6a5731f379c,auto,67523567791b73064e78d6a5731f379c,仅5月销售,1,0,3700,0,37.0,0.0,37.0,,-3700,-37.0,-100.0,,,-3700,,,-37.0
2017,toys,67638c5b9e1d3f0f3c76cd4147eeac2f,toys,67638c5b9e1d3f0f3c76cd4147eeac2f,仅5月销售,1,0,8990,0,89.9,0.0,89.9,,-8990,-89.9,-100.0,,,-8990,,,-89.9
2017,toys,67682f5c5170c72b398941e2193735a4,toys,67682f5c5170c72b398941e2193735a4,仅6月销售,0,1,0,4399,0.0,43.99,,43.99,4399,43.99,,,,4399,,,43.99
2017,bed_bath_table,67810bda0db346d0eee1ac3c6314af35,bed_bath_table,67810bda0db346d0eee1ac3c6314af35,两月均有销量,1,1,9590,9590,95.9,95.9,95.9,95.9,0,0.0,0.0,0,0,,0.0,0.0,
2017,perfumery,6782d593f63105318f46bbf7633279bf,perfumery,6782d593f63105318f46bbf7633279bf,仅5月销售,2,0,5580,0,55.8,0.0,27.9,,-5580,-55.8,-100.0,,,-5580,,,-55.8
2017,watches_gifts,67aff847e5cccbb062dde92b68122879,watches_gifts,67aff847e5cccbb062dde92b68122879,仅6月销售,0,1,0,59990,0.0,599.9,,599.9,59990,599.9,,,,59990,,,599.9
2017,fashion_bags_accessories,67b0d38a61d8e4c1c1df7d56276302aa,fashion_bags_accessories,67b0d38a61d8e4c1c1df7d56276302aa,两月均有销量,1,1,5990,5990,59.9,59.9,59.9,59.9,0,0.0,0.0,0,0,,0.0,0.0,
2017,housewares,67bea89008edcb996cfe4e3d062b62a8,housewares,67bea89008edcb996cfe4e3d062b62a8,仅5月销售,1,0,4699,0,46.99,0.0,46.99,,-4699,-46.99,-100.0,,,-4699,,,-46.99
2017,home_appliances_2,67d9cf5b0dc7a0b9fb091efc68b14140,home_appliances_2,67d9cf5b0dc7a0b9fb091efc68b14140,仅6月销售,0,2,0,53998,0.0,539.98,,269.99,53998,539.98,,,,53998,,,539.98
2017,housewares,6822e9990a24f2d91e680ce5cf1731cd,housewares,6822e9990a24f2d91e680ce5cf1731cd,仅5月销售,1,0,2499,0,24.99,0.0,24.99,,-2499,-24.99,-100.0,,,-2499,,,-24.99
2017,garden_tools,684083941cd33ec781a319a518f6ab96,garden_tools,684083941cd33ec781a319a518f6ab96,仅6月销售,0,1,0,1895,0.0,18.95,,18.95,1895,18.95,,,,1895,,,18.95
2017,bed_bath_table,6856ab01ef22301e08a45d5842ccb247,bed_bath_table,6856ab01ef22301e08a45d5842ccb247,仅5月销售,1,0,12990,0,129.9,0.0,129.9,,-12990,-129.9,-100.0,,,-12990,,,-129.9
2017,drinks,6859a88437bf429e4e50768ca79a2e9c,drinks,6859a88437bf429e4e50768ca79a2e9c,仅5月销售,1,0,9000,0,90.0,0.0,90.0,,-9000,-90.0,-100.0,,,-9000,,,-90.0
2017,auto,685eb31be05f115e9263add7796ad95b,auto,685eb31be05f115e9263add7796ad95b,仅6月销售,0,1,0,23700,0.0,237.0,,237.0,23700,237.0,,,,23700,,,237.0
2017,furniture_bedroom,687865b021641ba258e6967af27301ff,furniture_bedroom,687865b021641ba258e6967af27301ff,仅6月销售,0,1,0,8999,0.0,89.99,,89.99,8999,89.99,,,,8999,,,89.99
2017,sports_leisure,68821aa251c8715f0c4199f413511411,sports_leisure,68821aa251c8715f0c4199f413511411,仅5月销售,3,0,13500,0,135.0,0.0,45.0,,-13500,-135.0,-100.0,,,-13500,,,-135.0
2017,toys,689b01074243aeee72049c8da42d2e22,toys,689b01074243aeee72049c8da42d2e22,仅5月销售,2,0,13600,0,136.0,0.0,68.0,,-13600,-136.0,-100.0,,,-13600,,,-136.0
2017,office_furniture,68a058d125ba1544e726898f0b8c0523,office_furniture,68a058d125ba1544e726898f0b8c0523,仅5月销售,1,0,12999,0,129.99,0.0,129.99,,-12999,-129.99,-100.0,,,-12999,,,-129.99
2017,auto,68a61f99e823ef8b90bebd0161b95a0c,auto,68a61f99e823ef8b90bebd0161b95a0c,仅5月销售,1,0,8599,0,85.99,0.0,85.99,,-8599,-85.99,-100.0,,,-8599,,,-85.99
2017,bed_bath_table,68bf2e76db1d8e846042e54da87399ca,bed_bath_table,68bf2e76db1d8e846042e54da87399ca,两月均有销量,1,3,6990,20970,69.9,209.7,69.9,69.9,13980,139.8,200.0,13980,0,,139.8,0.0,
2017,stationery,68bf40b3abd5ffc25981c25df9ed9087,stationery,68bf40b3abd5ffc25981c25df9ed9087,仅5月销售,1,0,7500,0,75.0,0.0,75.0,,-7500,-75.0,-100.0,,,-7500,,,-75.0
2017,cool_stuff,68c923fddf7f83316b53252eaf830724,cool_stuff,68c923fddf7f83316b53252eaf830724,两月均有销量,2,4,13998,27996,139.98,279.96,69.99,69.99,13998,139.98,100.0,13998,0,,139.98,0.0,
2017,garden_tools,68db47d312d0b87e469762f0481d3b9c,garden_tools,68db47d312d0b87e469762f0481d3b9c,仅5月销售,1,0,17990,0,179.9,0.0,179.9,,-17990,-179.9,-100.0,,,-17990,,,-179.9
2017,office_furniture,68e6e8fd8c5f5b252b105d00daa9b57b,office_furniture,68e6e8fd8c5f5b252b105d00daa9b57b,仅5月销售,1,0,10999,0,109.99,0.0,109.99,,-10999,-109.99,-100.0,,,-10999,,,-109.99
2017,health_beauty,68f2b86d618f20c45d7a0db6db2cc664,health_beauty,68f2b86d618f20c45d7a0db6db2cc664,仅5月销售,1,0,5717,0,57.17,0.0,57.17,,-5717,-57.17,-100.0,,,-5717,,,-57.17
2017,bed_bath_table,68fd321167f27536e8c0b182d358f854,bed_bath_table,68fd321167f27536e8c0b182d358f854,仅6月销售,0,1,0,9490,0.0,94.9,,94.9,9490,94.9,,,,9490,,,94.9
2017,computers_accessories,68fe8893052a044100e60cd0c8c6b274,computers_accessories,68fe8893052a044100e60cd0c8c6b274,仅6月销售,0,1,0,75050,0.0,750.5,,750.5,75050,750.5,,,,75050,,,750.5
2017,bed_bath_table,690eb1f6541f9107b7cdb77fb461fe5f,bed_bath_table,690eb1f6541f9107b7cdb77fb461fe5f,仅5月销售,1,0,4490,0,44.9,0.0,44.9,,-4490,-44.9,-100.0,,,-4490,,,-44.9
2017,air_conditioning,691c322c9ee65a95651ef57d6b0875ad,air_conditioning,691c322c9ee65a95651ef57d6b0875ad,仅6月销售,0,1,0,15590,0.0,155.9,,155.9,15590,155.9,,,,15590,,,155.9
2017,furniture_decor,691f932fd9a1c168cbb5c579432de4fa,furniture_decor,691f932fd9a1c168cbb5c579432de4fa,仅5月销售,1,0,11900,0,119.0,0.0,119.0,,-11900,-119.0,-100.0,,,-11900,,,-119.0
2017,furniture_decor,693567e68c0e3d72dc3ae88159aeed6c,furniture_decor,693567e68c0e3d72dc3ae88159aeed6c,仅6月销售,0,1,0,4990,0.0,49.9,,49.9,4990,49.9,,,,4990,,,49.9
2017,luggage_accessories,693cf0e43d6a106df00fb14bd62d0d3c,luggage_accessories,693cf0e43d6a106df00fb14bd62d0d3c,仅5月销售,1,0,8490,0,84.9,0.0,84.9,,-8490,-84.9,-100.0,,,-8490,,,-84.9
2017,sports_leisure,694e58e56c74114ee0628c25f3f26f8c,sports_leisure,694e58e56c74114ee0628c25f3f26f8c,仅6月销售,0,2,0,10500,0.0,105.0,,52.5,10500,105.0,,,,10500,,,105.0
2017,auto,697b581688dd771021a47554cbff8f94,auto,697b581688dd771021a47554cbff8f94,仅6月销售,0,1,0,9800,0.0,98.0,,98.0,9800,98.0,,,,9800,,,98.0
2017,telephony,69898c1a5e170da88769a92f466dac8f,telephony,69898c1a5e170da88769a92f466dac8f,仅6月销售,0,1,0,4999,0.0,49.99,,49.99,4999,49.99,,,,4999,,,49.99
2017,fashion_bags_accessories,69ae89e3948c9332822d27357a23b014,fashion_bags_accessories,69ae89e3948c9332822d27357a23b014,仅5月销售,1,0,2499,0,24.99,0.0,24.99,,-2499,-24.99,-100.0,,,-2499,,,-24.99
2017,perfumery,69f58c765fe75f61f1b098a6d0b0943e,perfumery,69f58c765fe75f61f1b098a6d0b0943e,仅5月销售,1,0,6990,0,69.9,0.0,69.9,,-6990,-69.9,-100.0,,,-6990,,,-69.9
2017,bed_bath_table,6a0713a63e990052795623e76cc2995e,bed_bath_table,6a0713a63e990052795623e76cc2995e,仅5月销售,2,0,14580,0,145.8,0.0,72.9,,-14580,-145.8,-100.0,,,-14580,,,-145.8
2017,office_furniture,6a23c2eb9acc78f8ec403be9c6210dd4,office_furniture,6a23c2eb9acc78f8ec403be9c6210dd4,仅6月销售,0,1,0,12994,0.0,129.94,,129.94,12994,129.94,,,,12994,,,129.94
2017,bed_bath_table,6a73bd4563b3f205e24c101f9a3c0d14,bed_bath_table,6a73bd4563b3f205e24c101f9a3c0d14,仅5月销售,1,0,2590,0,25.9,0.0,25.9,,-2590,-25.9,-100.0,,,-2590,,,-25.9
2017,sports_leisure,6ab41d7f15e7af9d6c7cd912055acc1a,sports_leisure,6ab41d7f15e7af9d6c7cd912055acc1a,仅5月销售,1,0,11999,0,119.99,0.0,119.99,,-11999,-119.99,-100.0,,,-11999,,,-119.99
2017,garden_tools,6ae38d49db7fc65ad1779828542aecba,garden_tools,6ae38d49db7fc65ad1779828542aecba,仅5月销售,6,0,132400,0,1324.0,0.0,220.66666666666669,,-132400,-1324.0,-100.0,,,-132400,,,-1324.0
2017,toys,6af5a2183cea4408f4292dd86be5f667,toys,6af5a2183cea4408f4292dd86be5f667,仅6月销售,0,1,0,3290,0.0,32.9,,32.9,3290,32.9,,,,3290,,,32.9
2017,furniture_decor,6b20221ff09d73c64c77d9d934b9904c,furniture_decor,6b20221ff09d73c64c77d9d934b9904c,仅6月销售,0,1,0,5900,0.0,59.0,,59.0,5900,59.0,,,,5900,,,59.0
2017,computers_accessories,6b61c9889ff5ea54a786b54fff36251f,computers_accessories,6b61c9889ff5ea54a786b54fff36251f,仅6月销售,0,4,0,7000,0.0,70.0,,17.5,7000,70.0,,,,7000,,,70.0
2017,fixed_telephony,6b75ce117b8fcc75289cb6cbe589de6c,fixed_telephony,6b75ce117b8fcc75289cb6cbe589de6c,仅6月销售,0,1,0,20050,0.0,200.5,,200.5,20050,200.5,,,,20050,,,200.5
2017,cool_stuff,6b7739f782cb37f71cc80e8151ebd6ac,cool_stuff,6b7739f782cb37f71cc80e8151ebd6ac,仅5月销售,4,0,7960,0,79.6,0.0,19.9,,-7960,-79.6,-100.0,,,-7960,,,-79.6
2017,(unknown),6b7879a37ac2dbe5289a16706e859870,(unknown),6b7879a37ac2dbe5289a16706e859870,仅6月销售,0,1,0,1790,0.0,17.9,,17.9,1790,17.9,,,,1790,,,17.9
2017,watches_gifts,6ba807133a1b2747a01375d7417614e9,watches_gifts,6ba807133a1b2747a01375d7417614e9,仅5月销售,1,0,68900,0,689.0,0.0,689.0,,-68900,-689.0,-100.0,,,-68900,,,-689.0
2017,watches_gifts,6baa004ae73ded1fcdf0e1f153bddf20,watches_gifts,6baa004ae73ded1fcdf0e1f153bddf20,仅6月销售,0,1,0,4800,0.0,48.0,,48.0,4800,48.0,,,,4800,,,48.0
2017,garden_tools,6badcb10ad09ebf25ab2e97fc1b95b1b,garden_tools,6badcb10ad09ebf25ab2e97fc1b95b1b,仅6月销售,0,1,0,23990,0.0,239.9,,239.9,23990,239.9,,,,23990,,,239.9
2017,sports_leisure,6bb50785f82871dde37ed1666da54bf3,sports_leisure,6bb50785f82871dde37ed1666da54bf3,仅5月销售,2,0,7980,0,79.8,0.0,39.9,,-7980,-79.8,-100.0,,,-7980,,,-79.8
2017,tablets_printing_image,6bbe55cf8f85c87b6eebb775a53402f4,tablets_printing_image,6bbe55cf8f85c87b6eebb775a53402f4,两月均有销量,3,4,29700,39600,297.0,396.0,99.0,99.0,9900,99.0,33.333333333333336,9900,0,,99.0,0.0,
2017,watches_gifts,6bc9ae87edf6ad4063076624b8ad0268,watches_gifts,6bc9ae87edf6ad4063076624b8ad0268,仅5月销售,1,0,167200,0,1672.0,0.0,1672.0,,-167200,-1672.0,-100.0,,,-167200,,,-1672.0
2017,stationery,6bd248f93425ceeb625a8a97e2404112,stationery,6bd248f93425ceeb625a8a97e2404112,仅6月销售,0,3,0,17670,0.0,176.7,,58.9,17670,176.7,,,,17670,,,176.7
2017,home_construction,6bd4d02c882f26ee1a4a2d037935382b,home_construction,6bd4d02c882f26ee1a4a2d037935382b,仅5月销售,1,0,2790,0,27.9,0.0,27.9,,-2790,-27.9,-100.0,,,-2790,,,-27.9
2017,sports_leisure,6bd90496e4292446cceb64b93d7dbf81,sports_leisure,6bd90496e4292446cceb64b93d7dbf81,仅6月销售,0,1,0,1533,0.0,15.33,,15.33,1533,15.33,,,,1533,,,15.33
2017,housewares,6c0d0bb889a282484443de64903f88ac,housewares,6c0d0bb889a282484443de64903f88ac,仅5月销售,1,0,2850,0,28.5,0.0,28.5,,-2850,-28.5,-100.0,,,-2850,,,-28.5
2017,consoles_games,6c218bf529c9e530688aa90a12f76c92,consoles_games,6c218bf529c9e530688aa90a12f76c92,仅5月销售,1,0,6990,0,69.9,0.0,69.9,,-6990,-69.9,-100.0,,,-6990,,,-69.9
2017,bed_bath_table,6c273bcb49e4c78e0de3043e5efe81f9,bed_bath_table,6c273bcb49e4c78e0de3043e5efe81f9,仅5月销售,2,0,5380,0,53.8,0.0,26.9,,-5380,-53.8,-100.0,,,-5380,,,-53.8
2017,telephony,6c2fe5434c020b8dbca31fc36b64a2d1,telephony,6c2fe5434c020b8dbca31fc36b64a2d1,两月均有销量,1,2,1599,3198,15.99,31.98,15.99,15.99,1599,15.99,100.0,1599,0,,15.99,0.0,
2017,small_appliances,6c34d241bbd85d693f1fee6a4b8a8e2b,small_appliances,6c34d241bbd85d693f1fee6a4b8a8e2b,两月均有销量,2,2,169000,169000,1690.0,1690.0,845.0,845.0,0,0.0,0.0,0,0,,0.0,0.0,
2017,fashion_bags_accessories,6c3b767b9dd49eccec4ecc63d584f89a,fashion_bags_accessories,6c3b767b9dd49eccec4ecc63d584f89a,仅6月销售,0,1,0,37900,0.0,379.0,,379.0,37900,379.0,,,,37900,,,379.0
2017,sports_leisure,6c4d1dce076249f2314ac8f3fc3cc7d1,sports_leisure,6c4d1dce076249f2314ac8f3fc3cc7d1,仅5月销售,1,0,8500,0,85.0,0.0,85.0,,-8500,-85.0,-100.0,,,-8500,,,-85.0
2017,watches_gifts,6c55ba2343f9df32c7f88a468352ff22,watches_gifts,6c55ba2343f9df32c7f88a468352ff22,仅6月销售,0,1,0,2900,0.0,29.0,,29.0,2900,29.0,,,,2900,,,29.0
2017,computers_accessories,6c56299e19ae706d1907a4b19162435e,computers_accessories,6c56299e19ae706d1907a4b19162435e,仅6月销售,0,1,0,2790,0.0,27.9,,27.9,2790,27.9,,,,2790,,,27.9
2017,health_beauty,6c712952b8ef62f8d06a0314917400c8,health_beauty,6c712952b8ef62f8d06a0314917400c8,仅5月销售,1,0,12600,0,126.0,0.0,126.0,,-12600,-126.0,-100.0,,,-12600,,,-126.0
2017,fashion_bags_accessories,6c784e2ed24a972a024321ea3a4ab88e,fashion_bags_accessories,6c784e2ed24a972a024321ea3a4ab88e,仅6月销售,0,1,0,3990,0.0,39.9,,39.9,3990,39.9,,,,3990,,,39.9
2017,fashion_bags_accessories,6c81db10f914c4d032b14fa93aa0a818,fashion_bags_accessories,6c81db10f914c4d032b14fa93aa0a818,仅5月销售,3,0,7497,0,74.97,0.0,24.99,,-7497,-74.97,-100.0,,,-7497,,,-74.97
2017,cool_stuff,6c951a66dffc261311c2acc0bf0ff2fe,cool_stuff,6c951a66dffc261311c2acc0bf0ff2fe,仅6月销售,0,1,0,7810,0.0,78.1,,78.1,7810,78.1,,,,7810,,,78.1
2017,perfumery,6cbd4637b69fff7d983bb1a757febf71,perfumery,6cbd4637b69fff7d983bb1a757febf71,仅5月销售,1,0,35649,0,356.49,0.0,356.49,,-35649,-356.49,-100.0,,,-35649,,,-356.49
2017,fashion_bags_accessories,6cc58e27cae22a37b784841f0e4fb647,fashion_bags_accessories,6cc58e27cae22a37b784841f0e4fb647,仅5月销售,1,0,2499,0,24.99,0.0,24.99,,-2499,-24.99,-100.0,,,-2499,,,-24.99
2017,fashion_bags_accessories,6ccbeb9656e37cb5fd5086f838762471,fashion_bags_accessories,6ccbeb9656e37cb5fd5086f838762471,仅5月销售,1,0,2490,0,24.9,0.0,24.9,,-2490,-24.9,-100.0,,,-2490,,,-24.9
2017,health_beauty,6cdd53843498f92890544667809f1595,health_beauty,6cdd53843498f92890544667809f1595,两月均有销量,4,2,139960,69980,1399.6,699.8,349.9,349.9,-69980,-699.8,-50.0,-69980,0,,-699.8,0.0,
2017,telephony,6cfe89ec0814c1a570172b0916b102a8,telephony,6cfe89ec0814c1a570172b0916b102a8,仅6月销售,0,1,0,5190,0.0,51.9,,51.9,5190,51.9,,,,5190,,,51.9
2017,market_place,6d01fb6c593d9afd887262570b656f9e,market_place,6d01fb6c593d9afd887262570b656f9e,仅5月销售,1,0,18999,0,189.99,0.0,189.99,,-18999,-189.99,-100.0,,,-18999,,,-189.99
2017,bed_bath_table,6d1a636d0dfad7437edea256c20c8c79,bed_bath_table,6d1a636d0dfad7437edea256c20c8c79,仅6月销售,0,1,0,19990,0.0,199.9,,199.9,19990,199.9,,,,19990,,,199.9
2017,telephony,6d2c812450dd02b2f87495af63f9b709,telephony,6d2c812450dd02b2f87495af63f9b709,仅5月销售,1,0,2699,0,26.99,0.0,26.99,,-2699,-26.99,-100.0,,,-2699,,,-26.99
2017,computers_accessories,6d2fde7d12bb6ff367dbda120ba8828e,computers_accessories,6d2fde7d12bb6ff367dbda120ba8828e,两月均有销量,5,3,11000,6600,110.0,66.0,22.0,22.0,-4400,-44.0,-40.0,-4400,0,,-44.0,0.0,
2017,toys,6d6fb3617bb1e64626e29d95ff678d1e,toys,6d6fb3617bb1e64626e29d95ff678d1e,仅5月销售,1,0,9490,0,94.9,0.0,94.9,,-9490,-94.9,-100.0,,,-9490,,,-94.9
2017,fashio_female_clothing,6d8e78c479334cba03552e61a97eca2e,fashio_female_clothing,6d8e78c479334cba03552e61a97eca2e,仅5月销售,1,0,14990,0,149.9,0.0,149.9,,-14990,-149.9,-100.0,,,-14990,,,-149.9
2017,electronics,6de8bea41c968204fa93e4c2016d1bbb,electronics,6de8bea41c968204fa93e4c2016d1bbb,两月均有销量,1,1,23900,23900,239.0,239.0,239.0,239.0,0,0.0,0.0,0,0,,0.0,0.0,
2017,baby,6df3e292ba834323d4d8164d4c88e698,baby,6df3e292ba834323d4d8164d4c88e698,仅6月销售,0,1,0,999,0.0,9.99,,9.99,999,9.99,,,,999,,,9.99
2017,bed_bath_table,6dfe5ffea29ecbbe138a4066b5ebec9b,bed_bath_table,6dfe5ffea29ecbbe138a4066b5ebec9b,仅5月销售,1,0,7990,0,79.9,0.0,79.9,,-7990,-79.9,-100.0,,,-7990,,,-79.9
2017,cool_stuff,6e1b14d3cbb5fb3a2c00351007127dfd,cool_stuff,6e1b14d3cbb5fb3a2c00351007127dfd,两月均有销量,2,2,44998,45998,449.98,459.98,224.99,229.99,1000,10.0,2.2223209920440907,0,1000,,0.0,10.0,
2017,cool_stuff,6e1e8b68a310487ba64941be76e630ba,cool_stuff,6e1e8b68a310487ba64941be76e630ba,仅5月销售,1,0,4590,0,45.9,0.0,45.9,,-4590,-45.9,-100.0,,,-4590,,,-45.9
2017,watches_gifts,6e2d41323c4b6d240b530b9e68e83de1,watches_gifts,6e2d41323c4b6d240b530b9e68e83de1,仅6月销售,0,1,0,80214,0.0,802.14,,802.14,80214,802.14,,,,80214,,,802.14
2017,garden_tools,6e40985ec667ded54668d2b70a7aa0a2,garden_tools,6e40985ec667ded54668d2b70a7aa0a2,仅6月销售,0,2,0,7980,0.0,79.8,,39.9,7980,79.8,,,,7980,,,79.8
2017,pet_shop,6e5505d60c1782977e099a8c0339a7b5,pet_shop,6e5505d60c1782977e099a8c0339a7b5,仅6月销售,0,1,0,12378,0.0,123.78,,123.78,12378,123.78,,,,12378,,,123.78
2017,luggage_accessories,6e59a5107a6102148b438cb33d5a2529,luggage_accessories,6e59a5107a6102148b438cb33d5a2529,两月均有销量,2,1,21980,10990,219.8,109.9,109.9,109.9,-10990,-109.9,-50.0,-10990,0,,-109.9,0.0,
2017,bed_bath_table,6e6871e43a893c9ae57beb404ec02067,bed_bath_table,6e6871e43a893c9ae57beb404ec02067,仅5月销售,3,0,17550,0,175.5,0.0,58.5,,-17550,-175.5,-100.0,,,-17550,,,-175.5
2017,toys,6e69b019a5ce263335eacafaa68ffeba,toys,6e69b019a5ce263335eacafaa68ffeba,仅5月销售,1,0,5880,0,58.8,0.0,58.8,,-5880,-58.8,-100.0,,,-5880,,,-58.8
2017,baby,6e8d2a5a16437217f5ad2706ce6550b3,baby,6e8d2a5a16437217f5ad2706ce6550b3,仅5月销售,1,0,5990,0,59.9,0.0,59.9,,-5990,-59.9,-100.0,,,-5990,,,-59.9
2017,electronics,6e9f9e5e78ff92b0c7ea485b416682b0,electronics,6e9f9e5e78ff92b0c7ea485b416682b0,仅6月销售,0,1,0,12990,0.0,129.9,,129.9,12990,129.9,,,,12990,,,129.9
2017,bed_bath_table,6eb6618376baf873225738ce4fe760ac,bed_bath_table,6eb6618376baf873225738ce4fe760ac,两月均有销量,5,1,17450,3490,174.5,34.9,34.9,34.9,-13960,-139.6,-80.0,-13960,0,,-139.6,0.0,
2017,perfumery,6eb6c5cb7df0f863538b61a47fcce962,perfumery,6eb6c5cb7df0f863538b61a47fcce962,两月均有销量,6,4,83940,55960,839.4,559.6,139.9,139.9,-27980,-279.8,-33.333333333333336,-27980,0,,-279.8,0.0,
2017,bed_bath_table,6ebdbcab1f0dc7e1d3ecb01c1b140ade,bed_bath_table,6ebdbcab1f0dc7e1d3ecb01c1b140ade,仅6月销售,0,1,0,7990,0.0,79.9,,79.9,7990,79.9,,,,7990,,,79.9
2017,furniture_decor,6ec26071510e1cf38d6988f473f8d7a5,furniture_decor,6ec26071510e1cf38d6988f473f8d7a5,仅5月销售,1,0,6990,0,69.9,0.0,69.9,,-6990,-69.9,-100.0,,,-6990,,,-69.9
2017,housewares,6edaba24cba3dd6d13058f286c80915e,housewares,6edaba24cba3dd6d13058f286c80915e,仅5月销售,2,0,5280,0,52.8,0.0,26.4,,-5280,-52.8,-100.0,,,-5280,,,-52.8
2017,sports_leisure,6edf191bc69fa313660424f725f82041,sports_leisure,6edf191bc69fa313660424f725f82041,仅6月销售,0,1,0,13800,0.0,138.0,,138.0,13800,138.0,,,,13800,,,138.0
2017,furniture_decor,6ee7217ab647f3c2b4a5161c75cadab3,furniture_decor,6ee7217ab647f3c2b4a5161c75cadab3,仅6月销售,0,11,0,9790,0.0,97.9,,8.9,9790,97.9,,,,9790,,,97.9
2017,health_beauty,6f2a4da2fb20abf7cfb17f4ccdba0fdb,health_beauty,6f2a4da2fb20abf7cfb17f4ccdba0fdb,仅5月销售,1,0,27890,0,278.9,0.0,278.9,,-27890,-278.9,-100.0,,,-27890,,,-278.9
2017,furniture_decor,6f2e4f2d177e72372b1e48c76b21a7b9,furniture_decor,6f2e4f2d177e72372b1e48c76b21a7b9,仅6月销售,0,1,0,15990,0.0,159.9,,159.9,15990,159.9,,,,15990,,,159.9
2017,toys,6f33a4a09ae1180a0ee1ff4682b2d21f,toys,6f33a4a09ae1180a0ee1ff4682b2d21f,两月均有销量,1,1,13999,13999,139.99,139.99,139.99,139.99,0,0.0,0.0,0,0,,0.0,0.0,
2017,furniture_living_room,6f3871fea8efb6b35523237acd177012,furniture_living_room,6f3871fea8efb6b35523237acd177012,仅6月销售,0,1,0,29580,0.0,295.8,,295.8,29580,295.8,,,,29580,,,295.8
2017,pet_shop,6f544a62e85efa4d7a5e135482b31d79,pet_shop,6f544a62e85efa4d7a5e135482b31d79,仅5月销售,1,0,11890,0,118.9,0.0,118.9,,-11890,-118.9,-100.0,,,-11890,,,-118.9
2017,housewares,6f657bbc44514ab511c65b891301208d,housewares,6f657bbc44514ab511c65b891301208d,仅5月销售,1,0,7600,0,76.0,0.0,76.0,,-7600,-76.0,-100.0,,,-7600,,,-76.0
2017,furniture_decor,6f79d50d852c044e3f7f0954d13aeacf,furniture_decor,6f79d50d852c044e3f7f0954d13aeacf,仅6月销售,0,1,0,11990,0.0,119.9,,119.9,11990,119.9,,,,11990,,,119.9
2017,furniture_decor,6f8c25b3c340c81759238ef485d78f23,furniture_decor,6f8c25b3c340c81759238ef485d78f23,仅6月销售,0,1,0,4500,0.0,45.0,,45.0,4500,45.0,,,,4500,,,45.0
2017,garden_tools,6fb42788c5ef9affaa2fec30ca8b6053,garden_tools,6fb42788c5ef9affaa2fec30ca8b6053,仅6月销售,0,1,0,1617,0.0,16.17,,16.17,1617,16.17,,,,1617,,,16.17
2017,housewares,6fcabf3ae89dbc8a1c2b13d3d311bc35,housewares,6fcabf3ae89dbc8a1c2b13d3d311bc35,仅5月销售,1,0,790,0,7.9,0.0,7.9,,-790,-7.9,-100.0,,,-790,,,-7.9
2017,furniture_decor,6feea907f9f949ce09d7d8ed626fd89a,furniture_decor,6feea907f9f949ce09d7d8ed626fd89a,仅6月销售,0,1,0,5490,0.0,54.9,,54.9,5490,54.9,,,,5490,,,54.9
2017,toys,6feecc05ee0c88b6194450c8a580629b,toys,6feecc05ee0c88b6194450c8a580629b,仅5月销售,1,0,13990,0,139.9,0.0,139.9,,-13990,-139.9,-100.0,,,-13990,,,-139.9
2017,fashion_sport,700a315aa104dcf3ea345a850f746ec1,fashion_sport,700a315aa104dcf3ea345a850f746ec1,仅6月销售,0,1,0,18090,0.0,180.9,,180.9,18090,180.9,,,,18090,,,180.9
2017,watches_gifts,700ff1308acc55817d35727a03397c3c,watches_gifts,700ff1308acc55817d35727a03397c3c,仅5月销售,1,0,6698,0,66.98,0.0,66.98,,-6698,-66.98,-100.0,,,-6698,,,-66.98
2017,furniture_decor,701cfdaf6cb0e11a4200ec31fab1997e,furniture_decor,701cfdaf6cb0e11a4200ec31fab1997e,两月均有销量,1,1,8490,8490,84.9,84.9,84.9,84.9,0,0.0,0.0,0,0,,0.0,0.0,
2017,(unknown),704a6d9f35e39b53c509c886045329ef,(unknown),704a6d9f35e39b53c509c886045329ef,仅5月销售,1,0,3400,0,34.0,0.0,34.0,,-3400,-34.0,-100.0,,,-3400,,,-34.0
2017,computers_accessories,70ad1cce006c26381f72387a1cdb2bf6,computers_accessories,70ad1cce006c26381f72387a1cdb2bf6,仅6月销售,0,1,0,12389,0.0,123.89,,123.89,12389,123.89,,,,12389,,,123.89
2017,perfumery,70b04b1d699a19d1b0aed994d64d13f9,perfumery,70b04b1d699a19d1b0aed994d64d13f9,仅6月销售,0,2,0,49800,0.0,498.0,,249.0,49800,498.0,,,,49800,,,498.0
2017,dvds_blu_ray,70bb7d3170b6c24d2f80415d99bb8001,dvds_blu_ray,70bb7d3170b6c24d2f80415d99bb8001,仅6月销售,0,1,0,6999,0.0,69.99,,69.99,6999,69.99,,,,6999,,,69.99
2017,housewares,70c045e016db654c9c8fd04c4ce334c1,housewares,70c045e016db654c9c8fd04c4ce334c1,仅5月销售,1,0,3920,0,39.2,0.0,39.2,,-3920,-39.2,-100.0,,,-3920,,,-39.2
2017,bed_bath_table,70c88258b8fd97e776fb7f57022427bc,bed_bath_table,70c88258b8fd97e776fb7f57022427bc,仅6月销售,0,1,0,17990,0.0,179.9,,179.9,17990,179.9,,,,17990,,,179.9
2017,toys,70d01ae15a5d5ee38388b90c0470d9b0,toys,70d01ae15a5d5ee38388b90c0470d9b0,两月均有销量,6,1,53994,8999,539.94,89.99,89.99,89.99,-44995,-449.95,-83.33333333333333,-44995,0,,-449.95,0.0,
2017,toys,70d17ed46123e5b68dff23e113415d5a,toys,70d17ed46123e5b68dff23e113415d5a,仅6月销售,0,1,0,5490,0.0,54.9,,54.9,5490,54.9,,,,5490,,,54.9
2017,fashion_bags_accessories,70de7f927d3615d94199abf14387491f,fashion_bags_accessories,70de7f927d3615d94199abf14387491f,仅5月销售,1,0,3500,0,35.0,0.0,35.0,,-3500,-35.0,-100.0,,,-3500,,,-35.0
2017,computers_accessories,70ecfc40193a5327e6921986e6484fab,computers_accessories,70ecfc40193a5327e6921986e6484fab,仅5月销售,1,0,26900,0,269.0,0.0,269.0,,-26900,-269.0,-100.0,,,-26900,,,-269.0
2017,health_beauty,71040c7f50609abf6865f4429f8b1035,health_beauty,71040c7f50609abf6865f4429f8b1035,两月均有销量,1,1,16990,16990,169.9,169.9,169.9,169.9,0,0.0,0.0,0,0,,0.0,0.0,
2017,watches_gifts,710e89a75e7f980a83c21d9f884ae13a,watches_gifts,710e89a75e7f980a83c21d9f884ae13a,仅6月销售,0,1,0,14900,0.0,149.0,,149.0,14900,149.0,,,,14900,,,149.0
2017,telephony,711032db75fae9c76c17020aa359a99d,telephony,711032db75fae9c76c17020aa359a99d,仅6月销售,0,1,0,21999,0.0,219.99,,219.99,21999,219.99,,,,21999,,,219.99
2017,pet_shop,7166b2d3c09b93e04279029b28c498e4,pet_shop,7166b2d3c09b93e04279029b28c498e4,仅5月销售,1,0,8950,0,89.5,0.0,89.5,,-8950,-89.5,-100.0,,,-8950,,,-89.5
2017,(unknown),7167af17015615b513d5b429758969a2,(unknown),7167af17015615b513d5b429758969a2,仅5月销售,1,0,24499,0,244.99,0.0,244.99,,-24499,-244.99,-100.0,,,-24499,,,-244.99
2017,fashion_male_clothing,716854aa9d670cabfec04c7eeddd85b8,fashion_male_clothing,716854aa9d670cabfec04c7eeddd85b8,仅6月销售,0,1,0,4990,0.0,49.9,,49.9,4990,49.9,,,,4990,,,49.9
2017,health_beauty,717ce88f14ebb225f2c395c8c41cde09,health_beauty,717ce88f14ebb225f2c395c8c41cde09,仅5月销售,1,0,2750,0,27.5,0.0,27.5,,-2750,-27.5,-100.0,,,-2750,,,-27.5
2017,stationery,719209778e234849fba1ae72146ec2f3,stationery,719209778e234849fba1ae72146ec2f3,仅5月销售,1,0,6900,0,69.0,0.0,69.0,,-6900,-69.0,-100.0,,,-6900,,,-69.0
2017,baby,7192b9106c527efa0a6201bfe26ad753,baby,7192b9106c527efa0a6201bfe26ad753,仅5月销售,1,0,9799,0,97.99,0.0,97.99,,-9799,-97.99,-100.0,,,-9799,,,-97.99
2017,costruction_tools_garden,71a7800a633691de8ecdd17463335e2e,costruction_tools_garden,71a7800a633691de8ecdd17463335e2e,仅5月销售,2,0,11980,0,119.8,0.0,59.9,,-11980,-119.8,-100.0,,,-11980,,,-119.8
2017,furniture_decor,71b3b750619385c825054d16cd9584d0,furniture_decor,71b3b750619385c825054d16cd9584d0,仅6月销售,0,1,0,11990,0.0,119.9,,119.9,11990,119.9,,,,11990,,,119.9
2017,bed_bath_table,71bd53a5303fc543fd563e913eb586cb,bed_bath_table,71bd53a5303fc543fd563e913eb586cb,仅5月销售,1,0,4099,0,40.99,0.0,40.99,,-4099,-40.99,-100.0,,,-4099,,,-40.99
2017,furniture_decor,71ca28a845714b71b378d81e93f0b183,furniture_decor,71ca28a845714b71b378d81e93f0b183,仅5月销售,1,0,29900,0,299.0,0.0,299.0,,-29900,-299.0,-100.0,,,-29900,,,-299.0
2017,consoles_games,71f5cad782714ec5d61a1bfa34543403,consoles_games,71f5cad782714ec5d61a1bfa34543403,仅6月销售,0,1,0,9900,0.0,99.0,,99.0,9900,99.0,,,,9900,,,99.0
2017,fashion_shoes,71fa3ded050dac9c89b71383bbe4df76,fashion_shoes,71fa3ded050dac9c89b71383bbe4df76,两月均有销量,1,1,3590,3590,35.9,35.9,35.9,35.9,0,0.0,0.0,0,0,,0.0,0.0,
2017,furniture_decor,72051794ce762053e191b35035073fd6,furniture_decor,72051794ce762053e191b35035073fd6,仅6月销售,0,4,0,11596,0.0,115.96,,28.99,11596,115.96,,,,11596,,,115.96
2017,perfumery,72076d150be0b5c03bbff0c07cedeec2,perfumery,72076d150be0b5c03bbff0c07cedeec2,仅6月销售,0,1,0,32950,0.0,329.5,,329.5,32950,329.5,,,,32950,,,329.5
2017,sports_leisure,72172e982e8b92155069e4201c92c0bb,sports_leisure,72172e982e8b92155069e4201c92c0bb,两月均有销量,7,5,19555,13975,195.55,139.75,27.935714285714283,27.95,-5580,-55.8,-28.5349015597034,-5589,9,,-55.89,0.09,
2017,health_beauty,722dc14e0848efdb771dca6de2929c41,health_beauty,722dc14e0848efdb771dca6de2929c41,两月均有销量,1,1,7900,7900,79.0,79.0,79.0,79.0,0,0.0,0.0,0,0,,0.0,0.0,
2017,housewares,72348c2ae355b4d8c6680ca93a8e263a,housewares,72348c2ae355b4d8c6680ca93a8e263a,仅5月销售,1,0,15600,0,156.0,0.0,156.0,,-15600,-156.0,-100.0,,,-15600,,,-156.0
2017,housewares,7239a6e2e573d13f4a62f90868e40264,housewares,7239a6e2e573d13f4a62f90868e40264,仅5月销售,1,0,11990,0,119.9,0.0,119.9,,-11990,-119.9,-100.0,,,-11990,,,-119.9
2017,cool_stuff,725cbfcaff95a4d43742fdf13cf43c75,cool_stuff,725cbfcaff95a4d43742fdf13cf43c75,两月均有销量,4,1,15960,4990,159.6,49.9,39.9,49.9,-10970,-109.7,-68.734335839599,-13470,2500,,-134.7,25.0,
2017,toys,72694fe9c1f7243e42bcf77c9513c6a7,toys,72694fe9c1f7243e42bcf77c9513c6a7,仅6月销售,0,1,0,9490,0.0,94.9,,94.9,9490,94.9,,,,9490,,,94.9
2017,bed_bath_table,726d7fdfe0fa5d6f13f13c47ddf88d8b,bed_bath_table,726d7fdfe0fa5d6f13f13c47ddf88d8b,仅6月销售,0,1,0,3999,0.0,39.99,,39.99,3999,39.99,,,,3999,,,39.99
2017,(unknown),7285e977b36a2243203636b240772c5e,(unknown),7285e977b36a2243203636b240772c5e,仅5月销售,1,0,3499,0,34.99,0.0,34.99,,-3499,-34.99,-100.0,,,-3499,,,-34.99
2017,consoles_games,72a137b85d5a1d82cde242493f118f43,consoles_games,72a137b85d5a1d82cde242493f118f43,仅5月销售,7,0,21683,0,216.83,0.0,30.975714285714286,,-21683,-216.83,-100.0,,,-21683,,,-216.83
2017,housewares,72a26085dd4fbd27f7206188081008d9,housewares,72a26085dd4fbd27f7206188081008d9,仅6月销售,0,1,0,7300,0.0,73.0,,73.0,7300,73.0,,,,7300,,,73.0
2017,health_beauty,72aa1e49a803b462fd0a83071c894e7b,health_beauty,72aa1e49a803b462fd0a83071c894e7b,仅5月销售,2,0,33180,0,331.8,0.0,165.9,,-33180,-331.8,-100.0,,,-33180,,,-331.8
2017,furniture_decor,72d4a1fccf33a998eb237a97be04c032,furniture_decor,72d4a1fccf33a998eb237a97be04c032,仅6月销售,0,1,0,6899,0.0,68.99,,68.99,6899,68.99,,,,6899,,,68.99
2017,sports_leisure,72dd1eeff415bc31b58e99cca0a83e23,sports_leisure,72dd1eeff415bc31b58e99cca0a83e23,仅5月销售,1,0,6125,0,61.25,0.0,61.25,,-6125,-61.25,-100.0,,,-6125,,,-61.25
2017,bed_bath_table,72f50924c42f32d9a236b7602686a49f,bed_bath_table,72f50924c42f32d9a236b7602686a49f,仅6月销售,0,2,0,39980,0.0,399.8,,199.9,39980,399.8,,,,39980,,,399.8
2017,health_beauty,73026ce2daa69ea29901945b1f915846,health_beauty,73026ce2daa69ea29901945b1f915846,仅5月销售,1,0,8990,0,89.9,0.0,89.9,,-8990,-89.9,-100.0,,,-8990,,,-89.9
2017,health_beauty,73222f60270e03cf855759fa6594a2e1,health_beauty,73222f60270e03cf855759fa6594a2e1,仅6月销售,0,1,0,4280,0.0,42.8,,42.8,4280,42.8,,,,4280,,,42.8
2017,computers_accessories,73258e01fadbaf7648577beb152e1320,computers_accessories,73258e01fadbaf7648577beb152e1320,仅5月销售,1,0,3000,0,30.0,0.0,30.0,,-3000,-30.0,-100.0,,,-3000,,,-30.0
2017,bed_bath_table,7340a3839a1de1e99d149b8cf052a2ec,bed_bath_table,7340a3839a1de1e99d149b8cf052a2ec,两月均有销量,5,1,34950,6990,349.5,69.9,69.9,69.9,-27960,-279.6,-80.0,-27960,0,,-279.6,0.0,
2017,telephony,7344630ca6c1a4917e55f35c729baa7d,telephony,7344630ca6c1a4917e55f35c729baa7d,仅5月销售,4,0,6960,0,69.6,0.0,17.4,,-6960,-69.6,-100.0,,,-6960,,,-69.6
2017,furniture_decor,734b90405c30810d3c6d8029d503f4eb,furniture_decor,734b90405c30810d3c6d8029d503f4eb,仅5月销售,2,0,2598,0,25.98,0.0,12.99,,-2598,-25.98,-100.0,,,-2598,,,-25.98
2017,furniture_decor,734cb1ee54f5d7e96c0c9d9732a21721,furniture_decor,734cb1ee54f5d7e96c0c9d9732a21721,仅5月销售,1,0,4490,0,44.9,0.0,44.9,,-4490,-44.9,-100.0,,,-4490,,,-44.9
2017,furniture_decor,7353d65237c6a5d28f5781889cc58fee,furniture_decor,7353d65237c6a5d28f5781889cc58fee,仅5月销售,1,0,22490,0,224.9,0.0,224.9,,-22490,-224.9,-100.0,,,-22490,,,-224.9
2017,perfumery,73554174c2dccb01cade8d0ce976b791,perfumery,73554174c2dccb01cade8d0ce976b791,仅6月销售,0,2,0,37980,0.0,379.8,,189.9,37980,379.8,,,,37980,,,379.8
2017,bed_bath_table,736b01e650e996639d732e4aa356da84,bed_bath_table,736b01e650e996639d732e4aa356da84,仅5月销售,1,0,1899,0,18.99,0.0,18.99,,-1899,-18.99,-100.0,,,-1899,,,-18.99
2017,telephony,737c8b027476dde99e8075d3a0bbe28a,telephony,737c8b027476dde99e8075d3a0bbe28a,仅5月销售,2,0,6998,0,69.98,0.0,34.99,,-6998,-69.98,-100.0,,,-6998,,,-69.98
2017,health_beauty,738121d1a5b54545080cef01275446d8,health_beauty,738121d1a5b54545080cef01275446d8,仅5月销售,2,0,8380,0,83.8,0.0,41.9,,-8380,-83.8,-100.0,,,-8380,,,-83.8
2017,sports_leisure,73852ee3739732147010f2be732d597c,sports_leisure,73852ee3739732147010f2be732d597c,两月均有销量,1,1,11999,11999,119.99,119.99,119.99,119.99,0,0.0,0.0,0,0,,0.0,0.0,
2017,musical_instruments,738da8ddda2e593acfdc53c2d1520dfa,musical_instruments,738da8ddda2e593acfdc53c2d1520dfa,仅6月销售,0,3,0,19770,0.0,197.7,,65.9,19770,197.7,,,,19770,,,197.7
2017,furniture_decor,73b4a12b226263790a8726fac9f30b34,furniture_decor,73b4a12b226263790a8726fac9f30b34,仅5月销售,1,0,4699,0,46.99,0.0,46.99,,-4699,-46.99,-100.0,,,-4699,,,-46.99
2017,office_furniture,73bc42701d50d3c0673b38ea8fbe2e32,office_furniture,73bc42701d50d3c0673b38ea8fbe2e32,仅6月销售,0,3,0,78997,0.0,789.97,,263.3233333333333,78997,789.97,,,,78997,,,789.97
2017,watches_gifts,73bcea88583002fe12b7399af4ae60da,watches_gifts,73bcea88583002fe12b7399af4ae60da,仅5月销售,1,0,21191,0,211.91,0.0,211.91,,-21191,-211.91,-100.0,,,-21191,,,-211.91
2017,toys,73c32b5af96fecd16fed3efde88ea2c6,toys,73c32b5af96fecd16fed3efde88ea2c6,仅5月销售,1,0,4290,0,42.9,0.0,42.9,,-4290,-42.9,-100.0,,,-4290,,,-42.9
2017,(unknown),73c5d3186138770b5ae53055adf10ad9,(unknown),73c5d3186138770b5ae53055adf10ad9,仅5月销售,3,0,7470,0,74.7,0.0,24.9,,-7470,-74.7,-100.0,,,-7470,,,-74.7
2017,health_beauty,73db26ba1eb13dd2d0e1991a3ac6943b,health_beauty,73db26ba1eb13dd2d0e1991a3ac6943b,仅5月销售,1,0,23990,0,239.9,0.0,239.9,,-23990,-239.9,-100.0,,,-23990,,,-239.9
2017,furniture_decor,741a31499a578979be85db7f80139e62,furniture_decor,741a31499a578979be85db7f80139e62,仅6月销售,0,1,0,4590,0.0,45.9,,45.9,4590,45.9,,,,4590,,,45.9
2017,computers_accessories,74308f15a8dd46e8e66e8801b76625b0,computers_accessories,74308f15a8dd46e8e66e8801b76625b0,仅5月销售,1,0,26900,0,269.0,0.0,269.0,,-26900,-269.0,-100.0,,,-26900,,,-269.0
2017,bed_bath_table,744846f62c7ba12b43c59c5ff57782a7,bed_bath_table,744846f62c7ba12b43c59c5ff57782a7,仅6月销售,0,1,0,4000,0.0,40.0,,40.0,4000,40.0,,,,4000,,,40.0
2017,furniture_decor,74790a8acfbd4d1a9d5a81b7780fb24c,furniture_decor,74790a8acfbd4d1a9d5a81b7780fb24c,仅6月销售,0,1,0,17990,0.0,179.9,,179.9,17990,179.9,,,,17990,,,179.9
2017,sports_leisure,747956d76beb580b5f11373118fd489d,sports_leisure,747956d76beb580b5f11373118fd489d,仅5月销售,1,0,1490,0,14.9,0.0,14.9,,-1490,-14.9,-100.0,,,-1490,,,-14.9
2017,toys,748b719f4cbfdcb99cae90bf4bb16217,toys,748b719f4cbfdcb99cae90bf4bb16217,仅5月销售,2,0,18980,0,189.8,0.0,94.9,,-18980,-189.8,-100.0,,,-18980,,,-189.8
2017,health_beauty,748fec9ebeacfa6835fb4d6894c49869,health_beauty,748fec9ebeacfa6835fb4d6894c49869,仅6月销售,0,1,0,12990,0.0,129.9,,129.9,12990,129.9,,,,12990,,,129.9
2017,sports_leisure,749b3d3d1502db86961a08db43c6b57b,sports_leisure,749b3d3d1502db86961a08db43c6b57b,仅5月销售,1,0,7999,0,79.99,0.0,79.99,,-7999,-79.99,-100.0,,,-7999,,,-79.99
2017,furniture_decor,74b37d6e66e61aa0e4a79209aa28ccf2,furniture_decor,74b37d6e66e61aa0e4a79209aa28ccf2,仅6月销售,0,1,0,5990,0.0,59.9,,59.9,5990,59.9,,,,5990,,,59.9
2017,auto,74e5e7c0ad09d8fec4d30c75a70a7799,auto,74e5e7c0ad09d8fec4d30c75a70a7799,仅5月销售,1,0,6990,0,69.9,0.0,69.9,,-6990,-69.9,-100.0,,,-6990,,,-69.9
2017,housewares,74f100d8dd6df588c51132be07ff50f2,housewares,74f100d8dd6df588c51132be07ff50f2,仅6月销售,0,1,0,2690,0.0,26.9,,26.9,2690,26.9,,,,2690,,,26.9
2017,pet_shop,750d224957fab8388b6b2c7432c00e35,pet_shop,750d224957fab8388b6b2c7432c00e35,仅5月销售,1,0,2690,0,26.9,0.0,26.9,,-2690,-26.9,-100.0,,,-2690,,,-26.9
2017,computers_accessories,752cc72634eb0d850747733e9bd4b0b6,computers_accessories,752cc72634eb0d850747733e9bd4b0b6,仅6月销售,0,1,0,29813,0.0,298.13,,298.13,29813,298.13,,,,29813,,,298.13
2017,housewares,753d279facc7d9ca90f2e8bfb2bab052,housewares,753d279facc7d9ca90f2e8bfb2bab052,仅6月销售,0,1,0,5790,0.0,57.9,,57.9,5790,57.9,,,,5790,,,57.9
2017,fashion_bags_accessories,753de82a096285dc21658d87c4933771,fashion_bags_accessories,753de82a096285dc21658d87c4933771,仅5月销售,1,0,8999,0,89.99,0.0,89.99,,-8999,-89.99,-100.0,,,-8999,,,-89.99
2017,furniture_decor,754d489a7a6c5b5f63c6e1ea42f9125f,furniture_decor,754d489a7a6c5b5f63c6e1ea42f9125f,仅5月销售,1,0,5900,0,59.0,0.0,59.0,,-5900,-59.0,-100.0,,,-5900,,,-59.0
2017,health_beauty,757b6da408dc043a090dd89a90e8d4b9,health_beauty,757b6da408dc043a090dd89a90e8d4b9,两月均有销量,1,1,1899,1899,18.99,18.99,18.99,18.99,0,0.0,0.0,0,0,,0.0,0.0,
2017,auto,7594c5fa74bceda1c2540003533a6e02,auto,7594c5fa74bceda1c2540003533a6e02,仅5月销售,2,0,6580,0,65.8,0.0,32.9,,-6580,-65.8,-100.0,,,-6580,,,-65.8
2017,furniture_decor,759be9d8dec6d1622e7b0b8be27740fe,furniture_decor,759be9d8dec6d1622e7b0b8be27740fe,仅6月销售,0,1,0,5890,0.0,58.9,,58.9,5890,58.9,,,,5890,,,58.9
2017,housewares,759c85bda80286f647f1f71b847c6457,housewares,759c85bda80286f647f1f71b847c6457,仅5月销售,1,0,3590,0,35.9,0.0,35.9,,-3590,-35.9,-100.0,,,-3590,,,-35.9
2017,office_furniture,759d6e247dae636cc8e135f50052865e,office_furniture,759d6e247dae636cc8e135f50052865e,仅6月销售,0,1,0,15999,0.0,159.99,,159.99,15999,159.99,,,,15999,,,159.99
2017,bed_bath_table,75a47765c76d844336312e1fe832184e,bed_bath_table,75a47765c76d844336312e1fe832184e,仅6月销售,0,1,0,8336,0.0,83.36,,83.36,8336,83.36,,,,8336,,,83.36
2017,bed_bath_table,75b1325940492d3513fd4f50897b1bf9,bed_bath_table,75b1325940492d3513fd4f50897b1bf9,仅5月销售,1,0,5990,0,59.9,0.0,59.9,,-5990,-59.9,-100.0,,,-5990,,,-59.9
2017,costruction_tools_garden,75d19abe240aed387eba35756de2de9c,costruction_tools_garden,75d19abe240aed387eba35756de2de9c,仅6月销售,0,1,0,3999,0.0,39.99,,39.99,3999,39.99,,,,3999,,,39.99
2017,perfumery,75d6b6963340c6063f7f4cfcccfe6a30,perfumery,75d6b6963340c6063f7f4cfcccfe6a30,两月均有销量,4,8,22796,45592,227.96,455.92,56.99,56.99,22796,227.96,100.0,22796,0,,227.96,0.0,
2017,furniture_decor,75f32a954f5bb6bde77612be80c9293d,furniture_decor,75f32a954f5bb6bde77612be80c9293d,仅6月销售,0,2,0,19780,0.0,197.8,,98.9,19780,197.8,,,,19780,,,197.8
2017,stationery,7600ad0c8b6aec897862eb7944ae0856,stationery,7600ad0c8b6aec897862eb7944ae0856,仅5月销售,1,0,18900,0,189.0,0.0,189.0,,-18900,-189.0,-100.0,,,-18900,,,-189.0
2017,home_appliances,760bc344cfd2b318b8bf388fa995d3e4,home_appliances,760bc344cfd2b318b8bf388fa995d3e4,仅6月销售,0,1,0,15910,0.0,159.1,,159.1,15910,159.1,,,,15910,,,159.1
2017,pet_shop,7612378170dc7f2a3f9c0e3f57676e89,pet_shop,7612378170dc7f2a3f9c0e3f57676e89,仅5月销售,1,0,7999,0,79.99,0.0,79.99,,-7999,-79.99,-100.0,,,-7999,,,-79.99
2017,books_technical,761a7d7da15ca2d6f0aaf29e22bd1479,books_technical,761a7d7da15ca2d6f0aaf29e22bd1479,仅5月销售,1,0,8850,0,88.5,0.0,88.5,,-8850,-88.5,-100.0,,,-8850,,,-88.5
2017,housewares,763c99ba797c7d691e58bec3d42843bf,housewares,763c99ba797c7d691e58bec3d42843bf,仅5月销售,1,0,1999,0,19.99,0.0,19.99,,-1999,-19.99,-100.0,,,-1999,,,-19.99
2017,toys,7642ddbf174d9a97119510f56be6c201,toys,7642ddbf174d9a97119510f56be6c201,仅6月销售,0,1,0,27999,0.0,279.99,,279.99,27999,279.99,,,,27999,,,279.99
2017,telephony,766b2d2c334df279c3c6c7f138b9a38b,telephony,766b2d2c334df279c3c6c7f138b9a38b,仅5月销售,1,0,14999,0,149.99,0.0,149.99,,-14999,-149.99,-100.0,,,-14999,,,-149.99
2017,sports_leisure,766be6c33b2024c3e45a2a9bb706f718,sports_leisure,766be6c33b2024c3e45a2a9bb706f718,仅6月销售,0,1,0,59900,0.0,599.0,,599.0,59900,599.0,,,,59900,,,599.0
2017,toys,766c20fd8cd7e4184901b87f8b4391c3,toys,766c20fd8cd7e4184901b87f8b4391c3,仅5月销售,1,0,4550,0,45.5,0.0,45.5,,-4550,-45.5,-100.0,,,-4550,,,-45.5
2017,watches_gifts,7672caf32ffe6d56dfe58faf64a17c45,watches_gifts,7672caf32ffe6d56dfe58faf64a17c45,仅6月销售,0,1,0,110444,0.0,1104.44,,1104.44,110444,1104.44,,,,110444,,,1104.44
2017,baby,7686fe49c98ae1c537b5cc51992f5d20,baby,7686fe49c98ae1c537b5cc51992f5d20,仅5月销售,1,0,16433,0,164.33,0.0,164.33,,-16433,-164.33,-100.0,,,-16433,,,-164.33
2017,fashion_bags_accessories,768c95fff89078aabae036a2bb314d9a,fashion_bags_accessories,768c95fff89078aabae036a2bb314d9a,仅5月销售,1,0,7999,0,79.99,0.0,79.99,,-7999,-79.99,-100.0,,,-7999,,,-79.99
2017,home_appliances,768cb9a5290c41d7968447ae28c64cca,home_appliances,768cb9a5290c41d7968447ae28c64cca,仅6月销售,0,1,0,4095,0.0,40.95,,40.95,4095,40.95,,,,4095,,,40.95
2017,furniture_decor,769106ca9d176076a3f0debb980e64ba,furniture_decor,769106ca9d176076a3f0debb980e64ba,仅5月销售,1,0,2600,0,26.0,0.0,26.0,,-2600,-26.0,-100.0,,,-2600,,,-26.0
2017,furniture_living_room,76914818a87f9b6b320e136e17e6ae06,furniture_living_room,76914818a87f9b6b320e136e17e6ae06,仅5月销售,3,0,98970,0,989.7,0.0,329.9,,-98970,-989.7,-100.0,,,-98970,,,-989.7
2017,sports_leisure,769cc5a32d4e6c7710013f35a73d45e9,sports_leisure,769cc5a32d4e6c7710013f35a73d45e9,仅5月销售,1,0,3492,0,34.92,0.0,34.92,,-3492,-34.92,-100.0,,,-3492,,,-34.92
2017,stationery,76ac1907588ea63f562f0851bd5a4289,stationery,76ac1907588ea63f562f0851bd5a4289,仅6月销售,0,1,0,27990,0.0,279.9,,279.9,27990,279.9,,,,27990,,,279.9
2017,health_beauty,76ad24d8518857df0f3dc45b2f5faf2d,health_beauty,76ad24d8518857df0f3dc45b2f5faf2d,仅5月销售,2,0,12800,0,128.0,0.0,64.0,,-12800,-128.0,-100.0,,,-12800,,,-128.0
2017,housewares,76be7b20bf23f866fd105deee7b205c6,housewares,76be7b20bf23f866fd105deee7b205c6,仅6月销售,0,2,0,7400,0.0,74.0,,37.0,7400,74.0,,,,7400,,,74.0
2017,sports_leisure,76da62260c1793eadb05355edc9fd6ee,sports_leisure,76da62260c1793eadb05355edc9fd6ee,仅5月销售,1,0,30800,0,308.0,0.0,308.0,,-30800,-308.0,-100.0,,,-30800,,,-308.0
2017,fashion_bags_accessories,76ddffabf65608c9e0cfce92e390a193,fashion_bags_accessories,76ddffabf65608c9e0cfce92e390a193,仅6月销售,0,1,0,2320,0.0,23.2,,23.2,2320,23.2,,,,2320,,,23.2
2017,sports_leisure,76ec315dcc55a9e20ce3c0cd6124a9b3,sports_leisure,76ec315dcc55a9e20ce3c0cd6124a9b3,仅6月销售,0,1,0,13855,0.0,138.55,,138.55,13855,138.55,,,,13855,,,138.55
2017,watches_gifts,7703b8cb5b77fbb36518ea91e2ca734f,watches_gifts,7703b8cb5b77fbb36518ea91e2ca734f,仅6月销售,0,1,0,3900,0.0,39.0,,39.0,3900,39.0,,,,3900,,,39.0
2017,telephony,77255774965600c1ae00627edb86b9d1,telephony,77255774965600c1ae00627edb86b9d1,仅5月销售,1,0,2699,0,26.99,0.0,26.99,,-2699,-26.99,-100.0,,,-2699,,,-26.99
2017,toys,773a9c97b7435492ec93014cd43ecf77,toys,773a9c97b7435492ec93014cd43ecf77,仅5月销售,1,0,29999,0,299.99,0.0,299.99,,-29999,-299.99,-100.0,,,-29999,,,-299.99
2017,health_beauty,77440e31527d8fa95aaf43bef08068fe,health_beauty,77440e31527d8fa95aaf43bef08068fe,仅6月销售,0,1,0,10000,0.0,100.0,,100.0,10000,100.0,,,,10000,,,100.0
2017,furniture_decor,774c67cd53f1586caac72b52fa5a097e,furniture_decor,774c67cd53f1586caac72b52fa5a097e,仅5月销售,1,0,12000,0,120.0,0.0,120.0,,-12000,-120.0,-100.0,,,-12000,,,-120.0
2017,housewares,77626943dadc1bafb9625f65d98724e3,housewares,77626943dadc1bafb9625f65d98724e3,仅6月销售,0,1,0,14200,0.0,142.0,,142.0,14200,142.0,,,,14200,,,142.0
2017,health_beauty,776ef0ee36e20757c513e64903f1fa8a,health_beauty,776ef0ee36e20757c513e64903f1fa8a,仅5月销售,2,0,19600,0,196.0,0.0,98.0,,-19600,-196.0,-100.0,,,-19600,,,-196.0
2017,bed_bath_table,777d2e438a1b645f3aec9bd57e92672c,bed_bath_table,777d2e438a1b645f3aec9bd57e92672c,两月均有销量,8,7,55920,48930,559.2,489.3,69.9,69.9,-6990,-69.9,-12.5,-6990,0,,-69.9,0.0,
2017,sports_leisure,777d44411c685bf4d03294fc52d263b5,sports_leisure,777d44411c685bf4d03294fc52d263b5,仅5月销售,1,0,4990,0,49.9,0.0,49.9,,-4990,-49.9,-100.0,,,-4990,,,-49.9
2017,books_general_interest,778c4dffd777dbe97f26efe02565df49,books_general_interest,778c4dffd777dbe97f26efe02565df49,仅6月销售,0,1,0,13990,0.0,139.9,,139.9,13990,139.9,,,,13990,,,139.9
2017,home_appliances,779471f3320ebf3c8695d3774cd90d98,home_appliances,779471f3320ebf3c8695d3774cd90d98,仅6月销售,0,2,0,4400,0.0,44.0,,22.0,4400,44.0,,,,4400,,,44.0
2017,bed_bath_table,77a5f8bbf0093ff1724692679af6e0a4,bed_bath_table,77a5f8bbf0093ff1724692679af6e0a4,仅6月销售,0,1,0,18999,0.0,189.99,,189.99,18999,189.99,,,,18999,,,189.99
2017,luggage_accessories,77aadda8f3636c56d2e32ebf735426ba,luggage_accessories,77aadda8f3636c56d2e32ebf735426ba,仅6月销售,0,1,0,13190,0.0,131.9,,131.9,13190,131.9,,,,13190,,,131.9
2017,sports_leisure,77cc62dc80ebe12a0452d1ce0565acdc,sports_leisure,77cc62dc80ebe12a0452d1ce0565acdc,两月均有销量,6,2,67800,22600,678.0,226.0,113.0,113.0,-45200,-452.0,-66.66666666666667,-45200,0,,-452.0,0.0,
2017,health_beauty,77ccda894b672fe1214b0101d108d7f7,health_beauty,77ccda894b672fe1214b0101d108d7f7,两月均有销量,1,1,67200,49900,672.0,499.0,672.0,499.0,-17300,-173.0,-25.74404761904762,0,-17300,,0.0,-173.0,
2017,telephony,77d1b9fb8d3858f503316105e9ac6c51,telephony,77d1b9fb8d3858f503316105e9ac6c51,仅6月销售,0,1,0,1899,0.0,18.99,,18.99,1899,18.99,,,,1899,,,18.99
2017,housewares,77f374d14bd53f0ed5f29613363973b2,housewares,77f374d14bd53f0ed5f29613363973b2,仅5月销售,1,0,1738,0,17.38,0.0,17.38,,-1738,-17.38,-100.0,,,-1738,,,-17.38
2017,fashion_bags_accessories,77fa3381855b6763c52ca3b72824f508,fashion_bags_accessories,77fa3381855b6763c52ca3b72824f508,两月均有销量,1,1,4900,4900,49.0,49.0,49.0,49.0,0,0.0,0.0,0,0,,0.0,0.0,
2017,furniture_decor,77fd0803982844397705c756614105c7,furniture_decor,77fd0803982844397705c756614105c7,仅6月销售,0,1,0,8990,0.0,89.9,,89.9,8990,89.9,,,,8990,,,89.9
2017,fashio_female_clothing,781145cd898909ed4389dc1a21192426,fashio_female_clothing,781145cd898909ed4389dc1a21192426,仅5月销售,1,0,2240,0,22.4,0.0,22.4,,-2240,-22.4,-100.0,,,-2240,,,-22.4
2017,baby,7811ef9c6eed5bb33c3c6f9de751642f,baby,7811ef9c6eed5bb33c3c6f9de751642f,仅5月销售,1,0,2000,0,20.0,0.0,20.0,,-2000,-20.0,-100.0,,,-2000,,,-20.0
2017,furniture_decor,78120320a8a3d2656f159d513fcb83b6,furniture_decor,78120320a8a3d2656f159d513fcb83b6,两月均有销量,1,1,4090,4490,40.9,44.9,40.9,44.9,400,4.0,9.7799511002445,0,400,,0.0,4.0,
2017,books_technical,781883ae609d8782630ad91af967e018,books_technical,781883ae609d8782630ad91af967e018,仅6月销售,0,1,0,8000,0.0,80.0,,80.0,8000,80.0,,,,8000,,,80.0
2017,electronics,7822d1f226e657d5c98ce5a18bd0ad94,electronics,7822d1f226e657d5c98ce5a18bd0ad94,仅5月销售,1,0,1499,0,14.99,0.0,14.99,,-1499,-14.99,-100.0,,,-1499,,,-14.99
2017,office_furniture,78540c45d4f971380710a35fa4ecc41b,office_furniture,78540c45d4f971380710a35fa4ecc41b,仅6月销售,0,1,0,9790,0.0,97.9,,97.9,9790,97.9,,,,9790,,,97.9
2017,stationery,786733d317255508bd4d648585977611,stationery,786733d317255508bd4d648585977611,仅5月销售,1,0,6900,0,69.0,0.0,69.0,,-6900,-69.0,-100.0,,,-6900,,,-69.0
2017,furniture_decor,7868a64aa111bbb4f41f8e1146c0becb,furniture_decor,7868a64aa111bbb4f41f8e1146c0becb,仅6月销售,0,3,0,17970,0.0,179.7,,59.9,17970,179.7,,,,17970,,,179.7
2017,computers_accessories,78819ab10b4a44927c832a21c06849e0,computers_accessories,78819ab10b4a44927c832a21c06849e0,仅6月销售,0,1,0,58027,0.0,580.27,,580.27,58027,580.27,,,,58027,,,580.27
2017,baby,7893c68e0a8b6e58a70390551e8a84d9,baby,7893c68e0a8b6e58a70390551e8a84d9,仅6月销售,0,2,0,22000,0.0,220.0,,110.0,22000,220.0,,,,22000,,,220.0
2017,musical_instruments,78a727ba961fe7561d533e153bf04088,musical_instruments,78a727ba961fe7561d533e153bf04088,两月均有销量,1,1,37999,37999,379.99,379.99,379.99,379.99,0,0.0,0.0,0,0,,0.0,0.0,
2017,housewares,78b003db341f835b585e8190ccf4e29b,housewares,78b003db341f835b585e8190ccf4e29b,仅5月销售,1,0,4490,0,44.9,0.0,44.9,,-4490,-44.9,-100.0,,,-4490,,,-44.9
2017,pet_shop,78d7edf3fda961dc8ac6999761ba5b05,pet_shop,78d7edf3fda961dc8ac6999761ba5b05,两月均有销量,2,1,27180,13590,271.8,135.9,135.9,135.9,-13590,-135.9,-50.0,-13590,0,,-135.9,0.0,
2017,health_beauty,78f3f7fb2c7a8a53bccb6cfc49f34f66,health_beauty,78f3f7fb2c7a8a53bccb6cfc49f34f66,仅5月销售,3,0,27897,0,278.97,0.0,92.99,,-27897,-278.97,-100.0,,,-27897,,,-278.97
2017,telephony,78f406813b3b37ed963ec0f2aff0a585,telephony,78f406813b3b37ed963ec0f2aff0a585,仅6月销售,0,1,0,7499,0.0,74.99,,74.99,7499,74.99,,,,7499,,,74.99
2017,fashion_underwear_beach,7932fcce65e2aee84d6feb4a288f9cb9,fashion_underwear_beach,7932fcce65e2aee84d6feb4a288f9cb9,仅5月销售,5,0,2950,0,29.5,0.0,5.9,,-2950,-29.5,-100.0,,,-2950,,,-29.5
2017,perfumery,7935326a359d2560cdb8a81b1e2e46c8,perfumery,7935326a359d2560cdb8a81b1e2e46c8,仅5月销售,1,0,7900,0,79.0,0.0,79.0,,-7900,-79.0,-100.0,,,-7900,,,-79.0
2017,sports_leisure,796f3b99d54fc73792f722557dd199d1,sports_leisure,796f3b99d54fc73792f722557dd199d1,仅5月销售,1,0,16990,0,169.9,0.0,169.9,,-16990,-169.9,-100.0,,,-16990,,,-169.9
2017,cool_stuff,79896466715d0179d8e5c8a84e5f0a18,cool_stuff,79896466715d0179d8e5c8a84e5f0a18,仅6月销售,0,1,0,49900,0.0,499.0,,499.0,49900,499.0,,,,49900,,,499.0
2017,luggage_accessories,79a564cca1924553af76d396bf7c0662,luggage_accessories,79a564cca1924553af76d396bf7c0662,仅6月销售,0,3,0,52299,0.0,522.99,,174.33,52299,522.99,,,,52299,,,522.99
2017,sports_leisure,79b5f6746971ce589060a7aeef9f9d9f,sports_leisure,79b5f6746971ce589060a7aeef9f9d9f,仅6月销售,0,1,0,6300,0.0,63.0,,63.0,6300,63.0,,,,6300,,,63.0
2017,computers_accessories,79be3804af052f5d6a473dfdeaa38f06,computers_accessories,79be3804af052f5d6a473dfdeaa38f06,仅6月销售,0,1,0,5990,0.0,59.9,,59.9,5990,59.9,,,,5990,,,59.9
2017,fashion_bags_accessories,79cb68c2ccd94a4da825b9e33adf0697,fashion_bags_accessories,79cb68c2ccd94a4da825b9e33adf0697,仅6月销售,0,1,0,3999,0.0,39.99,,39.99,3999,39.99,,,,3999,,,39.99
2017,musical_instruments,79e42c4fa2bde6e0c828d23c4fb7df35,musical_instruments,79e42c4fa2bde6e0c828d23c4fb7df35,仅6月销售,0,1,0,6990,0.0,69.9,,69.9,6990,69.9,,,,6990,,,69.9
2017,auto,79f9c6ec3a4021fc8af98efb87be2ce2,auto,79f9c6ec3a4021fc8af98efb87be2ce2,仅5月销售,1,0,2349,0,23.49,0.0,23.49,,-2349,-23.49,-100.0,,,-2349,,,-23.49
2017,bed_bath_table,7a2428849e8c9e1cfac00494791ca876,bed_bath_table,7a2428849e8c9e1cfac00494791ca876,仅6月销售,0,3,0,12000,0.0,120.0,,40.0,12000,120.0,,,,12000,,,120.0
2017,housewares,7a272663a1f95d11561f03ec3e76c141,housewares,7a272663a1f95d11561f03ec3e76c141,仅6月销售,0,1,0,3300,0.0,33.0,,33.0,3300,33.0,,,,3300,,,33.0
2017,health_beauty,7a3bc1b5f3ad201ecd5d03d51d34bedd,health_beauty,7a3bc1b5f3ad201ecd5d03d51d34bedd,两月均有销量,1,2,42000,71400,420.0,714.0,420.0,357.0,29400,294.0,70.0,38850,-9450,,388.5,-94.5,
2017,consoles_games,7a3d2e33323f0341eaecc6154c003ac0,consoles_games,7a3d2e33323f0341eaecc6154c003ac0,仅6月销售,0,1,0,29990,0.0,299.9,,299.9,29990,299.9,,,,29990,,,299.9
2017,computers_accessories,7a5bda98ff522182a08c469d2d160ab3,computers_accessories,7a5bda98ff522182a08c469d2d160ab3,仅5月销售,1,0,8900,0,89.0,0.0,89.0,,-8900,-89.0,-100.0,,,-8900,,,-89.0
2017,furniture_decor,7a6aebc4c1205818e64f9275475a73e9,furniture_decor,7a6aebc4c1205818e64f9275475a73e9,两月均有销量,2,1,39998,19999,399.98,199.99,199.99,199.99,-19999,-199.99,-50.0,-19999,0,,-199.99,0.0,
2017,furniture_decor,7a7be236d8368315680071df4209dd4e,furniture_decor,7a7be236d8368315680071df4209dd4e,仅5月销售,1,0,4900,0,49.0,0.0,49.0,,-4900,-49.0,-100.0,,,-4900,,,-49.0
2017,garden_tools,7a82832901d5f4cd314a4e102c47bd2b,garden_tools,7a82832901d5f4cd314a4e102c47bd2b,两月均有销量,4,1,15196,3799,151.96,37.99,37.99,37.99,-11397,-113.97,-75.0,-11397,0,,-113.97,0.0,
2017,art,7aa0cae255d70952492eb4b58b4815e7,art,7aa0cae255d70952492eb4b58b4815e7,仅5月销售,1,0,11990,0,119.9,0.0,119.9,,-11990,-119.9,-100.0,,,-11990,,,-119.9
2017,books_general_interest,7aa5da3ccd8f2addeb39eac7ec266e8e,books_general_interest,7aa5da3ccd8f2addeb39eac7ec266e8e,仅5月销售,2,0,25980,0,259.8,0.0,129.9,,-25980,-259.8,-100.0,,,-25980,,,-259.8
2017,toys,7ab21257ee876b3897bd55046d3d81d3,toys,7ab21257ee876b3897bd55046d3d81d3,仅5月销售,1,0,23900,0,239.0,0.0,239.0,,-23900,-239.0,-100.0,,,-23900,,,-239.0
2017,toys,7ac6cda1ec564b21b2daa9dc0973c1df,toys,7ac6cda1ec564b21b2daa9dc0973c1df,仅5月销售,1,0,19999,0,199.99,0.0,199.99,,-19999,-199.99,-100.0,,,-19999,,,-199.99
2017,fixed_telephony,7acc602a5598de7992eb7d3b4e080b7d,fixed_telephony,7acc602a5598de7992eb7d3b4e080b7d,仅6月销售,0,1,0,38526,0.0,385.26,,385.26,38526,385.26,,,,38526,,,385.26
2017,computers_accessories,7ace8e994998f636a12d3cdc71c6b942,computers_accessories,7ace8e994998f636a12d3cdc71c6b942,仅5月销售,1,0,2990,0,29.9,0.0,29.9,,-2990,-29.9,-100.0,,,-2990,,,-29.9
2017,stationery,7ada7bee4052075cf6310885da8c4392,stationery,7ada7bee4052075cf6310885da8c4392,仅6月销售,0,1,0,7900,0.0,79.0,,79.0,7900,79.0,,,,7900,,,79.0
2017,electronics,7ae8d9b8eca8a6daf066e53ddc7034d3,electronics,7ae8d9b8eca8a6daf066e53ddc7034d3,两月均有销量,1,1,1290,1290,12.9,12.9,12.9,12.9,0,0.0,0.0,0,0,,0.0,0.0,
2017,housewares,7afa8c8eca2a26b599823eed4975a820,housewares,7afa8c8eca2a26b599823eed4975a820,两月均有销量,1,1,16990,16990,169.9,169.9,169.9,169.9,0,0.0,0.0,0,0,,0.0,0.0,
2017,computers_accessories,7b07e5afce1bb1e6fa3ffcdc718d7e69,computers_accessories,7b07e5afce1bb1e6fa3ffcdc718d7e69,两月均有销量,1,1,4500,4500,45.0,45.0,45.0,45.0,0,0.0,0.0,0,0,,0.0,0.0,
2017,sports_leisure,7b22327a8222cb724f17c3a0aa392517,sports_leisure,7b22327a8222cb724f17c3a0aa392517,仅5月销售,2,0,20800,0,208.0,0.0,104.0,,-20800,-208.0,-100.0,,,-20800,,,-208.0
2017,sports_leisure,7b35ccd93a2184646c03b70326626923,sports_leisure,7b35ccd93a2184646c03b70326626923,仅5月销售,3,0,53700,0,537.0,0.0,179.0,,-53700,-537.0,-100.0,,,-53700,,,-537.0
2017,housewares,7b453aa3584d61c1268d77ba6fd5956b,housewares,7b453aa3584d61c1268d77ba6fd5956b,两月均有销量,5,10,54950,109900,549.5,1099.0,109.9,109.9,54950,549.5,100.0,54950,0,,549.5,0.0,
2017,housewares,7b64009f7a8f64bb448a5e1ec3a4fd04,housewares,7b64009f7a8f64bb448a5e1ec3a4fd04,仅6月销售,0,1,0,12444,0.0,124.44,,124.44,12444,124.44,,,,12444,,,124.44
2017,health_beauty,7b83c11ac78f11bde67542beb12e8163,health_beauty,7b83c11ac78f11bde67542beb12e8163,仅6月销售,0,1,0,4990,0.0,49.9,,49.9,4990,49.9,,,,4990,,,49.9
2017,watches_gifts,7b951373f6045db69ff7a2e4d8c40071,watches_gifts,7b951373f6045db69ff7a2e4d8c40071,仅5月销售,1,0,29900,0,299.0,0.0,299.0,,-29900,-299.0,-100.0,,,-29900,,,-299.0
2017,housewares,7bbc646134de228a74392d8407d16df8,housewares,7bbc646134de228a74392d8407d16df8,仅5月销售,6,0,20940,0,209.4,0.0,34.9,,-20940,-209.4,-100.0,,,-20940,,,-209.4
2017,sports_leisure,7bc34251fed67b7d8a0251d7ad8eff3c,sports_leisure,7bc34251fed67b7d8a0251d7ad8eff3c,仅6月销售,0,1,0,11500,0.0,115.0,,115.0,11500,115.0,,,,11500,,,115.0
2017,consoles_games,7bd42138fcc3aec6e8a0494f5a34bd25,consoles_games,7bd42138fcc3aec6e8a0494f5a34bd25,仅6月销售,0,1,0,7999,0.0,79.99,,79.99,7999,79.99,,,,7999,,,79.99
2017,health_beauty,7c0a2a31bc479e366fe9fee1f5bc62b3,health_beauty,7c0a2a31bc479e366fe9fee1f5bc62b3,仅5月销售,1,0,13690,0,136.9,0.0,136.9,,-13690,-136.9,-100.0,,,-13690,,,-136.9
2017,health_beauty,7c1bd920dbdf22470b68bde975dd3ccf,health_beauty,7c1bd920dbdf22470b68bde975dd3ccf,两月均有销量,13,21,84487,123479,844.87,1234.79,64.99,58.799523809523805,38992,389.92,46.15147892575189,49516,-10524,,495.16,-105.24,
2017,cool_stuff,7c21d2794fad14d186b2bcd9b07a8298,cool_stuff,7c21d2794fad14d186b2bcd9b07a8298,两月均有销量,2,2,12598,12598,125.98,125.98,62.99,62.99,0,0.0,0.0,0,0,,0.0,0.0,
2017,health_beauty,7c2d0df8e5fbfa71d54a400b33a8502e,health_beauty,7c2d0df8e5fbfa71d54a400b33a8502e,两月均有销量,8,1,90800,9500,908.0,95.0,113.5,95.0,-81300,-813.0,-89.53744493392071,-72975,-8325,,-729.75,-83.25,
2017,cool_stuff,7c3cbbd1a99a73b3dd683eb7c0570801,cool_stuff,7c3cbbd1a99a73b3dd683eb7c0570801,仅6月销售,0,1,0,10999,0.0,109.99,,109.99,10999,109.99,,,,10999,,,109.99
2017,sports_leisure,7c4625a299889fb920765a0cac740045,sports_leisure,7c4625a299889fb920765a0cac740045,仅5月销售,1,0,13990,0,139.9,0.0,139.9,,-13990,-139.9,-100.0,,,-13990,,,-139.9
2017,bed_bath_table,7c5eedf954659c8014c0671ba5e1b99b,bed_bath_table,7c5eedf954659c8014c0671ba5e1b99b,仅5月销售,1,0,4699,0,46.99,0.0,46.99,,-4699,-46.99,-100.0,,,-4699,,,-46.99
2017,home_confort,7c65bcd66be0ad761948bfeda4e7bd2f,home_confort,7c65bcd66be0ad761948bfeda4e7bd2f,仅6月销售,0,1,0,7690,0.0,76.9,,76.9,7690,76.9,,,,7690,,,76.9
2017,pet_shop,7c700504b3029faf7052e5f8e2c83b04,pet_shop,7c700504b3029faf7052e5f8e2c83b04,仅5月销售,2,0,3380,0,33.8,0.0,16.9,,-3380,-33.8,-100.0,,,-3380,,,-33.8
2017,perfumery,7c725202e885a39990fbc37b0ee5e501,perfumery,7c725202e885a39990fbc37b0ee5e501,仅6月销售,0,1,0,25678,0.0,256.78,,256.78,25678,256.78,,,,25678,,,256.78
2017,sports_leisure,7c7588d9c0e7596f400f129e8bfecb03,sports_leisure,7c7588d9c0e7596f400f129e8bfecb03,仅6月销售,0,1,0,22490,0.0,224.9,,224.9,22490,224.9,,,,22490,,,224.9
2017,pet_shop,7c77aa8ae608782aac8e7728acff92fb,pet_shop,7c77aa8ae608782aac8e7728acff92fb,仅6月销售,0,1,0,1799,0.0,17.99,,17.99,1799,17.99,,,,1799,,,17.99
2017,cool_stuff,7c91038b7370c2ea3343e1472be3e97c,cool_stuff,7c91038b7370c2ea3343e1472be3e97c,仅6月销售,0,1,0,2890,0.0,28.9,,28.9,2890,28.9,,,,2890,,,28.9
2017,bed_bath_table,7ca5f56188492e30c50ba64de188aae7,bed_bath_table,7ca5f56188492e30c50ba64de188aae7,仅6月销售,0,1,0,1390,0.0,13.9,,13.9,1390,13.9,,,,1390,,,13.9
2017,costruction_tools_garden,7cbc7b22d10bdd8f5e3d668c3c3ab45f,costruction_tools_garden,7cbc7b22d10bdd8f5e3d668c3c3ab45f,仅6月销售,0,1,0,19490,0.0,194.9,,194.9,19490,194.9,,,,19490,,,194.9
2017,health_beauty,7cd29da0653abeb444703cc5a957f479,health_beauty,7cd29da0653abeb444703cc5a957f479,两月均有销量,6,9,22540,32510,225.4,325.1,37.56666666666666,36.12222222222222,9970,99.7,44.232475598935224,11053,-1083,,110.53,-10.83,
2017,auto,7cd6ba4cdd2990810313f9e049ec8c68,auto,7cd6ba4cdd2990810313f9e049ec8c68,仅6月销售,0,1,0,7500,0.0,75.0,,75.0,7500,75.0,,,,7500,,,75.0
2017,bed_bath_table,7cd77cb177ba74f48a7d7ede2531beb2,bed_bath_table,7cd77cb177ba74f48a7d7ede2531beb2,仅5月销售,1,0,8990,0,89.9,0.0,89.9,,-8990,-89.9,-100.0,,,-8990,,,-89.9
2017,bed_bath_table,7ce4db889dbcd395526f583dbbd40080,bed_bath_table,7ce4db889dbcd395526f583dbbd40080,仅6月销售,0,1,0,9999,0.0,99.99,,99.99,9999,99.99,,,,9999,,,99.99
2017,toys,7cee15aa6f33557c7056ba1fee542b79,toys,7cee15aa6f33557c7056ba1fee542b79,仅6月销售,0,1,0,8399,0.0,83.99,,83.99,8399,83.99,,,,8399,,,83.99
2017,toys,7d08c685504c66533015d5366856da12,toys,7d08c685504c66533015d5366856da12,仅5月销售,2,0,12998,0,129.98,0.0,64.99,,-12998,-129.98,-100.0,,,-12998,,,-129.98
2017,cool_stuff,7d1fc7d682f6a5c8e47437e3540f4415,cool_stuff,7d1fc7d682f6a5c8e47437e3540f4415,仅6月销售,0,1,0,35950,0.0,359.5,,359.5,35950,359.5,,,,35950,,,359.5
2017,sports_leisure,7d50930301709838d8e90dcac5cfaa84,sports_leisure,7d50930301709838d8e90dcac5cfaa84,仅5月销售,1,0,5990,0,59.9,0.0,59.9,,-5990,-59.9,-100.0,,,-5990,,,-59.9
2017,cool_stuff,7d839fe5a5adb44e9de8e8358e031a76,cool_stuff,7d839fe5a5adb44e9de8e8358e031a76,仅6月销售,0,1,0,69900,0.0,699.0,,699.0,69900,699.0,,,,69900,,,699.0
2017,cool_stuff,7d854ab97c64ef9df2bbfaf332765786,cool_stuff,7d854ab97c64ef9df2bbfaf332765786,两月均有销量,9,4,53910,23960,539.1,239.6,59.9,59.9,-29950,-299.5,-55.55555555555556,-29950,0,,-299.5,0.0,
2017,fashion_bags_accessories,7d8dbe133512b0db946176e1600e506f,fashion_bags_accessories,7d8dbe133512b0db946176e1600e506f,仅5月销售,1,0,1990,0,19.9,0.0,19.9,,-1990,-19.9,-100.0,,,-1990,,,-19.9
2017,telephony,7dfaf5d5673b7663f59e93262a2e393b,telephony,7dfaf5d5673b7663f59e93262a2e393b,仅6月销售,0,1,0,5999,0.0,59.99,,59.99,5999,59.99,,,,5999,,,59.99
2017,watches_gifts,7dffa5a576c3022da3db58e3b829f886,watches_gifts,7dffa5a576c3022da3db58e3b829f886,仅5月销售,1,0,2669,0,26.69,0.0,26.69,,-2669,-26.69,-100.0,,,-2669,,,-26.69
2017,pet_shop,7e07a8d0f0ea4d119dae448cf1b595ec,pet_shop,7e07a8d0f0ea4d119dae448cf1b595ec,仅6月销售,0,1,0,2590,0.0,25.9,,25.9,2590,25.9,,,,2590,,,25.9
2017,garden_tools,7e0dc102074f8285580c9777f79c90cf,garden_tools,7e0dc102074f8285580c9777f79c90cf,两月均有销量,1,2,3490,6980,34.9,69.8,34.9,34.9,3490,34.9,100.0,3490,0,,34.9,0.0,
2017,fashion_shoes,7e1cd234017755c3d884de59cbd15ca7,fashion_shoes,7e1cd234017755c3d884de59cbd15ca7,仅6月销售,0,1,0,7182,0.0,71.82,,71.82,7182,71.82,,,,7182,,,71.82
2017,fashion_bags_accessories,7e42f7c4405ac2fdec454c0497facd83,fashion_bags_accessories,7e42f7c4405ac2fdec454c0497facd83,仅6月销售,0,1,0,19990,0.0,199.9,,199.9,19990,199.9,,,,19990,,,199.9
2017,furniture_decor,7e4453fdebc830f4198332526054960f,furniture_decor,7e4453fdebc830f4198332526054960f,仅5月销售,1,0,16900,0,169.0,0.0,169.0,,-16900,-169.0,-100.0,,,-16900,,,-169.0
2017,bed_bath_table,7e67ad012ae8e50272b3856ec8e63667,bed_bath_table,7e67ad012ae8e50272b3856ec8e63667,仅6月销售,0,1,0,13490,0.0,134.9,,134.9,13490,134.9,,,,13490,,,134.9
2017,computers_accessories,7e6850f360e60da72b7d3b1b37f42312,computers_accessories,7e6850f360e60da72b7d3b1b37f42312,仅5月销售,1,0,8499,0,84.99,0.0,84.99,,-8499,-84.99,-100.0,,,-8499,,,-84.99
2017,toys,7e68b55d4ee384bfda2b61c827d3f33f,toys,7e68b55d4ee384bfda2b61c827d3f33f,仅6月销售,0,1,0,11920,0.0,119.2,,119.2,11920,119.2,,,,11920,,,119.2
2017,watches_gifts,7e6c4a0bf900e259f50ba63331fd2785,watches_gifts,7e6c4a0bf900e259f50ba63331fd2785,仅6月销售,0,1,0,6500,0.0,65.0,,65.0,6500,65.0,,,,6500,,,65.0
2017,sports_leisure,7e80d387f36fafdb1fb2a6905060e2af,sports_leisure,7e80d387f36fafdb1fb2a6905060e2af,仅5月销售,1,0,9706,0,97.06,0.0,97.06,,-9706,-97.06,-100.0,,,-9706,,,-97.06
2017,bed_bath_table,7e8a5e8789ede63ab600b65235e35fa6,bed_bath_table,7e8a5e8789ede63ab600b65235e35fa6,仅6月销售,0,1,0,8999,0.0,89.99,,89.99,8999,89.99,,,,8999,,,89.99
2017,health_beauty,7e8c9cebda42cbe9ae5ae912f81db940,health_beauty,7e8c9cebda42cbe9ae5ae912f81db940,仅6月销售,0,2,0,17980,0.0,179.8,,89.9,17980,179.8,,,,17980,,,179.8
2017,sports_leisure,7e97894cc00196a56d6ec315c68b2353,sports_leisure,7e97894cc00196a56d6ec315c68b2353,两月均有销量,1,1,9600,10990,96.0,109.9,96.0,109.9,1390,13.9,14.479166666666666,0,1390,,0.0,13.9,
2017,food_drink,7edfb4c96d69a75d28b973bdc2dbcfaf,food_drink,7edfb4c96d69a75d28b973bdc2dbcfaf,仅5月销售,2,0,2598,0,25.98,0.0,12.99,,-2598,-25.98,-100.0,,,-2598,,,-25.98
2017,housewares,7efd6fed8c0563a28c70b4eef35ba25d,housewares,7efd6fed8c0563a28c70b4eef35ba25d,仅5月销售,1,0,2990,0,29.9,0.0,29.9,,-2990,-29.9,-100.0,,,-2990,,,-29.9
2017,bed_bath_table,7efd7d1a1a985eae9fecdb134fd657d3,bed_bath_table,7efd7d1a1a985eae9fecdb134fd657d3,仅6月销售,0,1,0,6990,0.0,69.9,,69.9,6990,69.9,,,,6990,,,69.9
2017,telephony,7f0362988b16ac7b5f65dc5fd0fbc77f,telephony,7f0362988b16ac7b5f65dc5fd0fbc77f,两月均有销量,1,4,2089,8356,20.89,83.56,20.89,20.89,6267,62.67,300.0,6267,0,,62.67,0.0,
2017,watches_gifts,7f064525eaaa1ce9d22c085f7ff5413a,watches_gifts,7f064525eaaa1ce9d22c085f7ff5413a,两月均有销量,2,1,9800,4900,98.0,49.0,49.0,49.0,-4900,-49.0,-50.0,-4900,0,,-49.0,0.0,
2017,toys,7f0c916c7cb73601e0a606a3c23a90d6,toys,7f0c916c7cb73601e0a606a3c23a90d6,仅6月销售,0,1,0,5000,0.0,50.0,,50.0,5000,50.0,,,,5000,,,50.0
2017,cool_stuff,7f1a77bec0639e473392e91a504272a5,cool_stuff,7f1a77bec0639e473392e91a504272a5,两月均有销量,1,3,5590,16770,55.9,167.7,55.9,55.9,11180,111.8,200.0,11180,0,,111.8,0.0,
2017,bed_bath_table,7f2097ece1964900e1f72465c57dcc67,bed_bath_table,7f2097ece1964900e1f72465c57dcc67,仅5月销售,1,0,1990,0,19.9,0.0,19.9,,-1990,-19.9,-100.0,,,-1990,,,-19.9
2017,bed_bath_table,7f44ab248492a301a87d8966739d8796,bed_bath_table,7f44ab248492a301a87d8966739d8796,仅5月销售,1,0,6990,0,69.9,0.0,69.9,,-6990,-69.9,-100.0,,,-6990,,,-69.9
2017,furniture_decor,7f55769896fc6596e7251490b8b5e536,furniture_decor,7f55769896fc6596e7251490b8b5e536,仅5月销售,2,0,7998,0,79.98,0.0,39.99,,-7998,-79.98,-100.0,,,-7998,,,-79.98
2017,health_beauty,7f601afbca26d221fc2d957b6e211e72,health_beauty,7f601afbca26d221fc2d957b6e211e72,仅6月销售,0,2,0,5980,0.0,59.8,,29.9,5980,59.8,,,,5980,,,59.8
2017,sports_leisure,7f8b42a3cbe617b6112e0623f0d32fa2,sports_leisure,7f8b42a3cbe617b6112e0623f0d32fa2,仅5月销售,2,0,37800,0,378.0,0.0,189.0,,-37800,-378.0,-100.0,,,-37800,,,-378.0
2017,luggage_accessories,7f8bacbe759179781b50331ea609f7f8,luggage_accessories,7f8bacbe759179781b50331ea609f7f8,两月均有销量,1,1,32990,32990,329.9,329.9,329.9,329.9,0,0.0,0.0,0,0,,0.0,0.0,
2017,bed_bath_table,7f9475c2e93957f54e9dd045dd7ce6fe,bed_bath_table,7f9475c2e93957f54e9dd045dd7ce6fe,仅5月销售,1,0,7990,0,79.9,0.0,79.9,,-7990,-79.9,-100.0,,,-7990,,,-79.9
2017,cool_stuff,7f98b8ee9f858f69f6e73715c3fe8ed2,cool_stuff,7f98b8ee9f858f69f6e73715c3fe8ed2,仅5月销售,1,0,49990,0,499.9,0.0,499.9,,-49990,-499.9,-100.0,,,-49990,,,-499.9
2017,housewares,7fa9cd17cea7ecbac9778cc86b7f9033,housewares,7fa9cd17cea7ecbac9778cc86b7f9033,仅5月销售,1,0,2290,0,22.9,0.0,22.9,,-2290,-22.9,-100.0,,,-2290,,,-22.9
2017,toys,7fab1a1472fdd934397068931f63f3ca,toys,7fab1a1472fdd934397068931f63f3ca,仅5月销售,4,0,27200,0,272.0,0.0,68.0,,-27200,-272.0,-100.0,,,-27200,,,-272.0
2017,health_beauty,7fb04722aba7a2b632bac8f9819796f3,health_beauty,7fb04722aba7a2b632bac8f9819796f3,两月均有销量,2,2,19800,15800,198.0,158.0,99.0,79.0,-4000,-40.0,-20.2020202020202,0,-4000,,0.0,-40.0,
2017,baby,7fc9ddb575be2fd4783d8a2207f664b0,baby,7fc9ddb575be2fd4783d8a2207f664b0,两月均有销量,1,1,9890,7990,98.9,79.9,98.9,79.9,-1900,-19.0,-19.211324570273003,0,-1900,,0.0,-19.0,
2017,sports_leisure,7fda6ff601b1c45aacfd6a24e7f2d45f,sports_leisure,7fda6ff601b1c45aacfd6a24e7f2d45f,仅5月销售,1,0,11000,0,110.0,0.0,110.0,,-11000,-110.0,-100.0,,,-11000,,,-110.0
2017,sports_leisure,7fdbc1ecf5fdf5c98d9b14e110133eb3,sports_leisure,7fdbc1ecf5fdf5c98d9b14e110133eb3,仅6月销售,0,1,0,1733,0.0,17.33,,17.33,1733,17.33,,,,1733,,,17.33
2017,home_appliances_2,7fe486a60125c1541517e30944f95066,home_appliances_2,7fe486a60125c1541517e30944f95066,两月均有销量,1,1,12900,12900,129.0,129.0,129.0,129.0,0,0.0,0.0,0,0,,0.0,0.0,
2017,pet_shop,80067e2f48621e2fbcc21fced631156e,pet_shop,80067e2f48621e2fbcc21fced631156e,仅5月销售,2,0,5180,0,51.8,0.0,25.9,,-5180,-51.8,-100.0,,,-5180,,,-51.8
2017,fashion_bags_accessories,800f75019492a0d9ffb2483ae65b59f1,fashion_bags_accessories,800f75019492a0d9ffb2483ae65b59f1,仅6月销售,0,1,0,3999,0.0,39.99,,39.99,3999,39.99,,,,3999,,,39.99
2017,electronics,802d4aa654f6b24ca4d5bd2c61c0b079,electronics,802d4aa654f6b24ca4d5bd2c61c0b079,仅5月销售,3,0,124797,0,1247.97,0.0,415.99,,-124797,-1247.97,-100.0,,,-124797,,,-1247.97
2017,housewares,8047a9de3dd280cc068a2cba4586b91f,housewares,8047a9de3dd280cc068a2cba4586b91f,仅5月销售,1,0,4300,0,43.0,0.0,43.0,,-4300,-43.0,-100.0,,,-4300,,,-43.0
2017,pet_shop,804f35d5834309996feeeb8a7ac361cd,pet_shop,804f35d5834309996feeeb8a7ac361cd,仅6月销售,0,1,0,4990,0.0,49.9,,49.9,4990,49.9,,,,4990,,,49.9
2017,bed_bath_table,805967bd91579942b3caac4ebcc39a54,bed_bath_table,805967bd91579942b3caac4ebcc39a54,仅5月销售,1,0,4995,0,49.95,0.0,49.95,,-4995,-49.95,-100.0,,,-4995,,,-49.95
2017,pet_shop,806cdc4d643d6c7b64d05bf4dfadf1c7,pet_shop,806cdc4d643d6c7b64d05bf4dfadf1c7,仅6月销售,0,1,0,2290,0.0,22.9,,22.9,2290,22.9,,,,2290,,,22.9
2017,toys,808190a48d18d09af357796e2b30d932,toys,808190a48d18d09af357796e2b30d932,两月均有销量,1,1,16490,16490,164.9,164.9,164.9,164.9,0,0.0,0.0,0,0,,0.0,0.0,
2017,computers_accessories,8092fb20e422a961ea52cd441b5a4244,computers_accessories,8092fb20e422a961ea52cd441b5a4244,仅6月销售,0,2,0,31000,0.0,310.0,,155.0,31000,310.0,,,,31000,,,310.0
2017,pet_shop,80a28a92c0530e6838d3f35cae419d34,pet_shop,80a28a92c0530e6838d3f35cae419d34,仅6月销售,0,1,0,21990,0.0,219.9,,219.9,21990,219.9,,,,21990,,,219.9
2017,computers_accessories,80df62ce491a20d390c9f69402310f0a,computers_accessories,80df62ce491a20d390c9f69402310f0a,仅6月销售,0,1,0,3890,0.0,38.9,,38.9,3890,38.9,,,,3890,,,38.9
2017,toys,80fb011fd54fa5e1911a2f80c0fc878d,toys,80fb011fd54fa5e1911a2f80c0fc878d,仅5月销售,1,0,5140,0,51.4,0.0,51.4,,-5140,-51.4,-100.0,,,-5140,,,-51.4
2017,toys,8100d323ffa1909cfcf9fdf05f20b678,toys,8100d323ffa1909cfcf9fdf05f20b678,两月均有销量,2,1,28380,15290,283.8,152.9,141.9,152.9,-13090,-130.9,-46.12403100775194,-14740,1650,,-147.4,16.5,
2017,cool_stuff,8108bd323f83c37e82b2f8ff9263da19,cool_stuff,8108bd323f83c37e82b2f8ff9263da19,仅5月销售,1,0,19900,0,199.0,0.0,199.0,,-19900,-199.0,-100.0,,,-19900,,,-199.0
2017,sports_leisure,81288df52439985f610be64465e53f57,sports_leisure,81288df52439985f610be64465e53f57,仅5月销售,1,0,10999,0,109.99,0.0,109.99,,-10999,-109.99,-100.0,,,-10999,,,-109.99
2017,telephony,813329d52f377306fa1614ca9a962cd5,telephony,813329d52f377306fa1614ca9a962cd5,两月均有销量,2,1,5998,2999,59.98,29.99,29.99,29.99,-2999,-29.99,-50.0,-2999,0,,-29.99,0.0,
2017,fashion_shoes,814db92f0cda8c71fa27f4b022cea56f,fashion_shoes,814db92f0cda8c71fa27f4b022cea56f,仅6月销售,0,1,0,2590,0.0,25.9,,25.9,2590,25.9,,,,2590,,,25.9
2017,garden_tools,8163c8c2e8dc7cc8c93d1b30a2e7428b,garden_tools,8163c8c2e8dc7cc8c93d1b30a2e7428b,仅5月销售,1,0,16990,0,169.9,0.0,169.9,,-16990,-169.9,-100.0,,,-16990,,,-169.9
2017,watches_gifts,8175f5b59bb3ab62f5cb114699fcc682,watches_gifts,8175f5b59bb3ab62f5cb114699fcc682,仅5月销售,1,0,71370,0,713.7,0.0,713.7,,-71370,-713.7,-100.0,,,-71370,,,-713.7
2017,furniture_decor,817e1c2d22418c36386406ccacfa53e8,furniture_decor,817e1c2d22418c36386406ccacfa53e8,仅5月销售,1,0,18900,0,189.0,0.0,189.0,,-18900,-189.0,-100.0,,,-18900,,,-189.0
2017,housewares,81e32892fb8587aa24b175d42bb6bfcc,housewares,81e32892fb8587aa24b175d42bb6bfcc,仅6月销售,0,1,0,15780,0.0,157.8,,157.8,15780,157.8,,,,15780,,,157.8
2017,fashion_shoes,8205c48f13a36d0c377f69ae56f84e3d,fashion_shoes,8205c48f13a36d0c377f69ae56f84e3d,仅6月销售,0,1,0,2990,0.0,29.9,,29.9,2990,29.9,,,,2990,,,29.9
2017,toys,820e8f306dc9ffcf6d0957516084cca1,toys,820e8f306dc9ffcf6d0957516084cca1,仅6月销售,0,1,0,3490,0.0,34.9,,34.9,3490,34.9,,,,3490,,,34.9
2017,home_construction,820fa146b7ccfe19c80e999cf4a77668,home_construction,820fa146b7ccfe19c80e999cf4a77668,仅5月销售,1,0,63050,0,630.5,0.0,630.5,,-63050,-630.5,-100.0,,,-63050,,,-630.5
2017,baby,8232a265a535c1f886b38335667be2a5,baby,8232a265a535c1f886b38335667be2a5,仅5月销售,4,0,23996,0,239.96,0.0,59.99,,-23996,-239.96,-100.0,,,-23996,,,-239.96
2017,fashion_shoes,827abcada2c9f7862ef735fd765b87b1,fashion_shoes,827abcada2c9f7862ef735fd765b87b1,仅5月销售,1,0,2990,0,29.9,0.0,29.9,,-2990,-29.9,-100.0,,,-2990,,,-29.9
2017,telephony,827f677ed9cd1e18a5f4e8ecd4eb7489,telephony,827f677ed9cd1e18a5f4e8ecd4eb7489,两月均有销量,5,3,6250,3750,62.5,37.5,12.5,12.5,-2500,-25.0,-40.0,-2500,0,,-25.0,0.0,
2017,cool_stuff,829874309190054ac199e75205ad6b33,cool_stuff,829874309190054ac199e75205ad6b33,仅6月销售,0,2,0,9990,0.0,99.9,,49.95,9990,99.9,,,,9990,,,99.9
2017,housewares,82b73150f90f4fef92913e35b9984bb7,housewares,82b73150f90f4fef92913e35b9984bb7,仅6月销售,0,10,0,92700,0.0,927.0,,92.7,92700,927.0,,,,92700,,,927.0
2017,furniture_decor,82ff671ac04e6599dbfb28ead3369f59,furniture_decor,82ff671ac04e6599dbfb28ead3369f59,仅6月销售,0,1,0,39994,0.0,399.94,,399.94,39994,399.94,,,,39994,,,399.94
2017,(unknown),8307d6d6781b40a6b3b4c222da56f274,(unknown),8307d6d6781b40a6b3b4c222da56f274,仅5月销售,2,0,21998,0,219.98,0.0,109.99,,-21998,-219.98,-100.0,,,-21998,,,-219.98
2017,toys,832902ab7d497317f2cde8924f05af66,toys,832902ab7d497317f2cde8924f05af66,仅5月销售,1,0,8990,0,89.9,0.0,89.9,,-8990,-89.9,-100.0,,,-8990,,,-89.9
2017,home_confort,83309bfd8eef19fbfaa8e790b824b572,home_confort,83309bfd8eef19fbfaa8e790b824b572,仅5月销售,1,0,7690,0,76.9,0.0,76.9,,-7690,-76.9,-100.0,,,-7690,,,-76.9
2017,sports_leisure,83343727db272f1b63942c26cbdfd92f,sports_leisure,83343727db272f1b63942c26cbdfd92f,仅5月销售,1,0,15990,0,159.9,0.0,159.9,,-15990,-159.9,-100.0,,,-15990,,,-159.9
2017,furniture_decor,8338cef8355d238f43711dcb9c0657b2,furniture_decor,8338cef8355d238f43711dcb9c0657b2,两月均有销量,1,2,4590,9180,45.9,91.8,45.9,45.9,4590,45.9,100.0,4590,0,,45.9,0.0,
2017,sports_leisure,833984d7021e50b11df8113b7794e920,sports_leisure,833984d7021e50b11df8113b7794e920,仅5月销售,1,0,6590,0,65.9,0.0,65.9,,-6590,-65.9,-100.0,,,-6590,,,-65.9
2017,fashion_bags_accessories,833b7baca432a26ccfc3e3eaa8271519,fashion_bags_accessories,833b7baca432a26ccfc3e3eaa8271519,仅6月销售,0,1,0,19000,0.0,190.0,,190.0,19000,190.0,,,,19000,,,190.0
2017,furniture_decor,834c93d10b7198a51cb3420a91d0146f,furniture_decor,834c93d10b7198a51cb3420a91d0146f,仅5月销售,1,0,2198,0,21.98,0.0,21.98,,-2198,-21.98,-100.0,,,-2198,,,-21.98
2017,fashion_underwear_beach,836c4b48c2b383bb38bb5788f828c596,fashion_underwear_beach,836c4b48c2b383bb38bb5788f828c596,仅6月销售,0,1,0,390,0.0,3.9,,3.9,390,3.9,,,,390,,,3.9
2017,toys,8373c62235f446ffaae956121a992bf0,toys,8373c62235f446ffaae956121a992bf0,仅5月销售,1,0,8290,0,82.9,0.0,82.9,,-8290,-82.9,-100.0,,,-8290,,,-82.9
2017,computers_accessories,837b5c6df9ceb8a9c604e78fde0e60a2,computers_accessories,837b5c6df9ceb8a9c604e78fde0e60a2,两月均有销量,1,2,2790,5580,27.9,55.8,27.9,27.9,2790,27.9,100.0,2790,0,,27.9,0.0,
2017,(unknown),837f3d09b625825bd84bfccb1f51d8be,(unknown),837f3d09b625825bd84bfccb1f51d8be,仅5月销售,3,0,3489,0,34.89,0.0,11.63,,-3489,-34.89,-100.0,,,-3489,,,-34.89
2017,watches_gifts,8381ea12b1b0b93589326894a9b3a00d,watches_gifts,8381ea12b1b0b93589326894a9b3a00d,仅6月销售,0,1,0,12490,0.0,124.9,,124.9,12490,124.9,,,,12490,,,124.9
2017,fashion_bags_accessories,83834e0b46caaf58fbceba67c0ecb843,fashion_bags_accessories,83834e0b46caaf58fbceba67c0ecb843,仅5月销售,1,0,2990,0,29.9,0.0,29.9,,-2990,-29.9,-100.0,,,-2990,,,-29.9
2017,bed_bath_table,8384a437925520e96cb6acc65235e499,bed_bath_table,8384a437925520e96cb6acc65235e499,两月均有销量,1,1,1950,1899,19.5,18.99,19.5,18.99,-51,-0.51,-2.6153846153846154,0,-51,,0.0,-0.51,
2017,toys,83a1778b0d5b20c0724c97e35f083082,toys,83a1778b0d5b20c0724c97e35f083082,仅5月销售,1,0,6490,0,64.9,0.0,64.9,,-6490,-64.9,-100.0,,,-6490,,,-64.9
2017,watches_gifts,83aa48c17491b729e02a906644a54fe2,watches_gifts,83aa48c17491b729e02a906644a54fe2,仅6月销售,0,1,0,14900,0.0,149.0,,149.0,14900,149.0,,,,14900,,,149.0
2017,watches_gifts,83b6f73c0ad25d9b469deacf8da19d80,watches_gifts,83b6f73c0ad25d9b469deacf8da19d80,仅5月销售,1,0,3900,0,39.0,0.0,39.0,,-3900,-39.0,-100.0,,,-3900,,,-39.0
2017,housewares,83bfae859f4a37b048a3abcecb17c506,housewares,83bfae859f4a37b048a3abcecb17c506,仅6月销售,0,4,0,31960,0.0,319.6,,79.9,31960,319.6,,,,31960,,,319.6
2017,air_conditioning,83ca77d87b187321faaee535adbce26c,air_conditioning,83ca77d87b187321faaee535adbce26c,仅6月销售,0,1,0,79995,0.0,799.95,,799.95,79995,799.95,,,,79995,,,799.95
2017,sports_leisure,83d24e3a3b4a762ff0a4ce727b875d4b,sports_leisure,83d24e3a3b4a762ff0a4ce727b875d4b,仅6月销售,0,2,0,4680,0.0,46.8,,23.4,4680,46.8,,,,4680,,,46.8
2017,pet_shop,83ee05fd05be4375384ffcdeffcc138f,pet_shop,83ee05fd05be4375384ffcdeffcc138f,仅5月销售,1,0,8990,0,89.9,0.0,89.9,,-8990,-89.9,-100.0,,,-8990,,,-89.9
2017,perfumery,84003eefe52bb4112252409a24ae3a73,perfumery,84003eefe52bb4112252409a24ae3a73,仅6月销售,0,2,0,30098,0.0,300.98,,150.49,30098,300.98,,,,30098,,,300.98
2017,furniture_decor,8434c9cfbd72cba6e81064e65d2f05d7,furniture_decor,8434c9cfbd72cba6e81064e65d2f05d7,仅6月销售,0,1,0,7000,0.0,70.0,,70.0,7000,70.0,,,,7000,,,70.0
2017,sports_leisure,84412fdf17ffe7f7b52913a82e73b5b2,sports_leisure,84412fdf17ffe7f7b52913a82e73b5b2,两月均有销量,1,1,16990,16990,169.9,169.9,169.9,169.9,0,0.0,0.0,0,0,,0.0,0.0,
2017,housewares,84676380ed30810651646aee76522f90,housewares,84676380ed30810651646aee76522f90,仅6月销售,0,1,0,2990,0.0,29.9,,29.9,2990,29.9,,,,2990,,,29.9
2017,sports_leisure,8473872cbf0ba205b447e8651bd6e03e,sports_leisure,8473872cbf0ba205b447e8651bd6e03e,仅5月销售,2,0,15800,0,158.0,0.0,79.0,,-15800,-158.0,-100.0,,,-15800,,,-158.0
2017,watches_gifts,8474b565abca4884081d595a23a599d0,watches_gifts,8474b565abca4884081d595a23a599d0,仅6月销售,0,1,0,14900,0.0,149.0,,149.0,14900,149.0,,,,14900,,,149.0
2017,fashion_bags_accessories,8477d691ae21afadfa805681bef3a620,fashion_bags_accessories,8477d691ae21afadfa805681bef3a620,仅6月销售,0,1,0,6490,0.0,64.9,,64.9,6490,64.9,,,,6490,,,64.9
2017,fashion_male_clothing,84bc1370758fa98d08afd0180818217a,fashion_male_clothing,84bc1370758fa98d08afd0180818217a,仅5月销售,1,0,19990,0,199.9,0.0,199.9,,-19990,-199.9,-100.0,,,-19990,,,-199.9
2017,bed_bath_table,84d579e4a2b5057819fbc61e92d6d883,bed_bath_table,84d579e4a2b5057819fbc61e92d6d883,仅5月销售,1,0,5200,0,52.0,0.0,52.0,,-5200,-52.0,-100.0,,,-5200,,,-52.0
2017,housewares,8509049c56caff468e3f35c4eefb6035,housewares,8509049c56caff468e3f35c4eefb6035,仅5月销售,1,0,1150,0,11.5,0.0,11.5,,-1150,-11.5,-100.0,,,-1150,,,-11.5
2017,consoles_games,85337022853da10b8f5fd7d1ef180421,consoles_games,85337022853da10b8f5fd7d1ef180421,仅6月销售,0,1,0,3990,0.0,39.9,,39.9,3990,39.9,,,,3990,,,39.9
2017,luggage_accessories,855b12ca88fe958e9076503d8c716c4e,luggage_accessories,855b12ca88fe958e9076503d8c716c4e,仅6月销售,0,1,0,4590,0.0,45.9,,45.9,4590,45.9,,,,4590,,,45.9
2017,watches_gifts,855f69302e4d53ea69972cb1946a08a0,watches_gifts,855f69302e4d53ea69972cb1946a08a0,仅6月销售,0,1,0,4900,0.0,49.0,,49.0,4900,49.0,,,,4900,,,49.0
2017,market_place,8580e348f827bc4699d12de9afc2305f,market_place,8580e348f827bc4699d12de9afc2305f,仅5月销售,1,0,2199,0,21.99,0.0,21.99,,-2199,-21.99,-100.0,,,-2199,,,-21.99
2017,sports_leisure,85d619318aa201aca57171aabeed0048,sports_leisure,85d619318aa201aca57171aabeed0048,仅6月销售,0,1,0,1400,0.0,14.0,,14.0,1400,14.0,,,,1400,,,14.0
2017,cool_stuff,85df978207ed4024ea16570dbb64fd6e,cool_stuff,85df978207ed4024ea16570dbb64fd6e,仅5月销售,1,0,2400,0,24.0,0.0,24.0,,-2400,-24.0,-100.0,,,-2400,,,-24.0
2017,luggage_accessories,85f0972baa5c063019825fbf04f0d6a9,luggage_accessories,85f0972baa5c063019825fbf04f0d6a9,两月均有销量,1,1,4990,4990,49.9,49.9,49.9,49.9,0,0.0,0.0,0,0,,0.0,0.0,
2017,watches_gifts,85f1c33512bb37126e995ddf7de34cb9,watches_gifts,85f1c33512bb37126e995ddf7de34cb9,仅5月销售,1,0,17800,0,178.0,0.0,178.0,,-17800,-178.0,-100.0,,,-17800,,,-178.0
2017,auto,85f7420fa40ab8ab0d46096ecbecb0b7,auto,85f7420fa40ab8ab0d46096ecbecb0b7,仅6月销售,0,1,0,10299,0.0,102.99,,102.99,10299,102.99,,,,10299,,,102.99
2017,housewares,85f874eb720bb544b42fe257804fec67,housewares,85f874eb720bb544b42fe257804fec67,仅5月销售,1,0,7763,0,77.63,0.0,77.63,,-7763,-77.63,-100.0,,,-7763,,,-77.63
2017,musical_instruments,860ad475cebc2e85e852042dad735be0,musical_instruments,860ad475cebc2e85e852042dad735be0,仅5月销售,2,0,7000,0,70.0,0.0,35.0,,-7000,-70.0,-100.0,,,-7000,,,-70.0
2017,bed_bath_table,86271c025e6ff0c1d327388c0b4c811b,bed_bath_table,86271c025e6ff0c1d327388c0b4c811b,仅5月销售,1,0,16799,0,167.99,0.0,167.99,,-16799,-167.99,-100.0,,,-16799,,,-167.99
2017,furniture_decor,862f21f0a089e3a09528412f6ec63428,furniture_decor,862f21f0a089e3a09528412f6ec63428,仅5月销售,2,0,11948,0,119.48,0.0,59.74,,-11948,-119.48,-100.0,,,-11948,,,-119.48
2017,health_beauty,8640f0c0e2d0af93274cad7452f80034,health_beauty,8640f0c0e2d0af93274cad7452f80034,两月均有销量,1,2,6490,12980,64.9,129.8,64.9,64.9,6490,64.9,100.0,6490,0,,64.9,0.0,
2017,cool_stuff,86513cbf63bb505ec42c62b661324672,cool_stuff,86513cbf63bb505ec42c62b661324672,仅5月销售,1,0,12999,0,129.99,0.0,129.99,,-12999,-129.99,-100.0,,,-12999,,,-129.99
2017,bed_bath_table,86766d5e84f560b949d8a4582e9fdbdb,bed_bath_table,86766d5e84f560b949d8a4582e9fdbdb,仅6月销售,0,1,0,18999,0.0,189.99,,189.99,18999,189.99,,,,18999,,,189.99
2017,perfumery,8695c431b31927efef5343e675f279e7,perfumery,8695c431b31927efef5343e675f279e7,仅5月销售,6,0,107940,0,1079.4,0.0,179.9,,-107940,-1079.4,-100.0,,,-107940,,,-1079.4
2017,watches_gifts,86c43103446290e7efacad3701cd654d,watches_gifts,86c43103446290e7efacad3701cd654d,仅5月销售,2,0,7000,0,70.0,0.0,35.0,,-7000,-70.0,-100.0,,,-7000,,,-70.0
2017,baby,86da2c247cca57fe5928cc175e2a65e3,baby,86da2c247cca57fe5928cc175e2a65e3,仅6月销售,0,1,0,9490,0.0,94.9,,94.9,9490,94.9,,,,9490,,,94.9
2017,fashion_bags_accessories,86f8507285c074360ac0969d4a664895,fashion_bags_accessories,86f8507285c074360ac0969d4a664895,仅5月销售,1,0,3990,0,39.9,0.0,39.9,,-3990,-39.9,-100.0,,,-3990,,,-39.9
2017,computers_accessories,870bcc6c58e03ca658cfdd13db4bbe28,computers_accessories,870bcc6c58e03ca658cfdd13db4bbe28,仅5月销售,7,0,101493,0,1014.93,0.0,144.99,,-101493,-1014.93,-100.0,,,-101493,,,-1014.93
2017,fashion_bags_accessories,87283a98b24f9f1ac3a31b631073cf47,fashion_bags_accessories,87283a98b24f9f1ac3a31b631073cf47,仅5月销售,3,0,14970,0,149.7,0.0,49.9,,-14970,-149.7,-100.0,,,-14970,,,-149.7
2017,furniture_living_room,872db866d615db59612ac933f43d6b22,furniture_living_room,872db866d615db59612ac933f43d6b22,仅5月销售,2,0,20794,0,207.94,0.0,103.97,,-20794,-207.94,-100.0,,,-20794,,,-207.94
2017,pet_shop,8733e369905b1de9a955ced731e9717a,pet_shop,8733e369905b1de9a955ced731e9717a,仅5月销售,1,0,5999,0,59.99,0.0,59.99,,-5999,-59.99,-100.0,,,-5999,,,-59.99
2017,sports_leisure,873ecb2fd02d35f52e5820550e538e72,sports_leisure,873ecb2fd02d35f52e5820550e538e72,仅6月销售,0,1,0,19900,0.0,199.0,,199.0,19900,199.0,,,,19900,,,199.0
2017,sports_leisure,87600b5691804854827b5df8c04767b2,sports_leisure,87600b5691804854827b5df8c04767b2,仅5月销售,1,0,13500,0,135.0,0.0,135.0,,-13500,-135.0,-100.0,,,-13500,,,-135.0
2017,bed_bath_table,879427b9d8a3ae52519297b567fc8e71,bed_bath_table,879427b9d8a3ae52519297b567fc8e71,仅6月销售,0,1,0,16699,0.0,166.99,,166.99,16699,166.99,,,,16699,,,166.99
2017,fashio_female_clothing,87ac7e3e844a79b97f7b98cecfbc69db,fashio_female_clothing,87ac7e3e844a79b97f7b98cecfbc69db,仅5月销售,1,0,14030,0,140.3,0.0,140.3,,-14030,-140.3,-100.0,,,-14030,,,-140.3
2017,perfumery,87b73d2916d30401b87dff20844af6db,perfumery,87b73d2916d30401b87dff20844af6db,仅5月销售,2,0,21900,0,219.0,0.0,109.5,,-21900,-219.0,-100.0,,,-21900,,,-219.0
2017,housewares,87b92e06b320e803d334ac23966c80b1,housewares,87b92e06b320e803d334ac23966c80b1,仅5月销售,2,0,19998,0,199.98,0.0,99.99,,-19998,-199.98,-100.0,,,-19998,,,-199.98
2017,watches_gifts,87cb507e0daa37bbf34956fd59eba832,watches_gifts,87cb507e0daa37bbf34956fd59eba832,仅5月销售,1,0,2900,0,29.0,0.0,29.0,,-2900,-29.0,-100.0,,,-2900,,,-29.0
2017,computers_accessories,87cc2aef12eddf0b170234138b0946e0,computers_accessories,87cc2aef12eddf0b170234138b0946e0,两月均有销量,2,1,37162,18581,371.62,185.81,185.81,185.81,-18581,-185.81,-50.0,-18581,0,,-185.81,0.0,
2017,bed_bath_table,87d780fa7d2cf3710aa02dc4ca8db985,bed_bath_table,87d780fa7d2cf3710aa02dc4ca8db985,仅6月销售,0,1,0,9990,0.0,99.9,,99.9,9990,99.9,,,,9990,,,99.9
2017,sports_leisure,87dc701592a3d9c9b7b02e6b004f7764,sports_leisure,87dc701592a3d9c9b7b02e6b004f7764,仅5月销售,1,0,900,0,9.0,0.0,9.0,,-900,-9.0,-100.0,,,-900,,,-9.0
2017,cool_stuff,87e6cf7eb3e4996b725323a1d704fb8b,cool_stuff,87e6cf7eb3e4996b725323a1d704fb8b,仅5月销售,1,0,22800,0,228.0,0.0,228.0,,-22800,-228.0,-100.0,,,-22800,,,-228.0
2017,toys,880be32f4db1d9f6e2bec38fb6ac23ab,toys,880be32f4db1d9f6e2bec38fb6ac23ab,两月均有销量,10,8,42990,34392,429.9,343.92,42.99,42.99,-8598,-85.98,-20.0,-8598,0,,-85.98,0.0,
2017,musical_instruments,8814548104f71bb92ca911ffbe3fcfca,musical_instruments,8814548104f71bb92ca911ffbe3fcfca,仅5月销售,1,0,21082,0,210.82,0.0,210.82,,-21082,-210.82,-100.0,,,-21082,,,-210.82
2017,furniture_decor,882ebbd926d1093b09ff76e976866954,furniture_decor,882ebbd926d1093b09ff76e976866954,仅5月销售,1,0,9990,0,99.9,0.0,99.9,,-9990,-99.9,-100.0,,,-9990,,,-99.9
2017,auto,883e57b1f0fab96202d9e39efbe3b671,auto,883e57b1f0fab96202d9e39efbe3b671,仅5月销售,1,0,11990,0,119.9,0.0,119.9,,-11990,-119.9,-100.0,,,-11990,,,-119.9
2017,housewares,887dba291adc295b57b5778ebc8b4060,housewares,887dba291adc295b57b5778ebc8b4060,仅5月销售,1,0,2640,0,26.4,0.0,26.4,,-2640,-26.4,-100.0,,,-2640,,,-26.4
2017,housewares,888c70e66e6ead36f2269484a6813212,housewares,888c70e66e6ead36f2269484a6813212,仅5月销售,1,0,2300,0,23.0,0.0,23.0,,-2300,-23.0,-100.0,,,-2300,,,-23.0
2017,cine_photo,88a1223b29fac4c3abef8d1369dbbaea,cine_photo,88a1223b29fac4c3abef8d1369dbbaea,两月均有销量,1,1,5900,7900,59.0,79.0,59.0,79.0,2000,20.0,33.898305084745765,0,2000,,0.0,20.0,
2017,(unknown),88c09dd121ebe0b119a759773d405cc4,(unknown),88c09dd121ebe0b119a759773d405cc4,仅5月销售,1,0,3900,0,39.0,0.0,39.0,,-3900,-39.0,-100.0,,,-3900,,,-39.0
2017,music,88c44792cd15d55bc4263bf91672e0f6,music,88c44792cd15d55bc4263bf91672e0f6,仅6月销售,0,1,0,7990,0.0,79.9,,79.9,7990,79.9,,,,7990,,,79.9
2017,fashion_bags_accessories,88d07a97123a341509effc395bf418c8,fashion_bags_accessories,88d07a97123a341509effc395bf418c8,仅5月销售,2,0,5980,0,59.8,0.0,29.9,,-5980,-59.8,-100.0,,,-5980,,,-59.8
2017,computers_accessories,88d4861333d5a570ffdfc395e90d929d,computers_accessories,88d4861333d5a570ffdfc395e90d929d,仅5月销售,1,0,33900,0,339.0,0.0,339.0,,-33900,-339.0,-100.0,,,-33900,,,-339.0
2017,pet_shop,88de5a4c9a8190df7f9b4a5b4f3f68cd,pet_shop,88de5a4c9a8190df7f9b4a5b4f3f68cd,仅5月销售,1,0,1950,0,19.5,0.0,19.5,,-1950,-19.5,-100.0,,,-1950,,,-19.5
2017,audio,88f2c10f7a675e2f7e5a00ec528d973a,audio,88f2c10f7a675e2f7e5a00ec528d973a,仅5月销售,1,0,12990,0,129.9,0.0,129.9,,-12990,-129.9,-100.0,,,-12990,,,-129.9
2017,sports_leisure,8901581464c0fcdb80194ba0fad7e559,sports_leisure,8901581464c0fcdb80194ba0fad7e559,仅5月销售,1,0,5600,0,56.0,0.0,56.0,,-5600,-56.0,-100.0,,,-5600,,,-56.0
2017,perfumery,8919fe2519b9ec1fb828896ac4f52959,perfumery,8919fe2519b9ec1fb828896ac4f52959,仅6月销售,0,1,0,14900,0.0,149.0,,149.0,14900,149.0,,,,14900,,,149.0
2017,audio,891f85176bb33d23b19f1cc30eb2660f,audio,891f85176bb33d23b19f1cc30eb2660f,仅5月销售,1,0,13999,0,139.99,0.0,139.99,,-13999,-139.99,-100.0,,,-13999,,,-139.99
2017,cool_stuff,892832da5b05b0f54578e1f14f193c22,cool_stuff,892832da5b05b0f54578e1f14f193c22,仅6月销售,0,1,0,14900,0.0,149.0,,149.0,14900,149.0,,,,14900,,,149.0
2017,toys,89427567da9c9b075c9dca131535104d,toys,89427567da9c9b075c9dca131535104d,两月均有销量,1,1,2500,2500,25.0,25.0,25.0,25.0,0,0.0,0.0,0,0,,0.0,0.0,
2017,home_confort,89bbac967e47033f5d8c15527de1ef9f,home_confort,89bbac967e47033f5d8c15527de1ef9f,仅6月销售,0,1,0,26900,0.0,269.0,,269.0,26900,269.0,,,,26900,,,269.0
2017,computers_accessories,89d49f6d10ff422902b2c2cb05da7f1c,computers_accessories,89d49f6d10ff422902b2c2cb05da7f1c,仅5月销售,2,0,9980,0,99.8,0.0,49.9,,-9980,-99.8,-100.0,,,-9980,,,-99.8
2017,auto,89d845908f978f6a8d8b8779ef177216,auto,89d845908f978f6a8d8b8779ef177216,仅5月销售,1,0,74900,0,749.0,0.0,749.0,,-74900,-749.0,-100.0,,,-74900,,,-749.0
2017,(unknown),89dacd5290cff31247fa3e2412c08e02,(unknown),89dacd5290cff31247fa3e2412c08e02,仅5月销售,1,0,34999,0,349.99,0.0,349.99,,-34999,-349.99,-100.0,,,-34999,,,-349.99
2017,health_beauty,89f055104adb9365d7f7b5c475f77742,health_beauty,89f055104adb9365d7f7b5c475f77742,两月均有销量,2,3,5380,8070,53.8,80.7,26.9,26.9,2690,26.9,50.0,2690,0,,26.9,0.0,
2017,sports_leisure,89f1e78cec2da8a550bc341cfc36c066,sports_leisure,89f1e78cec2da8a550bc341cfc36c066,仅5月销售,4,0,15960,0,159.6,0.0,39.9,,-15960,-159.6,-100.0,,,-15960,,,-159.6
2017,fashio_female_clothing,89f46d1e213867388c2fac6078f5c06d,fashio_female_clothing,89f46d1e213867388c2fac6078f5c06d,仅6月销售,0,1,0,6490,0.0,64.9,,64.9,6490,64.9,,,,6490,,,64.9
2017,pet_shop,89fe9f3c22efcfa4bd05c0cf71c70a18,pet_shop,89fe9f3c22efcfa4bd05c0cf71c70a18,仅6月销售,0,1,0,5999,0.0,59.99,,59.99,5999,59.99,,,,5999,,,59.99
2017,(unknown),8a0c7c7b32d023b5c6cefe93d16e4a99,(unknown),8a0c7c7b32d023b5c6cefe93d16e4a99,仅5月销售,3,0,28497,0,284.97,0.0,94.99,,-28497,-284.97,-100.0,,,-28497,,,-284.97
2017,(unknown),8a26f391ab8b209f67d87dd358f6f004,(unknown),8a26f391ab8b209f67d87dd358f6f004,仅6月销售,0,2,0,9918,0.0,99.18,,49.59,9918,99.18,,,,9918,,,99.18
2017,bed_bath_table,8a27fbb311995ff454749a35fc0bd9a9,bed_bath_table,8a27fbb311995ff454749a35fc0bd9a9,仅5月销售,1,0,5990,0,59.9,0.0,59.9,,-5990,-59.9,-100.0,,,-5990,,,-59.9
2017,bed_bath_table,8a2c3b7ed6d098de813279ade9a1d0de,bed_bath_table,8a2c3b7ed6d098de813279ade9a1d0de,仅5月销售,1,0,16999,0,169.99,0.0,169.99,,-16999,-169.99,-100.0,,,-16999,,,-169.99
2017,bed_bath_table,8a443635fdf9759915c9be5be2e3b862,bed_bath_table,8a443635fdf9759915c9be5be2e3b862,仅6月销售,0,1,0,9990,0.0,99.9,,99.9,9990,99.9,,,,9990,,,99.9
2017,garden_tools,8a5bdb0edeb5e2664a2f147198a52b9b,garden_tools,8a5bdb0edeb5e2664a2f147198a52b9b,仅5月销售,1,0,20900,0,209.0,0.0,209.0,,-20900,-209.0,-100.0,,,-20900,,,-209.0
2017,baby,8aa6223e400af9c97b07c75993142721,baby,8aa6223e400af9c97b07c75993142721,两月均有销量,1,1,21999,21999,219.99,219.99,219.99,219.99,0,0.0,0.0,0,0,,0.0,0.0,
2017,pet_shop,8ab5f8c45e722c22351580a4b0fcc8ad,pet_shop,8ab5f8c45e722c22351580a4b0fcc8ad,仅6月销售,0,2,0,3598,0.0,35.98,,17.99,3598,35.98,,,,3598,,,35.98
2017,computers_accessories,8ab62f080b5f7845a01942d6a2e28779,computers_accessories,8ab62f080b5f7845a01942d6a2e28779,仅5月销售,1,0,3990,0,39.9,0.0,39.9,,-3990,-39.9,-100.0,,,-3990,,,-39.9
2017,home_confort,8aebd177020fc8a6fa6a321ac4c44de7,home_confort,8aebd177020fc8a6fa6a321ac4c44de7,仅6月销售,0,1,0,7500,0.0,75.0,,75.0,7500,75.0,,,,7500,,,75.0
2017,fashion_sport,8aeef27d525d6bfa3b48e599a6c15ffd,fashion_sport,8aeef27d525d6bfa3b48e599a6c15ffd,仅5月销售,1,0,4995,0,49.95,0.0,49.95,,-4995,-49.95,-100.0,,,-4995,,,-49.95
2017,watches_gifts,8af2faad4d636a6f4f1d465cda23268f,watches_gifts,8af2faad4d636a6f4f1d465cda23268f,仅5月销售,1,0,125000,0,1250.0,0.0,1250.0,,-125000,-1250.0,-100.0,,,-125000,,,-1250.0
2017,furniture_decor,8b199a0f183f8011403f53356c564d80,furniture_decor,8b199a0f183f8011403f53356c564d80,仅5月销售,1,0,17800,0,178.0,0.0,178.0,,-17800,-178.0,-100.0,,,-17800,,,-178.0
2017,telephony,8b1b115b8dc96bdfa740d4267019a201,telephony,8b1b115b8dc96bdfa740d4267019a201,仅6月销售,0,2,0,5998,0.0,59.98,,29.99,5998,59.98,,,,5998,,,59.98
2017,toys,8b2eea9258754b47d5e4a9937f113a77,toys,8b2eea9258754b47d5e4a9937f113a77,仅5月销售,1,0,9490,0,94.9,0.0,94.9,,-9490,-94.9,-100.0,,,-9490,,,-94.9
2017,computers_accessories,8b32eb3053c5c248a5e547f8a1bfb859,computers_accessories,8b32eb3053c5c248a5e547f8a1bfb859,仅6月销售,0,1,0,6900,0.0,69.0,,69.0,6900,69.0,,,,6900,,,69.0
2017,sports_leisure,8b39be5bbb8a4585ed19cacbf4162c27,sports_leisure,8b39be5bbb8a4585ed19cacbf4162c27,仅5月销售,1,0,4990,0,49.9,0.0,49.9,,-4990,-49.9,-100.0,,,-4990,,,-49.9
2017,furniture_decor,8b41e0e27cc6de15e59de3853fcf51ce,furniture_decor,8b41e0e27cc6de15e59de3853fcf51ce,仅6月销售,0,1,0,5490,0.0,54.9,,54.9,5490,54.9,,,,5490,,,54.9
2017,furniture_decor,8b5632d7a4f86bd2f1331355305427e6,furniture_decor,8b5632d7a4f86bd2f1331355305427e6,仅5月销售,1,0,18900,0,189.0,0.0,189.0,,-18900,-189.0,-100.0,,,-18900,,,-189.0
2017,sports_leisure,8b6ed41158b194711f83b8da92757544,sports_leisure,8b6ed41158b194711f83b8da92757544,仅6月销售,0,8,0,13002,0.0,130.02,,16.2525,13002,130.02,,,,13002,,,130.02
2017,home_appliances,8b703da31bafff192fa02873886b9074,home_appliances,8b703da31bafff192fa02873886b9074,仅5月销售,1,0,15900,0,159.0,0.0,159.0,,-15900,-159.0,-100.0,,,-15900,,,-159.0
2017,market_place,8b878f082e217c587ef3ad9431c6c762,market_place,8b878f082e217c587ef3ad9431c6c762,仅6月销售,0,1,0,25757,0.0,257.57,,257.57,25757,257.57,,,,25757,,,257.57
2017,sports_leisure,8b8b4d3f77864f6e8f6b35fc23ff63ca,sports_leisure,8b8b4d3f77864f6e8f6b35fc23ff63ca,仅5月销售,1,0,9199,0,91.99,0.0,91.99,,-9199,-91.99,-100.0,,,-9199,,,-91.99
2017,pet_shop,8b92139f9270553dc3fefeac3ef69034,pet_shop,8b92139f9270553dc3fefeac3ef69034,仅5月销售,1,0,4690,0,46.9,0.0,46.9,,-4690,-46.9,-100.0,,,-4690,,,-46.9
2017,bed_bath_table,8baa04d18d4b88b620189531e5222f1c,bed_bath_table,8baa04d18d4b88b620189531e5222f1c,仅5月销售,1,0,5990,0,59.9,0.0,59.9,,-5990,-59.9,-100.0,,,-5990,,,-59.9
2017,cool_stuff,8bad0b03a701f851b31594eb2eb758b8,cool_stuff,8bad0b03a701f851b31594eb2eb758b8,仅5月销售,1,0,2099,0,20.99,0.0,20.99,,-2099,-20.99,-100.0,,,-2099,,,-20.99
2017,bed_bath_table,8bd4145633bb6d4e5ae091577f6b8dce,bed_bath_table,8bd4145633bb6d4e5ae091577f6b8dce,仅6月销售,0,1,0,4990,0.0,49.9,,49.9,4990,49.9,,,,4990,,,49.9
2017,sports_leisure,8beaa9c2347824b1bf4f8784a0cb5ee4,sports_leisure,8beaa9c2347824b1bf4f8784a0cb5ee4,仅6月销售,0,1,0,4690,0.0,46.9,,46.9,4690,46.9,,,,4690,,,46.9
2017,computers_accessories,8bed4c826276d0ffcb0f5eb40861f9ea,computers_accessories,8bed4c826276d0ffcb0f5eb40861f9ea,仅5月销售,1,0,8990,0,89.9,0.0,89.9,,-8990,-89.9,-100.0,,,-8990,,,-89.9
2017,garden_tools,8bfd18c7b7358231b2a3f9ae98eed105,garden_tools,8bfd18c7b7358231b2a3f9ae98eed105,仅6月销售,0,1,0,17990,0.0,179.9,,179.9,17990,179.9,,,,17990,,,179.9
2017,(unknown),8c0bd0d6526379599b74a3a006d4c124,(unknown),8c0bd0d6526379599b74a3a006d4c124,仅5月销售,1,0,2799,0,27.99,0.0,27.99,,-2799,-27.99,-100.0,,,-2799,,,-27.99
2017,toys,8c0c3a8ad1d1896e7d9d66921a4b66ab,toys,8c0c3a8ad1d1896e7d9d66921a4b66ab,仅6月销售,0,1,0,22999,0.0,229.99,,229.99,22999,229.99,,,,22999,,,229.99
2017,electronics,8c38d21062ec6ee492c3500d01150b7a,electronics,8c38d21062ec6ee492c3500d01150b7a,两月均有销量,6,1,8800,1600,88.0,16.0,14.666666666666668,16.0,-7200,-72.0,-81.81818181818181,-7667,467,,-76.67,4.67,
2017,telephony,8c5876b1c7768217964f353bc7e64393,telephony,8c5876b1c7768217964f353bc7e64393,两月均有销量,8,3,39200,14700,392.0,147.0,49.0,49.0,-24500,-245.0,-62.5,-24500,0,,-245.0,0.0,
2017,garden_tools,8c591ab0ca519558779df02023177f44,garden_tools,8c591ab0ca519558779df02023177f44,两月均有销量,1,2,11999,23998,119.99,239.98,119.99,119.99,11999,119.99,100.0,11999,0,,119.99,0.0,
2017,bed_bath_table,8c7fe240bfde64b6a20eec6fdb986b1b,bed_bath_table,8c7fe240bfde64b6a20eec6fdb986b1b,仅6月销售,0,1,0,7690,0.0,76.9,,76.9,7690,76.9,,,,7690,,,76.9
2017,health_beauty,8c96a6969d0fad20629fec9c1ea45e02,health_beauty,8c96a6969d0fad20629fec9c1ea45e02,仅6月销售,0,1,0,7990,0.0,79.9,,79.9,7990,79.9,,,,7990,,,79.9
2017,books_general_interest,8c9faf6aabee9b2a30b83f92d786f6de,books_general_interest,8c9faf6aabee9b2a30b83f92d786f6de,仅6月销售,0,1,0,11790,0.0,117.9,,117.9,11790,117.9,,,,11790,,,117.9
2017,sports_leisure,8cab8abac59158715e0d70a36c807415,sports_leisure,8cab8abac59158715e0d70a36c807415,仅5月销售,1,0,9990,0,99.9,0.0,99.9,,-9990,-99.9,-100.0,,,-9990,,,-99.9
2017,housewares,8cb6f92f3b07d35afd093ae66a4dc768,housewares,8cb6f92f3b07d35afd093ae66a4dc768,仅5月销售,1,0,3790,0,37.9,0.0,37.9,,-3790,-37.9,-100.0,,,-3790,,,-37.9
2017,bed_bath_table,8cba6b5fd208416dd934839f74f568e3,bed_bath_table,8cba6b5fd208416dd934839f74f568e3,仅6月销售,0,1,0,3699,0.0,36.99,,36.99,3699,36.99,,,,3699,,,36.99
2017,luggage_accessories,8cd9fd2917c6e1b0f29acae309d564fe,luggage_accessories,8cd9fd2917c6e1b0f29acae309d564fe,仅6月销售,0,1,0,5490,0.0,54.9,,54.9,5490,54.9,,,,5490,,,54.9
2017,furniture_decor,8cddb7e987edc2597c2ed9ccd321d975,furniture_decor,8cddb7e987edc2597c2ed9ccd321d975,仅6月销售,0,1,0,4970,0.0,49.7,,49.7,4970,49.7,,,,4970,,,49.7
2017,computers_accessories,8ce6b041b5fa5dfaa937f53e145ce299,computers_accessories,8ce6b041b5fa5dfaa937f53e145ce299,仅6月销售,0,1,0,13000,0.0,130.0,,130.0,13000,130.0,,,,13000,,,130.0
2017,computers_accessories,8cec92449a671f49ee9ef23dfecfb1c2,computers_accessories,8cec92449a671f49ee9ef23dfecfb1c2,仅5月销售,1,0,5880,0,58.8,0.0,58.8,,-5880,-58.8,-100.0,,,-5880,,,-58.8
2017,sports_leisure,8d024e70a7e9e92b8851684d047a7021,sports_leisure,8d024e70a7e9e92b8851684d047a7021,仅5月销售,2,0,31500,0,315.0,0.0,157.5,,-31500,-315.0,-100.0,,,-31500,,,-315.0
2017,office_furniture,8d070077591cb06503a4933e5050bc69,office_furniture,8d070077591cb06503a4933e5050bc69,仅6月销售,0,1,0,12699,0.0,126.99,,126.99,12699,126.99,,,,12699,,,126.99
2017,telephony,8d139b1550c8cc91a3babc9cfe9fc147,telephony,8d139b1550c8cc91a3babc9cfe9fc147,仅6月销售,0,2,0,13998,0.0,139.98,,69.99,13998,139.98,,,,13998,,,139.98
2017,market_place,8d1cfc0463b545928bfb4e589e017bd4,market_place,8d1cfc0463b545928bfb4e589e017bd4,两月均有销量,3,3,18840,18840,188.4,188.4,62.8,62.8,0,0.0,0.0,0,0,,0.0,0.0,
2017,bed_bath_table,8d37ee446981d3790967d0268d6cfc81,bed_bath_table,8d37ee446981d3790967d0268d6cfc81,两月均有销量,1,2,4999,10698,49.99,106.98,49.99,53.49,5699,56.99,114.00280056011202,5174,525,,51.74,5.25,
2017,pet_shop,8d4ff8de5e399964646ef5f4ee698076,pet_shop,8d4ff8de5e399964646ef5f4ee698076,仅6月销售,0,1,0,1800,0.0,18.0,,18.0,1800,18.0,,,,1800,,,18.0
2017,furniture_decor,8d777214c45c704660310bdc5a2741ea,furniture_decor,8d777214c45c704660310bdc5a2741ea,仅6月销售,0,1,0,2990,0.0,29.9,,29.9,2990,29.9,,,,2990,,,29.9
2017,fashion_bags_accessories,8d7fb99738e3e3abeeb1aa30d3c7f69f,fashion_bags_accessories,8d7fb99738e3e3abeeb1aa30d3c7f69f,仅5月销售,1,0,9999,0,99.99,0.0,99.99,,-9999,-99.99,-100.0,,,-9999,,,-99.99
2017,cool_stuff,8d8109048bbf6f0369b1522029f92a19,cool_stuff,8d8109048bbf6f0369b1522029f92a19,仅5月销售,1,0,4890,0,48.9,0.0,48.9,,-4890,-48.9,-100.0,,,-4890,,,-48.9
2017,furniture_decor,8d8873c048c8f81781d339a726ec38dc,furniture_decor,8d8873c048c8f81781d339a726ec38dc,仅6月销售,0,2,0,19998,0.0,199.98,,99.99,19998,199.98,,,,19998,,,199.98
2017,toys,8d98dedc3c19de17f1a090195e85d6b6,toys,8d98dedc3c19de17f1a090195e85d6b6,两月均有销量,5,1,24950,4990,249.5,49.9,49.9,49.9,-19960,-199.6,-80.0,-19960,0,,-199.6,0.0,
2017,bed_bath_table,8d9d31dc8d8c05062987d883cefa98be,bed_bath_table,8d9d31dc8d8c05062987d883cefa98be,仅6月销售,0,1,0,4990,0.0,49.9,,49.9,4990,49.9,,,,4990,,,49.9
2017,consoles_games,8dad29b3b6c42d0b966e5ea7b5498132,consoles_games,8dad29b3b6c42d0b966e5ea7b5498132,仅6月销售,0,1,0,12900,0.0,129.0,,129.0,12900,129.0,,,,12900,,,129.0
2017,auto,8dfb264673631eed595f12828b0ff2c6,auto,8dfb264673631eed595f12828b0ff2c6,仅6月销售,0,1,0,18999,0.0,189.99,,189.99,18999,189.99,,,,18999,,,189.99
2017,furniture_decor,8e0aa05a387182c8ef3cd13b6131e60f,furniture_decor,8e0aa05a387182c8ef3cd13b6131e60f,仅5月销售,1,0,24990,0,249.9,0.0,249.9,,-24990,-249.9,-100.0,,,-24990,,,-249.9
2017,bed_bath_table,8e312c483d79e02dbc1d68cce77e26c8,bed_bath_table,8e312c483d79e02dbc1d68cce77e26c8,仅6月销售,0,1,0,2890,0.0,28.9,,28.9,2890,28.9,,,,2890,,,28.9
2017,fashion_bags_accessories,8e3e3059aabb0c13679db43619590ad5,fashion_bags_accessories,8e3e3059aabb0c13679db43619590ad5,仅6月销售,0,1,0,19990,0.0,199.9,,199.9,19990,199.9,,,,19990,,,199.9
2017,health_beauty,8e436253e3c4eeacc3b2757482517200,health_beauty,8e436253e3c4eeacc3b2757482517200,仅5月销售,2,0,3998,0,39.98,0.0,19.99,,-3998,-39.98,-100.0,,,-3998,,,-39.98
2017,housewares,8e5bf6185743f64468d6023af118208a,housewares,8e5bf6185743f64468d6023af118208a,仅6月销售,0,1,0,7590,0.0,75.9,,75.9,7590,75.9,,,,7590,,,75.9
2017,home_confort,8e630a6101b33d99671d79b67b87052d,home_confort,8e630a6101b33d99671d79b67b87052d,仅6月销售,0,1,0,59900,0.0,599.0,,599.0,59900,599.0,,,,59900,,,599.0
2017,furniture_decor,8e8166ffb5959b17e74f94862044bd74,furniture_decor,8e8166ffb5959b17e74f94862044bd74,仅6月销售,0,1,0,2475,0.0,24.75,,24.75,2475,24.75,,,,2475,,,24.75
2017,furniture_decor,8e87f0e6eb7e5a27568309035f4fc854,furniture_decor,8e87f0e6eb7e5a27568309035f4fc854,仅5月销售,1,0,3999,0,39.99,0.0,39.99,,-3999,-39.99,-100.0,,,-3999,,,-39.99
2017,toys,8ea24524f646a4f1d16caa2ef26bbe6a,toys,8ea24524f646a4f1d16caa2ef26bbe6a,仅5月销售,1,0,8990,0,89.9,0.0,89.9,,-8990,-89.9,-100.0,,,-8990,,,-89.9
2017,sports_leisure,8ea6ac3e8afa3363c9f89a5d86508168,sports_leisure,8ea6ac3e8afa3363c9f89a5d86508168,仅6月销售,0,1,0,8890,0.0,88.9,,88.9,8890,88.9,,,,8890,,,88.9
2017,garden_tools,8eaa9bab89d7c3af6b8d4c7156573e79,garden_tools,8eaa9bab89d7c3af6b8d4c7156573e79,仅5月销售,1,0,35000,0,350.0,0.0,350.0,,-35000,-350.0,-100.0,,,-35000,,,-350.0
2017,housewares,8ee15ce472d128e8ea95d9a24c2d397c,housewares,8ee15ce472d128e8ea95d9a24c2d397c,仅6月销售,0,1,0,4690,0.0,46.9,,46.9,4690,46.9,,,,4690,,,46.9
2017,(unknown),8ef13bdd5d6da4bc50df1aaa486bf922,(unknown),8ef13bdd5d6da4bc50df1aaa486bf922,仅5月销售,1,0,69999,0,699.99,0.0,699.99,,-69999,-699.99,-100.0,,,-69999,,,-699.99
2017,watches_gifts,8effae0c3be3eab7870860070ca5e51a,watches_gifts,8effae0c3be3eab7870860070ca5e51a,仅5月销售,1,0,18900,0,189.0,0.0,189.0,,-18900,-189.0,-100.0,,,-18900,,,-189.0
2017,watches_gifts,8f3a1c2358138bedfb98645db449110c,watches_gifts,8f3a1c2358138bedfb98645db449110c,仅6月销售,0,1,0,27990,0.0,279.9,,279.9,27990,279.9,,,,27990,,,279.9
2017,housewares,8f40f0b0018b8f6fd449c4c0713e3118,housewares,8f40f0b0018b8f6fd449c4c0713e3118,仅5月销售,1,0,53890,0,538.9,0.0,538.9,,-53890,-538.9,-100.0,,,-53890,,,-538.9
2017,bed_bath_table,8f41c6ba389c91b377bba94e332bf925,bed_bath_table,8f41c6ba389c91b377bba94e332bf925,仅6月销售,0,2,0,10698,0.0,106.98,,53.49,10698,106.98,,,,10698,,,106.98
2017,computers_accessories,8f4325bbe83f7ee057479e45ba62a5a4,computers_accessories,8f4325bbe83f7ee057479e45ba62a5a4,仅5月销售,1,0,34742,0,347.42,0.0,347.42,,-34742,-347.42,-100.0,,,-34742,,,-347.42
2017,garden_tools,8f79800a347de2da5104a414bc791a0b,garden_tools,8f79800a347de2da5104a414bc791a0b,仅5月销售,1,0,1690,0,16.9,0.0,16.9,,-1690,-16.9,-100.0,,,-1690,,,-16.9
2017,furniture_decor,8f8e77fd044480226cd55c1ebb9df34a,furniture_decor,8f8e77fd044480226cd55c1ebb9df34a,仅6月销售,0,1,0,4990,0.0,49.9,,49.9,4990,49.9,,,,4990,,,49.9
2017,baby,8f983b383c2d3e409d71cfd12dbc7a42,baby,8f983b383c2d3e409d71cfd12dbc7a42,仅6月销售,0,1,0,34999,0.0,349.99,,349.99,34999,349.99,,,,34999,,,349.99
2017,pet_shop,8f9eb414b31a9433e8c89178813a2072,pet_shop,8f9eb414b31a9433e8c89178813a2072,仅6月销售,0,1,0,5600,0.0,56.0,,56.0,5600,56.0,,,,5600,,,56.0
2017,computers_accessories,8fbd36d3b045f5f38b252b1513478f38,computers_accessories,8fbd36d3b045f5f38b252b1513478f38,仅6月销售,0,1,0,3290,0.0,32.9,,32.9,3290,32.9,,,,3290,,,32.9
2017,perfumery,8fd4a0aecf57598dcdc75d1520069acf,perfumery,8fd4a0aecf57598dcdc75d1520069acf,两月均有销量,3,2,53700,35800,537.0,358.0,179.0,179.0,-17900,-179.0,-33.333333333333336,-17900,0,,-179.0,0.0,
2017,auto,8fe3fb275f0151a5bc2e1580d05e0f8f,auto,8fe3fb275f0151a5bc2e1580d05e0f8f,仅6月销售,0,1,0,16900,0.0,169.0,,169.0,16900,169.0,,,,16900,,,169.0
2017,garden_tools,900a1000340c354f62ee5f07f3a080ac,garden_tools,900a1000340c354f62ee5f07f3a080ac,仅5月销售,5,0,87400,0,874.0,0.0,174.8,,-87400,-874.0,-100.0,,,-87400,,,-874.0
2017,stationery,9020ce7adcc384b2899ae87ddc54767b,stationery,9020ce7adcc384b2899ae87ddc54767b,仅6月销售,0,1,0,13600,0.0,136.0,,136.0,13600,136.0,,,,13600,,,136.0
2017,garden_tools,902ef94ec6b84c1abdc30ac2877a0e95,garden_tools,902ef94ec6b84c1abdc30ac2877a0e95,仅5月销售,1,0,24990,0,249.9,0.0,249.9,,-24990,-249.9,-100.0,,,-24990,,,-249.9
2017,furniture_decor,90467a0531183f8fd2cc76ca735df8a5,furniture_decor,90467a0531183f8fd2cc76ca735df8a5,仅6月销售,0,1,0,18945,0.0,189.45,,189.45,18945,189.45,,,,18945,,,189.45
2017,musical_instruments,9048cbd294fe0c1a3ec8c8248bc2cadd,musical_instruments,9048cbd294fe0c1a3ec8c8248bc2cadd,两月均有销量,3,2,20970,13980,209.7,139.8,69.9,69.9,-6990,-69.9,-33.333333333333336,-6990,0,,-69.9,0.0,
2017,market_place,90509918fbc0f45016520d833ae25f78,market_place,90509918fbc0f45016520d833ae25f78,仅5月销售,1,0,32275,0,322.75,0.0,322.75,,-32275,-322.75,-100.0,,,-32275,,,-322.75
2017,housewares,906b864d4d4058844e5187d9fb4109a3,housewares,906b864d4d4058844e5187d9fb4109a3,仅5月销售,1,0,7100,0,71.0,0.0,71.0,,-7100,-71.0,-100.0,,,-7100,,,-71.0
2017,bed_bath_table,90b86c830114ddc888f6380a223ee285,bed_bath_table,90b86c830114ddc888f6380a223ee285,仅5月销售,2,0,4380,0,43.8,0.0,21.9,,-4380,-43.8,-100.0,,,-4380,,,-43.8
2017,fashion_bags_accessories,90ba8b896e0237e45804c8da0f058dc9,fashion_bags_accessories,90ba8b896e0237e45804c8da0f058dc9,仅6月销售,0,1,0,12999,0.0,129.99,,129.99,12999,129.99,,,,12999,,,129.99
2017,housewares,90d0b33a310abf581b6eb73e4f40d0df,housewares,90d0b33a310abf581b6eb73e4f40d0df,仅5月销售,1,0,890,0,8.9,0.0,8.9,,-890,-8.9,-100.0,,,-890,,,-8.9
2017,housewares,90dda54c56237884d05cd6102eb0ab25,housewares,90dda54c56237884d05cd6102eb0ab25,仅5月销售,1,0,7500,0,75.0,0.0,75.0,,-7500,-75.0,-100.0,,,-7500,,,-75.0
2017,garden_tools,90f2ead613083f79ff1beeb9a0139aef,garden_tools,90f2ead613083f79ff1beeb9a0139aef,仅6月销售,0,1,0,5900,0.0,59.0,,59.0,5900,59.0,,,,5900,,,59.0
2017,furniture_decor,90f83991bae254d0fd02bdddaa20b340,furniture_decor,90f83991bae254d0fd02bdddaa20b340,仅5月销售,2,0,27980,0,279.8,0.0,139.9,,-27980,-279.8,-100.0,,,-27980,,,-279.8
2017,computers_accessories,9111d9c5a15a527389c6ba216623b7b4,computers_accessories,9111d9c5a15a527389c6ba216623b7b4,仅5月销售,4,0,3996,0,39.96,0.0,9.99,,-3996,-39.96,-100.0,,,-3996,,,-39.96
2017,sports_leisure,911cfb37438b7fa9ad54535990178868,sports_leisure,911cfb37438b7fa9ad54535990178868,仅5月销售,1,0,4790,0,47.9,0.0,47.9,,-4790,-47.9,-100.0,,,-4790,,,-47.9
2017,garden_tools,912ab68074130a81d1d94f48b67150a2,garden_tools,912ab68074130a81d1d94f48b67150a2,仅5月销售,3,0,19170,0,191.7,0.0,63.9,,-19170,-191.7,-100.0,,,-19170,,,-191.7
2017,garden_tools,913eefa4eb54c8a9bcb9871dfd94a0ca,garden_tools,913eefa4eb54c8a9bcb9871dfd94a0ca,仅5月销售,1,0,12000,0,120.0,0.0,120.0,,-12000,-120.0,-100.0,,,-12000,,,-120.0
2017,office_furniture,914c9e9af640dd56f48764a225b00f89,office_furniture,914c9e9af640dd56f48764a225b00f89,仅6月销售,0,1,0,9298,0.0,92.98,,92.98,9298,92.98,,,,9298,,,92.98
2017,books_general_interest,916bcfd7e756e0b65372da1378d1c125,books_general_interest,916bcfd7e756e0b65372da1378d1c125,仅6月销售,0,2,0,25980,0.0,259.8,,129.9,25980,259.8,,,,25980,,,259.8
2017,luggage_accessories,91a3dcf83ffdf9fecb0dadfc7f026998,luggage_accessories,91a3dcf83ffdf9fecb0dadfc7f026998,仅5月销售,1,0,5290,0,52.9,0.0,52.9,,-5290,-52.9,-100.0,,,-5290,,,-52.9
2017,furniture_bedroom,91b07eeacd06edb343a31d2d9a5c2954,furniture_bedroom,91b07eeacd06edb343a31d2d9a5c2954,仅5月销售,2,0,25398,0,253.98,0.0,126.99,,-25398,-253.98,-100.0,,,-25398,,,-253.98
2017,telephony,91b08d34d0ba4db44da2dc382867ba49,telephony,91b08d34d0ba4db44da2dc382867ba49,两月均有销量,3,5,3297,5495,32.97,54.95,10.99,10.99,2198,21.98,66.66666666666667,2198,0,,21.98,0.0,
2017,watches_gifts,920bf581fe574693cfaa6ed89a4037be,watches_gifts,920bf581fe574693cfaa6ed89a4037be,仅5月销售,1,0,10469,0,104.69,0.0,104.69,,-10469,-104.69,-100.0,,,-10469,,,-104.69
2017,auto,922efd345b4d692aadf0e6b65f5d51e7,auto,922efd345b4d692aadf0e6b65f5d51e7,仅6月销售,0,1,0,12920,0.0,129.2,,129.2,12920,129.2,,,,12920,,,129.2
2017,(unknown),9246752373bd625f47da5e3d8b41b1dc,(unknown),9246752373bd625f47da5e3d8b41b1dc,仅6月销售,0,1,0,2180,0.0,21.8,,21.8,2180,21.8,,,,2180,,,21.8
2017,bed_bath_table,9246f7bd279121747dcb909a41f44df2,bed_bath_table,9246f7bd279121747dcb909a41f44df2,仅6月销售,0,1,0,3490,0.0,34.9,,34.9,3490,34.9,,,,3490,,,34.9
2017,stationery,92503fc18ca14a8f32c182ce3f1b9f05,stationery,92503fc18ca14a8f32c182ce3f1b9f05,仅5月销售,1,0,2990,0,29.9,0.0,29.9,,-2990,-29.9,-100.0,,,-2990,,,-29.9
2017,auto,926059cf1853879e8f148194b151ed49,auto,926059cf1853879e8f148194b151ed49,仅6月销售,0,2,0,64200,0.0,642.0,,321.0,64200,642.0,,,,64200,,,642.0
2017,sports_leisure,926454d19f2417167bf0a9488af66a4a,sports_leisure,926454d19f2417167bf0a9488af66a4a,仅6月销售,0,2,0,78000,0.0,780.0,,390.0,78000,780.0,,,,78000,,,780.0
2017,bed_bath_table,926a505f318353d8634f3c5102756352,bed_bath_table,926a505f318353d8634f3c5102756352,仅5月销售,1,0,6890,0,68.9,0.0,68.9,,-6890,-68.9,-100.0,,,-6890,,,-68.9
2017,housewares,9270f3b77242cf44ed272b9c1c0f8653,housewares,9270f3b77242cf44ed272b9c1c0f8653,仅5月销售,1,0,17690,0,176.9,0.0,176.9,,-17690,-176.9,-100.0,,,-17690,,,-176.9
2017,auto,9275e1f75faf1d3d1f54e4cb63d12a36,auto,9275e1f75faf1d3d1f54e4cb63d12a36,两月均有销量,1,1,1995,1995,19.95,19.95,19.95,19.95,0,0.0,0.0,0,0,,0.0,0.0,
2017,toys,928206689f0543a9844ec994c66400fd,toys,928206689f0543a9844ec994c66400fd,仅5月销售,1,0,8290,0,82.9,0.0,82.9,,-8290,-82.9,-100.0,,,-8290,,,-82.9
2017,cool_stuff,9295e6204ae4b6e0948ab60d4ee304f7,cool_stuff,9295e6204ae4b6e0948ab60d4ee304f7,仅6月销售,0,1,0,5799,0.0,57.99,,57.99,5799,57.99,,,,5799,,,57.99
2017,office_furniture,92c1eb75a887a500d9689fbad65e27e3,office_furniture,92c1eb75a887a500d9689fbad65e27e3,仅5月销售,1,0,24999,0,249.99,0.0,249.99,,-24999,-249.99,-100.0,,,-24999,,,-249.99
2017,toys,92d68e4fc956bc1c90a3aa37916b212f,toys,92d68e4fc956bc1c90a3aa37916b212f,仅5月销售,1,0,18155,0,181.55,0.0,181.55,,-18155,-181.55,-100.0,,,-18155,,,-181.55
2017,perfumery,92e16cf2fab490ab9ae87a305d5f8f7f,perfumery,92e16cf2fab490ab9ae87a305d5f8f7f,仅6月销售,0,4,0,15996,0.0,159.96,,39.99,15996,159.96,,,,15996,,,159.96
2017,bed_bath_table,92e2d2146e433cd4d1f09a3f8633ead0,bed_bath_table,92e2d2146e433cd4d1f09a3f8633ead0,仅6月销售,0,1,0,7990,0.0,79.9,,79.9,7990,79.9,,,,7990,,,79.9
2017,sports_leisure,92f02eda1a2e9693260a62c8af2f73be,sports_leisure,92f02eda1a2e9693260a62c8af2f73be,仅5月销售,1,0,5990,0,59.9,0.0,59.9,,-5990,-59.9,-100.0,,,-5990,,,-59.9
2017,telephony,9319e2f1f22df2c8e4a74f8b8f392e24,telephony,9319e2f1f22df2c8e4a74f8b8f392e24,仅5月销售,1,0,2299,0,22.99,0.0,22.99,,-2299,-22.99,-100.0,,,-2299,,,-22.99
2017,watches_gifts,9331902511470e97acfdbe2c30db3551,watches_gifts,9331902511470e97acfdbe2c30db3551,仅5月销售,1,0,19780,0,197.8,0.0,197.8,,-19780,-197.8,-100.0,,,-19780,,,-197.8
2017,electronics,93342929379a306b944935867076da28,electronics,93342929379a306b944935867076da28,仅5月销售,1,0,38500,0,385.0,0.0,385.0,,-38500,-385.0,-100.0,,,-38500,,,-385.0
2017,health_beauty,9334fc63bffa67f685c03b1dc24df180,health_beauty,9334fc63bffa67f685c03b1dc24df180,仅6月销售,0,1,0,940,0.0,9.4,,9.4,940,9.4,,,,940,,,9.4
2017,sports_leisure,9343856b202bd10630a59b79d8f61cbc,sports_leisure,9343856b202bd10630a59b79d8f61cbc,仅6月销售,0,1,0,1499,0.0,14.99,,14.99,1499,14.99,,,,1499,,,14.99
2017,books_general_interest,9344d66c54dbfbe44417c69d95d437bb,books_general_interest,9344d66c54dbfbe44417c69d95d437bb,仅6月销售,0,1,0,4640,0.0,46.4,,46.4,4640,46.4,,,,4640,,,46.4
2017,housewares,9348fe8a0886b99d1c5d33c28fb0aa48,housewares,9348fe8a0886b99d1c5d33c28fb0aa48,两月均有销量,1,1,4920,4920,49.2,49.2,49.2,49.2,0,0.0,0.0,0,0,,0.0,0.0,
2017,bed_bath_table,937c825572d26b9e5a723527c6d625c6,bed_bath_table,937c825572d26b9e5a723527c6d625c6,仅5月销售,1,0,4595,0,45.95,0.0,45.95,,-4595,-45.95,-100.0,,,-4595,,,-45.95
2017,bed_bath_table,9388e84da6051e85eb86fc653c3aa64f,bed_bath_table,9388e84da6051e85eb86fc653c3aa64f,仅6月销售,0,1,0,3490,0.0,34.9,,34.9,3490,34.9,,,,3490,,,34.9
2017,consoles_games,9388fcd19f74f595e79b1a302b930bf7,consoles_games,9388fcd19f74f595e79b1a302b930bf7,两月均有销量,1,1,48900,43900,489.0,439.0,489.0,439.0,-5000,-50.0,-10.224948875255624,0,-5000,,0.0,-50.0,
2017,toys,9394a725ee7e3f1da0d6b22b046cc8d4,toys,9394a725ee7e3f1da0d6b22b046cc8d4,仅6月销售,0,1,0,5690,0.0,56.9,,56.9,5690,56.9,,,,5690,,,56.9
2017,pet_shop,939ca4eeb18f951c099e1178bc50772c,pet_shop,939ca4eeb18f951c099e1178bc50772c,仅6月销售,0,1,0,9999,0.0,99.99,,99.99,9999,99.99,,,,9999,,,99.99
2017,watches_gifts,93ad397044e27dfead96813e2f895acd,watches_gifts,93ad397044e27dfead96813e2f895acd,仅6月销售,0,1,0,5960,0.0,59.6,,59.6,5960,59.6,,,,5960,,,59.6
2017,baby,93ca601fb17b9bc29a7fcaa4e40f015b,baby,93ca601fb17b9bc29a7fcaa4e40f015b,仅5月销售,1,0,11000,0,110.0,0.0,110.0,,-11000,-110.0,-100.0,,,-11000,,,-110.0
2017,christmas_supplies,93d9ed4fb2b32cec509eae4f1860687d,christmas_supplies,93d9ed4fb2b32cec509eae4f1860687d,仅6月销售,0,1,0,2990,0.0,29.9,,29.9,2990,29.9,,,,2990,,,29.9
2017,bed_bath_table,93dd9d8291fad4757cf910f1a80eb0ac,bed_bath_table,93dd9d8291fad4757cf910f1a80eb0ac,仅5月销售,1,0,4000,0,40.0,0.0,40.0,,-4000,-40.0,-100.0,,,-4000,,,-40.0
2017,computers_accessories,93e71b4d65b8153468c4f210b90342a1,computers_accessories,93e71b4d65b8153468c4f210b90342a1,仅5月销售,1,0,34900,0,349.0,0.0,349.0,,-34900,-349.0,-100.0,,,-34900,,,-349.0
2017,housewares,940d38f0ef286bd93612fcdc91dd38ed,housewares,940d38f0ef286bd93612fcdc91dd38ed,两月均有销量,1,1,8400,8400,84.0,84.0,84.0,84.0,0,0.0,0.0,0,0,,0.0,0.0,
2017,housewares,941fede5c398c3c84cac6e6c832c2b11,housewares,941fede5c398c3c84cac6e6c832c2b11,仅6月销售,0,1,0,5288,0.0,52.88,,52.88,5288,52.88,,,,5288,,,52.88
2017,health_beauty,942328ba3a2546856b7361547edf6eb2,health_beauty,942328ba3a2546856b7361547edf6eb2,仅6月销售,0,1,0,7460,0.0,74.6,,74.6,7460,74.6,,,,7460,,,74.6
2017,cool_stuff,94254892148eb9bf4087a3e0886f3f30,cool_stuff,94254892148eb9bf4087a3e0886f3f30,仅6月销售,0,1,0,5999,0.0,59.99,,59.99,5999,59.99,,,,5999,,,59.99
2017,sports_leisure,942a3f93bb7ecf95f0b901bd89f4acdb,sports_leisure,942a3f93bb7ecf95f0b901bd89f4acdb,仅6月销售,0,1,0,15999,0.0,159.99,,159.99,15999,159.99,,,,15999,,,159.99
2017,fashion_shoes,942bede3ef6a71e73b5f0ae6ca2f64d9,fashion_shoes,942bede3ef6a71e73b5f0ae6ca2f64d9,仅5月销售,1,0,2990,0,29.9,0.0,29.9,,-2990,-29.9,-100.0,,,-2990,,,-29.9
2017,health_beauty,9453bde60c4ee52155c963641736cfc5,health_beauty,9453bde60c4ee52155c963641736cfc5,仅5月销售,11,0,508999,0,5089.99,0.0,462.7263636363636,,-508999,-5089.99,-100.0,,,-508999,,,-5089.99
2017,bed_bath_table,94950d6ddd0b24c0d15f7f09d61a8148,bed_bath_table,94950d6ddd0b24c0d15f7f09d61a8148,仅5月销售,1,0,15700,0,157.0,0.0,157.0,,-15700,-157.0,-100.0,,,-15700,,,-157.0
2017,pet_shop,94ad63831117fac82c6054d2056ed118,pet_shop,94ad63831117fac82c6054d2056ed118,仅6月销售,0,1,0,5999,0.0,59.99,,59.99,5999,59.99,,,,5999,,,59.99
2017,furniture_decor,94db494032587f32dcb342c9a808e8e3,furniture_decor,94db494032587f32dcb342c9a808e8e3,仅5月销售,1,0,3990,0,39.9,0.0,39.9,,-3990,-39.9,-100.0,,,-3990,,,-39.9
2017,sports_leisure,94ea362da29f43390e967e874c6fa842,sports_leisure,94ea362da29f43390e967e874c6fa842,仅5月销售,1,0,14000,0,140.0,0.0,140.0,,-14000,-140.0,-100.0,,,-14000,,,-140.0
2017,telephony,94f3ac7deebfcb5862fbb23fff1a2fc0,telephony,94f3ac7deebfcb5862fbb23fff1a2fc0,仅6月销售,0,1,0,3990,0.0,39.9,,39.9,3990,39.9,,,,3990,,,39.9
2017,stationery,94f3e00f8ea2e9bd4579796cb9e18e37,stationery,94f3e00f8ea2e9bd4579796cb9e18e37,仅5月销售,1,0,10990,0,109.9,0.0,109.9,,-10990,-109.9,-100.0,,,-10990,,,-109.9
2017,health_beauty,951aee2eea1136dd1f2cb63241c90ab7,health_beauty,951aee2eea1136dd1f2cb63241c90ab7,仅5月销售,1,0,224900,0,2249.0,0.0,2249.0,,-224900,-2249.0,-100.0,,,-224900,,,-2249.0
2017,baby,9523f1a3e7db9e38d55379435bd450c9,baby,9523f1a3e7db9e38d55379435bd450c9,仅6月销售,0,2,0,26834,0.0,268.34,,134.17,26834,268.34,,,,26834,,,268.34
2017,housewares,952547036d7de7ce635a81704cd290cd,housewares,952547036d7de7ce635a81704cd290cd,仅6月销售,0,1,0,20399,0.0,203.99,,203.99,20399,203.99,,,,20399,,,203.99
2017,bed_bath_table,952670bc019a73f0933157ec82ff6e4f,bed_bath_table,952670bc019a73f0933157ec82ff6e4f,两月均有销量,1,5,21499,105497,214.99,1054.97,214.99,210.99400000000003,83998,839.98,390.7065444904414,85197,-1199,,851.97,-11.99,
2017,health_beauty,9545d45c37449ccbc376de3a04c66e71,health_beauty,9545d45c37449ccbc376de3a04c66e71,仅6月销售,0,4,0,47960,0.0,479.6,,119.9,47960,479.6,,,,47960,,,479.6
2017,auto,9549dccca71c7bb806cd4acf82c456b5,auto,9549dccca71c7bb806cd4acf82c456b5,仅5月销售,1,0,5250,0,52.5,0.0,52.5,,-5250,-52.5,-100.0,,,-5250,,,-52.5
2017,bed_bath_table,9565229244e9341fb8c8069879cf73cd,bed_bath_table,9565229244e9341fb8c8069879cf73cd,仅5月销售,1,0,13990,0,139.9,0.0,139.9,,-13990,-139.9,-100.0,,,-13990,,,-139.9
2017,(unknown),9575c58d6ba5856589c410cef0b3f0e0,(unknown),9575c58d6ba5856589c410cef0b3f0e0,仅5月销售,1,0,15980,0,159.8,0.0,159.8,,-15980,-159.8,-100.0,,,-15980,,,-159.8
2017,furniture_decor,957f6d6b55b78746f89e976cba785440,furniture_decor,957f6d6b55b78746f89e976cba785440,仅6月销售,0,1,0,9747,0.0,97.47,,97.47,9747,97.47,,,,9747,,,97.47
2017,auto,958cf0f5527f413e08d0cde6bfdbdde2,auto,958cf0f5527f413e08d0cde6bfdbdde2,仅5月销售,4,0,103600,0,1036.0,0.0,259.0,,-103600,-1036.0,-100.0,,,-103600,,,-1036.0
2017,cool_stuff,9592cd0b739cc57871c3aecffe15436a,cool_stuff,9592cd0b739cc57871c3aecffe15436a,两月均有销量,1,2,4990,9980,49.9,99.8,49.9,49.9,4990,49.9,100.0,4990,0,,49.9,0.0,
2017,bed_bath_table,95a10f05868096cb2180c6a0bfbbbc39,bed_bath_table,95a10f05868096cb2180c6a0bfbbbc39,仅6月销售,0,1,0,2740,0.0,27.4,,27.4,2740,27.4,,,,2740,,,27.4
2017,telephony,95c2c14503645a9f87cf2401c523482c,telephony,95c2c14503645a9f87cf2401c523482c,仅6月销售,0,1,0,1899,0.0,18.99,,18.99,1899,18.99,,,,1899,,,18.99
2017,computers_accessories,95c40b993a22463c83beb5c51a03d46c,computers_accessories,95c40b993a22463c83beb5c51a03d46c,两月均有销量,2,1,6380,3190,63.8,31.9,31.9,31.9,-3190,-31.9,-50.0,-3190,0,,-31.9,0.0,
2017,health_beauty,95e18e6f72e096de84ad972456780aa0,health_beauty,95e18e6f72e096de84ad972456780aa0,仅6月销售,0,1,0,1000,0.0,10.0,,10.0,1000,10.0,,,,1000,,,10.0
2017,computers_accessories,95ed6e881d471156e430b8546ea76ba5,computers_accessories,95ed6e881d471156e430b8546ea76ba5,仅6月销售,0,1,0,9200,0.0,92.0,,92.0,9200,92.0,,,,9200,,,92.0
2017,bed_bath_table,960a5bc8efefeecedab46b41324591df,bed_bath_table,960a5bc8efefeecedab46b41324591df,仅5月销售,2,0,13998,0,139.98,0.0,69.99,,-13998,-139.98,-100.0,,,-13998,,,-139.98
2017,computers_accessories,9616caad30917a469d87d2f95cd603cb,computers_accessories,9616caad30917a469d87d2f95cd603cb,两月均有销量,1,1,17700,17000,177.0,170.0,177.0,170.0,-700,-7.0,-3.9548022598870056,0,-700,,0.0,-7.0,
2017,furniture_decor,963022ab2afed8b12ad312739a142b07,furniture_decor,963022ab2afed8b12ad312739a142b07,仅5月销售,2,0,17836,0,178.36,0.0,89.18,,-17836,-178.36,-100.0,,,-17836,,,-178.36
2017,telephony,964011954f788aa4bd0dcf7b04056d81,telephony,964011954f788aa4bd0dcf7b04056d81,仅6月销售,0,1,0,1899,0.0,18.99,,18.99,1899,18.99,,,,1899,,,18.99
2017,bed_bath_table,964dd0fcba2ca4eff8e31ec74a77d41d,bed_bath_table,964dd0fcba2ca4eff8e31ec74a77d41d,仅6月销售,0,1,0,3599,0.0,35.99,,35.99,3599,35.99,,,,3599,,,35.99
2017,health_beauty,96693703af76b26b2d20895a71ea98b4,health_beauty,96693703af76b26b2d20895a71ea98b4,仅5月销售,1,0,3400,0,34.0,0.0,34.0,,-3400,-34.0,-100.0,,,-3400,,,-34.0
2017,housewares,967ec52b0c55fe9ccde964df30cef64e,housewares,967ec52b0c55fe9ccde964df30cef64e,仅5月销售,1,0,4890,0,48.9,0.0,48.9,,-4890,-48.9,-100.0,,,-4890,,,-48.9
2017,perfumery,969250f1300755ae847449ef253547f1,perfumery,969250f1300755ae847449ef253547f1,仅6月销售,0,1,0,9600,0.0,96.0,,96.0,9600,96.0,,,,9600,,,96.0
2017,electronics,9695cc1865970dfe9b66a5a83e59cfac,electronics,9695cc1865970dfe9b66a5a83e59cfac,仅5月销售,1,0,9490,0,94.9,0.0,94.9,,-9490,-94.9,-100.0,,,-9490,,,-94.9
2017,housewares,96b8d103618f7027896ce54a576b9f41,housewares,96b8d103618f7027896ce54a576b9f41,两月均有销量,2,1,11980,5990,119.8,59.9,59.9,59.9,-5990,-59.9,-50.0,-5990,0,,-59.9,0.0,
2017,garden_tools,96bcd2d5266412b1a43593fe5b904536,garden_tools,96bcd2d5266412b1a43593fe5b904536,仅5月销售,1,0,21900,0,219.0,0.0,219.0,,-21900,-219.0,-100.0,,,-21900,,,-219.0
2017,(unknown),96cadd6d137bc9726fe1fae279d48631,(unknown),96cadd6d137bc9726fe1fae279d48631,仅5月销售,1,0,6499,0,64.99,0.0,64.99,,-6499,-64.99,-100.0,,,-6499,,,-64.99
2017,telephony,96d6c71675adc35bcf32f970cdffe2d6,telephony,96d6c71675adc35bcf32f970cdffe2d6,仅5月销售,1,0,1899,0,18.99,0.0,18.99,,-1899,-18.99,-100.0,,,-1899,,,-18.99
2017,furniture_decor,96ed3b4b62790bd962aac0b317109be4,furniture_decor,96ed3b4b62790bd962aac0b317109be4,仅5月销售,1,0,3499,0,34.99,0.0,34.99,,-3499,-34.99,-100.0,,,-3499,,,-34.99
2017,watches_gifts,97170c28efde1b426f1c52348fe1c086,watches_gifts,97170c28efde1b426f1c52348fe1c086,仅6月销售,0,1,0,12900,0.0,129.0,,129.0,12900,129.0,,,,12900,,,129.0
2017,computers_accessories,97373049bc86f3b3245c07a56795b2d7,computers_accessories,97373049bc86f3b3245c07a56795b2d7,仅5月销售,2,0,13800,0,138.0,0.0,69.0,,-13800,-138.0,-100.0,,,-13800,,,-138.0
2017,fashion_bags_accessories,9755f955f1fcd2a83ca77997e9de8b83,fashion_bags_accessories,9755f955f1fcd2a83ca77997e9de8b83,仅5月销售,1,0,29990,0,299.9,0.0,299.9,,-29990,-299.9,-100.0,,,-29990,,,-299.9
2017,perfumery,9760ac8ee2522566f6779aae29e417f3,perfumery,9760ac8ee2522566f6779aae29e417f3,仅6月销售,0,1,0,2790,0.0,27.9,,27.9,2790,27.9,,,,2790,,,27.9
2017,bed_bath_table,9766ad53f42ee034fbc0e29c85fe626c,bed_bath_table,9766ad53f42ee034fbc0e29c85fe626c,仅5月销售,1,0,12490,0,124.9,0.0,124.9,,-12490,-124.9,-100.0,,,-12490,,,-124.9
2017,fashion_bags_accessories,978017df6a79f817ff723f62ccd2c786,fashion_bags_accessories,978017df6a79f817ff723f62ccd2c786,仅5月销售,1,0,2800,0,28.0,0.0,28.0,,-2800,-28.0,-100.0,,,-2800,,,-28.0
2017,books_general_interest,979c36deada6af57d4f1d9b85a60978c,books_general_interest,979c36deada6af57d4f1d9b85a60978c,仅5月销售,1,0,9950,0,99.5,0.0,99.5,,-9950,-99.5,-100.0,,,-9950,,,-99.5
2017,pet_shop,97c1215186cdbed36fc3bc4bb0ba938c,pet_shop,97c1215186cdbed36fc3bc4bb0ba938c,仅5月销售,1,0,550,0,5.5,0.0,5.5,,-550,-5.5,-100.0,,,-550,,,-5.5
2017,bed_bath_table,97c2f81082289198f18c18dd5d936971,bed_bath_table,97c2f81082289198f18c18dd5d936971,仅5月销售,1,0,21000,0,210.0,0.0,210.0,,-21000,-210.0,-100.0,,,-21000,,,-210.0
2017,fashion_bags_accessories,97e778e5156560324ed3226e6dba3a5e,fashion_bags_accessories,97e778e5156560324ed3226e6dba3a5e,仅5月销售,1,0,6990,0,69.9,0.0,69.9,,-6990,-69.9,-100.0,,,-6990,,,-69.9
2017,small_appliances,98030fe87f5a7493a33f427054966596,small_appliances,98030fe87f5a7493a33f427054966596,仅6月销售,0,2,0,33798,0.0,337.98,,168.99,33798,337.98,,,,33798,,,337.98
2017,electronics,982565327a800a467fffeac070672ea6,electronics,982565327a800a467fffeac070672ea6,两月均有销量,2,1,15800,7900,158.0,79.0,79.0,79.0,-7900,-79.0,-50.0,-7900,0,,-79.0,0.0,
2017,health_beauty,9835bbd4ce057f9d65bc826bd578c93d,health_beauty,9835bbd4ce057f9d65bc826bd578c93d,仅6月销售,0,1,0,9900,0.0,99.0,,99.0,9900,99.0,,,,9900,,,99.0
2017,bed_bath_table,9835c8bfc26821647d0074e609402773,bed_bath_table,9835c8bfc26821647d0074e609402773,仅6月销售,0,1,0,4490,0.0,44.9,,44.9,4490,44.9,,,,4490,,,44.9
2017,bed_bath_table,9847d08b81ab75c5bdaf6823c7fe00b2,bed_bath_table,9847d08b81ab75c5bdaf6823c7fe00b2,仅5月销售,2,0,8900,0,89.0,0.0,44.5,,-8900,-89.0,-100.0,,,-8900,,,-89.0
2017,home_construction,985bf2af90ac31349ca19417e2752410,home_construction,985bf2af90ac31349ca19417e2752410,仅5月销售,1,0,62010,0,620.1,0.0,620.1,,-62010,-620.1,-100.0,,,-62010,,,-620.1
2017,bed_bath_table,985fda1ced7e13375bf52220071610e3,bed_bath_table,985fda1ced7e13375bf52220071610e3,仅5月销售,1,0,5490,0,54.9,0.0,54.9,,-5490,-54.9,-100.0,,,-5490,,,-54.9
2017,fashion_bags_accessories,9867ef342d95bb4f9b6ebf39bad864f7,fashion_bags_accessories,9867ef342d95bb4f9b6ebf39bad864f7,仅6月销售,0,1,0,9995,0.0,99.95,,99.95,9995,99.95,,,,9995,,,99.95
2017,small_appliances,98712b7f46e0fe4f4da2f7df1b9231a7,small_appliances,98712b7f46e0fe4f4da2f7df1b9231a7,仅5月销售,4,0,15996,0,159.96,0.0,39.99,,-15996,-159.96,-100.0,,,-15996,,,-159.96
2017,garden_tools,98a8c2fa16d7239c606640f5555768e4,garden_tools,98a8c2fa16d7239c606640f5555768e4,两月均有销量,2,5,19800,49500,198.0,495.0,99.0,99.0,29700,297.0,150.0,29700,0,,297.0,0.0,
2017,sports_leisure,98a940d42d3ac029e40441023676ddfe,sports_leisure,98a940d42d3ac029e40441023676ddfe,仅6月销售,0,1,0,28828,0.0,288.28,,288.28,28828,288.28,,,,28828,,,288.28
2017,pet_shop,98ad6d0d02b4ee890e2a5e322ae6b028,pet_shop,98ad6d0d02b4ee890e2a5e322ae6b028,仅6月销售,0,1,0,27999,0.0,279.99,,279.99,27999,279.99,,,,27999,,,279.99
2017,bed_bath_table,98b22c1129886cbd7fcae69d1c93e442,bed_bath_table,98b22c1129886cbd7fcae69d1c93e442,两月均有销量,2,1,17980,8990,179.8,89.9,89.9,89.9,-8990,-89.9,-50.0,-8990,0,,-89.9,0.0,
2017,furniture_decor,98cd3776d33bddd0ebf8ad8b4732d1b4,furniture_decor,98cd3776d33bddd0ebf8ad8b4732d1b4,仅5月销售,1,0,2237,0,22.37,0.0,22.37,,-2237,-22.37,-100.0,,,-2237,,,-22.37
2017,auto,98d61056e0568ba048e5d78038790e77,auto,98d61056e0568ba048e5d78038790e77,两月均有销量,6,5,101400,84500,1014.0,845.0,169.0,169.0,-16900,-169.0,-16.666666666666668,-16900,0,,-169.0,0.0,
2017,home_appliances,98fdc6ec1dba6a058adc43e511493898,home_appliances,98fdc6ec1dba6a058adc43e511493898,仅6月销售,0,2,0,32320,0.0,323.2,,161.6,32320,323.2,,,,32320,,,323.2
2017,baby,993dda4a23beb110830cd8d181abe310,baby,993dda4a23beb110830cd8d181abe310,仅5月销售,1,0,3990,0,39.9,0.0,39.9,,-3990,-39.9,-100.0,,,-3990,,,-39.9
2017,watches_gifts,994f625d5c932719310d0a2f43acc714,watches_gifts,994f625d5c932719310d0a2f43acc714,仅6月销售,0,1,0,27990,0.0,279.9,,279.9,27990,279.9,,,,27990,,,279.9
2017,luggage_accessories,995a6110a2705a9401669fb4cf939241,luggage_accessories,995a6110a2705a9401669fb4cf939241,仅6月销售,0,1,0,32990,0.0,329.9,,329.9,32990,329.9,,,,32990,,,329.9
2017,garden_tools,9979e4194cc6ffdd0638449218eda062,garden_tools,9979e4194cc6ffdd0638449218eda062,仅5月销售,1,0,8915,0,89.15,0.0,89.15,,-8915,-89.15,-100.0,,,-8915,,,-89.15
2017,computers_accessories,999ad46c08ea9b778cefc75048156f30,computers_accessories,999ad46c08ea9b778cefc75048156f30,仅5月销售,1,0,12500,0,125.0,0.0,125.0,,-12500,-125.0,-100.0,,,-12500,,,-125.0
2017,telephony,999f8a403c25d68c828a6915e13e89d9,telephony,999f8a403c25d68c828a6915e13e89d9,仅6月销售,0,1,0,2699,0.0,26.99,,26.99,2699,26.99,,,,2699,,,26.99
2017,bed_bath_table,99a227ce7657e0627fae79ca776081c3,bed_bath_table,99a227ce7657e0627fae79ca776081c3,仅5月销售,1,0,15700,0,157.0,0.0,157.0,,-15700,-157.0,-100.0,,,-15700,,,-157.0
2017,bed_bath_table,99a4788cb24856965c36a24e339b6058,bed_bath_table,99a4788cb24856965c36a24e339b6058,两月均有销量,58,48,521420,431520,5214.2,4315.2,89.9,89.9,-89900,-899.0,-17.24137931034483,-89900,0,,-899.0,0.0,
2017,sports_leisure,99aa268744e2967e0ed6d3b22a38eff2,sports_leisure,99aa268744e2967e0ed6d3b22a38eff2,仅6月销售,0,1,0,8490,0.0,84.9,,84.9,8490,84.9,,,,8490,,,84.9
2017,electronics,99b8434f4c3653db7005539f4eb581bb,electronics,99b8434f4c3653db7005539f4eb581bb,仅6月销售,0,1,0,1190,0.0,11.9,,11.9,1190,11.9,,,,1190,,,11.9
2017,computers_accessories,99b89f140f651db441848081814dd1a1,computers_accessories,99b89f140f651db441848081814dd1a1,仅6月销售,0,1,0,19990,0.0,199.9,,199.9,19990,199.9,,,,19990,,,199.9
2017,pet_shop,99f8a7e47970133c14b3d79c27d921c8,pet_shop,99f8a7e47970133c14b3d79c27d921c8,仅6月销售,0,1,0,3264,0.0,32.64,,32.64,3264,32.64,,,,3264,,,32.64
2017,auto,9a00058f48982cd587fccba20c2bdaf7,auto,9a00058f48982cd587fccba20c2bdaf7,仅6月销售,0,2,0,7980,0.0,79.8,,39.9,7980,79.8,,,,7980,,,79.8
2017,sports_leisure,9a21c7ce9df5c19b94d2ea715a23a90c,sports_leisure,9a21c7ce9df5c19b94d2ea715a23a90c,仅6月销售,0,1,0,2490,0.0,24.9,,24.9,2490,24.9,,,,2490,,,24.9
2017,stationery,9a2e821cfc513051382e27606ab3325c,stationery,9a2e821cfc513051382e27606ab3325c,仅5月销售,1,0,6990,0,69.9,0.0,69.9,,-6990,-69.9,-100.0,,,-6990,,,-69.9
2017,furniture_decor,9a3a44b7cc16f2592b2110e4205edf97,furniture_decor,9a3a44b7cc16f2592b2110e4205edf97,两月均有销量,1,1,5990,5990,59.9,59.9,59.9,59.9,0,0.0,0.0,0,0,,0.0,0.0,
2017,computers_accessories,9a3ca83ba9d170d692b42098fff5b7ae,computers_accessories,9a3ca83ba9d170d692b42098fff5b7ae,仅5月销售,1,0,32900,0,329.0,0.0,329.0,,-32900,-329.0,-100.0,,,-32900,,,-329.0
2017,sports_leisure,9a4b403e612ff2c3b4867b318bb65d56,sports_leisure,9a4b403e612ff2c3b4867b318bb65d56,仅6月销售,0,1,0,2899,0.0,28.99,,28.99,2899,28.99,,,,2899,,,28.99
2017,stationery,9a5a361f3cd6c280f6bf4ffb6207c51e,stationery,9a5a361f3cd6c280f6bf4ffb6207c51e,仅5月销售,1,0,11900,0,119.0,0.0,119.0,,-11900,-119.0,-100.0,,,-11900,,,-119.0
2017,office_furniture,9a78fb9862b10749a117f7fc3c31f051,office_furniture,9a78fb9862b10749a117f7fc3c31f051,仅5月销售,1,0,16996,0,169.96,0.0,169.96,,-16996,-169.96,-100.0,,,-16996,,,-169.96
2017,toys,9a7ee66bbed1b9fa5e3341882c6d74b3,toys,9a7ee66bbed1b9fa5e3341882c6d74b3,仅6月销售,0,1,0,16999,0.0,169.99,,169.99,16999,169.99,,,,16999,,,169.99
2017,furniture_decor,9a98180ffbd0765e89f11cc8dd2385f4,furniture_decor,9a98180ffbd0765e89f11cc8dd2385f4,仅5月销售,1,0,7490,0,74.9,0.0,74.9,,-7490,-74.9,-100.0,,,-7490,,,-74.9
2017,small_appliances,9a99bb9931fce41bda596488d0653c39,small_appliances,9a99bb9931fce41bda596488d0653c39,两月均有销量,1,3,10399,31197,103.99,311.97,103.99,103.99,20798,207.98,200.0,20798,0,,207.98,0.0,
2017,perfumery,9aa7ddfe6525f9fa77ace664d52ee791,perfumery,9aa7ddfe6525f9fa77ace664d52ee791,仅6月销售,0,1,0,37908,0.0,379.08,,379.08,37908,379.08,,,,37908,,,379.08
2017,bed_bath_table,9ab61676eb915c81c3c893adca21364c,bed_bath_table,9ab61676eb915c81c3c893adca21364c,仅5月销售,1,0,8336,0,83.36,0.0,83.36,,-8336,-83.36,-100.0,,,-8336,,,-83.36
2017,baby,9abb00920aae319ef9eba674b7d2e6ff,baby,9abb00920aae319ef9eba674b7d2e6ff,仅6月销售,0,2,0,7078,0.0,70.78,,35.39,7078,70.78,,,,7078,,,70.78
2017,telephony,9ac3471b9357338ea8054108a00389e3,telephony,9ac3471b9357338ea8054108a00389e3,仅5月销售,2,0,10380,0,103.8,0.0,51.9,,-10380,-103.8,-100.0,,,-10380,,,-103.8
2017,stationery,9ac3f8f66132539cb797c44296f1fa27,stationery,9ac3f8f66132539cb797c44296f1fa27,仅5月销售,1,0,15900,0,159.0,0.0,159.0,,-15900,-159.0,-100.0,,,-15900,,,-159.0
2017,cool_stuff,9ae144079d83bd6ffb2d30284c7c518c,cool_stuff,9ae144079d83bd6ffb2d30284c7c518c,仅5月销售,1,0,6968,0,69.68,0.0,69.68,,-6968,-69.68,-100.0,,,-6968,,,-69.68
2017,stationery,9ae64e1163bf254bad20d5155cffb99d,stationery,9ae64e1163bf254bad20d5155cffb99d,仅5月销售,6,0,41940,0,419.4,0.0,69.9,,-41940,-419.4,-100.0,,,-41940,,,-419.4
2017,market_place,9af7b4a3262141c12ba9bd489a8573c7,market_place,9af7b4a3262141c12ba9bd489a8573c7,仅6月销售,0,1,0,5990,0.0,59.9,,59.9,5990,59.9,,,,5990,,,59.9
2017,sports_leisure,9af9da5cd0200f1ebd194aead2184c66,sports_leisure,9af9da5cd0200f1ebd194aead2184c66,仅6月销售,0,1,0,4536,0.0,45.36,,45.36,4536,45.36,,,,4536,,,45.36
2017,baby,9af9fb5e25c1c09f035e01b7936f6c6e,baby,9af9fb5e25c1c09f035e01b7936f6c6e,仅5月销售,2,0,13980,0,139.8,0.0,69.9,,-13980,-139.8,-100.0,,,-13980,,,-139.8
2017,pet_shop,9b00d5e140d71a265c6be7d132b32cd2,pet_shop,9b00d5e140d71a265c6be7d132b32cd2,仅5月销售,1,0,6090,0,60.9,0.0,60.9,,-6090,-60.9,-100.0,,,-6090,,,-60.9
2017,housewares,9b02b650be0a39d8590be7d35be443f9,housewares,9b02b650be0a39d8590be7d35be443f9,仅5月销售,1,0,5900,0,59.0,0.0,59.0,,-5900,-59.0,-100.0,,,-5900,,,-59.0
2017,furniture_decor,9b5db368c0daee4e693aa981f17d0010,furniture_decor,9b5db368c0daee4e693aa981f17d0010,仅6月销售,0,1,0,3790,0.0,37.9,,37.9,3790,37.9,,,,3790,,,37.9
2017,watches_gifts,9b65ba680d68ae7e44234b79cb7ca584,watches_gifts,9b65ba680d68ae7e44234b79cb7ca584,仅5月销售,1,0,2870,0,28.7,0.0,28.7,,-2870,-28.7,-100.0,,,-2870,,,-28.7
2017,health_beauty,9b6ee5c8c553ff804dc0b0c2d06baa49,health_beauty,9b6ee5c8c553ff804dc0b0c2d06baa49,仅5月销售,1,0,4290,0,42.9,0.0,42.9,,-4290,-42.9,-100.0,,,-4290,,,-42.9
2017,perfumery,9b79fa6654cc0c0440fa9a1f52d2f248,perfumery,9b79fa6654cc0c0440fa9a1f52d2f248,仅5月销售,1,0,15620,0,156.2,0.0,156.2,,-15620,-156.2,-100.0,,,-15620,,,-156.2
2017,cool_stuff,9b8bc17a236d09185c2101d0a02f8487,cool_stuff,9b8bc17a236d09185c2101d0a02f8487,仅5月销售,2,0,15990,0,159.9,0.0,79.95,,-15990,-159.9,-100.0,,,-15990,,,-159.9
2017,garden_tools,9b9005cfa3747d9fa0d544fc9f994c14,garden_tools,9b9005cfa3747d9fa0d544fc9f994c14,仅5月销售,1,0,8900,0,89.0,0.0,89.0,,-8900,-89.0,-100.0,,,-8900,,,-89.0
2017,baby,9b968712a8768d8e23318f73476af1a3,baby,9b968712a8768d8e23318f73476af1a3,仅5月销售,2,0,1998,0,19.98,0.0,9.99,,-1998,-19.98,-100.0,,,-1998,,,-19.98
2017,cool_stuff,9b9d1c4bd979b93c138044e032f99780,cool_stuff,9b9d1c4bd979b93c138044e032f99780,仅6月销售,0,2,0,19998,0.0,199.98,,99.99,19998,199.98,,,,19998,,,199.98
2017,consoles_games,9baa9ef12ae5a0abd8b741d7ab5bf32d,consoles_games,9baa9ef12ae5a0abd8b741d7ab5bf32d,仅5月销售,3,0,19500,0,195.0,0.0,65.0,,-19500,-195.0,-100.0,,,-19500,,,-195.0
2017,home_confort,9bc56dc1c13a3dd110faa962cabf1531,home_confort,9bc56dc1c13a3dd110faa962cabf1531,两月均有销量,1,1,17900,17900,179.0,179.0,179.0,179.0,0,0.0,0.0,0,0,,0.0,0.0,
2017,health_beauty,9bc7d25a36d620cf449cfdebe3de132f,health_beauty,9bc7d25a36d620cf449cfdebe3de132f,仅5月销售,1,0,5799,0,57.99,0.0,57.99,,-5799,-57.99,-100.0,,,-5799,,,-57.99
2017,office_furniture,9bcb9de1c0d270b98bd46b4ff7161808,office_furniture,9bcb9de1c0d270b98bd46b4ff7161808,仅5月销售,2,0,55998,0,559.98,0.0,279.99,,-55998,-559.98,-100.0,,,-55998,,,-559.98
2017,stationery,9bebdd5c142f3d0052c0377cc80b9385,stationery,9bebdd5c142f3d0052c0377cc80b9385,仅5月销售,1,0,6990,0,69.9,0.0,69.9,,-6990,-69.9,-100.0,,,-6990,,,-69.9
2017,telephony,9c33575aa341a769bf00ea6e3cd12e6f,telephony,9c33575aa341a769bf00ea6e3cd12e6f,两月均有销量,1,1,1590,1590,15.9,15.9,15.9,15.9,0,0.0,0.0,0,0,,0.0,0.0,
2017,watches_gifts,9c4a4597e2a9508d9e9f329fb27650b8,watches_gifts,9c4a4597e2a9508d9e9f329fb27650b8,仅6月销售,0,1,0,22490,0.0,224.9,,224.9,22490,224.9,,,,22490,,,224.9
2017,housewares,9c66292a0367d1a85842e4b302acca69,housewares,9c66292a0367d1a85842e4b302acca69,仅6月销售,0,1,0,4990,0.0,49.9,,49.9,4990,49.9,,,,4990,,,49.9
2017,furniture_decor,9c6754103e603fdc289f1b1b69c63631,furniture_decor,9c6754103e603fdc289f1b1b69c63631,仅5月销售,1,0,1299,0,12.99,0.0,12.99,,-1299,-12.99,-100.0,,,-1299,,,-12.99
2017,sports_leisure,9c7bdf67b06b419aefb93cfdfc96c55d,sports_leisure,9c7bdf67b06b419aefb93cfdfc96c55d,仅6月销售,0,6,0,9000,0.0,90.0,,15.0,9000,90.0,,,,9000,,,90.0
2017,watches_gifts,9c7ce59c96e74dfdfc51f13a4a6c3869,watches_gifts,9c7ce59c96e74dfdfc51f13a4a6c3869,两月均有销量,2,3,5800,8700,58.0,87.0,29.0,29.0,2900,29.0,50.0,2900,0,,29.0,0.0,
2017,perfumery,9cb67ae6cec5627ef21cbadcdb357054,perfumery,9cb67ae6cec5627ef21cbadcdb357054,两月均有销量,3,3,30300,30500,303.0,305.0,101.0,101.66666666666666,200,2.0,0.6600660066006601,0,200,,0.0,2.0,
2017,bed_bath_table,9cbe4a1fd4db99c14512e9b2ff033ec4,bed_bath_table,9cbe4a1fd4db99c14512e9b2ff033ec4,两月均有销量,1,4,2790,11160,27.9,111.6,27.9,27.9,8370,83.7,300.0,8370,0,,83.7,0.0,
2017,fashion_bags_accessories,9cd2db58a42140c6e5dbb6ddd5c367d7,fashion_bags_accessories,9cd2db58a42140c6e5dbb6ddd5c367d7,仅5月销售,1,0,1490,0,14.9,0.0,14.9,,-1490,-14.9,-100.0,,,-1490,,,-14.9
2017,cool_stuff,9ce4603565c839785b24a7e95e28f4eb,cool_stuff,9ce4603565c839785b24a7e95e28f4eb,仅5月销售,3,0,35997,0,359.97,0.0,119.99,,-35997,-359.97,-100.0,,,-35997,,,-359.97
2017,(unknown),9ce62e73b4ea1a6c74b68ba57aa1333b,(unknown),9ce62e73b4ea1a6c74b68ba57aa1333b,两月均有销量,1,4,9990,39960,99.9,399.6,99.9,99.9,29970,299.7,300.0,29970,0,,299.7,0.0,
2017,sports_leisure,9cfe1073092d13dbee42c8348924c118,sports_leisure,9cfe1073092d13dbee42c8348924c118,仅5月销售,2,0,21800,0,218.0,0.0,109.0,,-21800,-218.0,-100.0,,,-21800,,,-218.0
2017,garden_tools,9d014dd97b32b1631dbbf5b35c4c36a1,garden_tools,9d014dd97b32b1631dbbf5b35c4c36a1,仅6月销售,0,1,0,7990,0.0,79.9,,79.9,7990,79.9,,,,7990,,,79.9
2017,health_beauty,9d123055622741ac77766a4dbfa4d1b9,health_beauty,9d123055622741ac77766a4dbfa4d1b9,仅6月销售,0,1,0,52999,0.0,529.99,,529.99,52999,529.99,,,,52999,,,529.99
2017,bed_bath_table,9d32095f76b97762307e86cfc18dd7a0,bed_bath_table,9d32095f76b97762307e86cfc18dd7a0,仅6月销售,0,1,0,4995,0.0,49.95,,49.95,4995,49.95,,,,4995,,,49.95
2017,cool_stuff,9d358fd2a77935cffa32834b50cfb21e,cool_stuff,9d358fd2a77935cffa32834b50cfb21e,仅5月销售,1,0,6299,0,62.99,0.0,62.99,,-6299,-62.99,-100.0,,,-6299,,,-62.99
2017,housewares,9d38213b04fd8eb9a773f9b2b88ffd0d,housewares,9d38213b04fd8eb9a773f9b2b88ffd0d,仅6月销售,0,1,0,1990,0.0,19.9,,19.9,1990,19.9,,,,1990,,,19.9
2017,furniture_decor,9d395a6bc9dbad2dfe60c8c92d8df397,furniture_decor,9d395a6bc9dbad2dfe60c8c92d8df397,仅5月销售,1,0,14800,0,148.0,0.0,148.0,,-14800,-148.0,-100.0,,,-14800,,,-148.0
2017,housewares,9d40080a29872ddbfe64f036de4ccdd1,housewares,9d40080a29872ddbfe64f036de4ccdd1,仅6月销售,0,1,0,5999,0.0,59.99,,59.99,5999,59.99,,,,5999,,,59.99
2017,perfumery,9d6dd55c4d66be7b7021bb471061ce16,perfumery,9d6dd55c4d66be7b7021bb471061ce16,仅6月销售,0,2,0,3998,0.0,39.98,,19.99,3998,39.98,,,,3998,,,39.98
2017,small_appliances,9d703ce870d13f6fca072b0fca977fc1,small_appliances,9d703ce870d13f6fca072b0fca977fc1,仅6月销售,0,1,0,12990,0.0,129.9,,129.9,12990,129.9,,,,12990,,,129.9
2017,sports_leisure,9d8a0e115e802d845b4ce1eb794d1260,sports_leisure,9d8a0e115e802d845b4ce1eb794d1260,仅5月销售,2,0,24000,0,240.0,0.0,120.0,,-24000,-240.0,-100.0,,,-24000,,,-240.0
2017,housewares,9d91da41ef1f568f2a03332a42ca5fa8,housewares,9d91da41ef1f568f2a03332a42ca5fa8,仅6月销售,0,1,0,19900,0.0,199.0,,199.0,19900,199.0,,,,19900,,,199.0
2017,bed_bath_table,9da0bebb7f9168679e748abbfad05edd,bed_bath_table,9da0bebb7f9168679e748abbfad05edd,两月均有销量,1,2,2890,5780,28.9,57.8,28.9,28.9,2890,28.9,100.0,2890,0,,28.9,0.0,
2017,housewares,9da6103ec4dd99a41f398b561ddf8876,housewares,9da6103ec4dd99a41f398b561ddf8876,仅6月销售,0,1,0,4392,0.0,43.92,,43.92,4392,43.92,,,,4392,,,43.92
2017,stationery,9db0293d362d2f9de7b54eb02297ce5a,stationery,9db0293d362d2f9de7b54eb02297ce5a,仅6月销售,0,1,0,4590,0.0,45.9,,45.9,4590,45.9,,,,4590,,,45.9
2017,food_drink,9dd0e50af05b24eea64afcd011940a6c,food_drink,9dd0e50af05b24eea64afcd011940a6c,仅5月销售,1,0,3850,0,38.5,0.0,38.5,,-3850,-38.5,-100.0,,,-3850,,,-38.5
2017,bed_bath_table,9ddd762ee8a13576a809dc66f22aa2b5,bed_bath_table,9ddd762ee8a13576a809dc66f22aa2b5,仅6月销售,0,1,0,18490,0.0,184.9,,184.9,18490,184.9,,,,18490,,,184.9
2017,(unknown),9df852a6c839bc3202227666d70c7cae,(unknown),9df852a6c839bc3202227666d70c7cae,仅5月销售,1,0,3899,0,38.99,0.0,38.99,,-3899,-38.99,-100.0,,,-3899,,,-38.99
2017,perfumery,9e0e152552a1323f7e5dcf63d50cdae3,perfumery,9e0e152552a1323f7e5dcf63d50cdae3,仅6月销售,0,1,0,5699,0.0,56.99,,56.99,5699,56.99,,,,5699,,,56.99
2017,sports_leisure,9e164b4afdecc7c67fb9b6f12c104e21,sports_leisure,9e164b4afdecc7c67fb9b6f12c104e21,仅5月销售,3,0,24408,0,244.08,0.0,81.36,,-24408,-244.08,-100.0,,,-24408,,,-244.08
2017,housewares,9e2ce829b01f3d1a0a9d5ddf7ee21864,housewares,9e2ce829b01f3d1a0a9d5ddf7ee21864,仅6月销售,0,3,0,20970,0.0,209.7,,69.9,20970,209.7,,,,20970,,,209.7
2017,market_place,9e3f014cac929951c0297e591fbb234d,market_place,9e3f014cac929951c0297e591fbb234d,仅5月销售,2,0,19180,0,191.8,0.0,95.9,,-19180,-191.8,-100.0,,,-19180,,,-191.8
2017,baby,9e69b6eb1dc98769983df1ce44f14efe,baby,9e69b6eb1dc98769983df1ce44f14efe,仅6月销售,0,1,0,4990,0.0,49.9,,49.9,4990,49.9,,,,4990,,,49.9
2017,perfumery,9e8aaef7103f42e3834092cc00dbbb71,perfumery,9e8aaef7103f42e3834092cc00dbbb71,仅5月销售,1,0,1999,0,19.99,0.0,19.99,,-1999,-19.99,-100.0,,,-1999,,,-19.99
2017,sports_leisure,9e927cd87b7c76f32f8f42ef2ede7923,sports_leisure,9e927cd87b7c76f32f8f42ef2ede7923,仅6月销售,0,1,0,15999,0.0,159.99,,159.99,15999,159.99,,,,15999,,,159.99
2017,furniture_decor,9e95726c7b2d65513b9f33958026cd1b,furniture_decor,9e95726c7b2d65513b9f33958026cd1b,仅6月销售,0,1,0,1850,0.0,18.5,,18.5,1850,18.5,,,,1850,,,18.5
2017,consoles_games,9ea3e671b22bfe796818b4fac0d6b974,consoles_games,9ea3e671b22bfe796818b4fac0d6b974,仅5月销售,1,0,23999,0,239.99,0.0,239.99,,-23999,-239.99,-100.0,,,-23999,,,-239.99
2017,sports_leisure,9ead93350fbb3a5f0cc0b48c8c983748,sports_leisure,9ead93350fbb3a5f0cc0b48c8c983748,仅5月销售,4,0,17400,0,174.0,0.0,43.5,,-17400,-174.0,-100.0,,,-17400,,,-174.0
2017,sports_leisure,9ebb48bdfe9f9c51c6c9f8a32a18d67f,sports_leisure,9ebb48bdfe9f9c51c6c9f8a32a18d67f,仅6月销售,0,1,0,29990,0.0,299.9,,299.9,29990,299.9,,,,29990,,,299.9
2017,furniture_decor,9ed935bc816076633824e4ea5b66d6df,furniture_decor,9ed935bc816076633824e4ea5b66d6df,仅5月销售,1,0,3990,0,39.9,0.0,39.9,,-3990,-39.9,-100.0,,,-3990,,,-39.9
2017,perfumery,9ee8c8a931dd4d34148aa31f54ee93c1,perfumery,9ee8c8a931dd4d34148aa31f54ee93c1,两月均有销量,9,2,116910,25980,1169.1,259.8,129.9,129.9,-90930,-909.3,-77.77777777777777,-90930,0,,-909.3,0.0,
2017,sports_leisure,9ef2ca01151ef53318695e8a1e8053da,sports_leisure,9ef2ca01151ef53318695e8a1e8053da,仅5月销售,2,0,22000,0,220.0,0.0,110.0,,-22000,-220.0,-100.0,,,-22000,,,-220.0
2017,furniture_decor,9ef6f9077917003875323be25c28c7c5,furniture_decor,9ef6f9077917003875323be25c28c7c5,仅5月销售,1,0,8990,0,89.9,0.0,89.9,,-8990,-89.9,-100.0,,,-8990,,,-89.9
2017,sports_leisure,9f2d380101b20c5fb31454776800c445,sports_leisure,9f2d380101b20c5fb31454776800c445,仅5月销售,1,0,17490,0,174.9,0.0,174.9,,-17490,-174.9,-100.0,,,-17490,,,-174.9
2017,perfumery,9f2f03a7cc35b7c27e588388fa1e2252,perfumery,9f2f03a7cc35b7c27e588388fa1e2252,仅6月销售,0,1,0,39790,0.0,397.9,,397.9,39790,397.9,,,,39790,,,397.9
2017,costruction_tools_garden,9f4e4841a56efc7c08395adc4fe6f378,costruction_tools_garden,9f4e4841a56efc7c08395adc4fe6f378,仅6月销售,0,2,0,19980,0.0,199.8,,99.9,19980,199.8,,,,19980,,,199.8
2017,sports_leisure,9f5d4ccdd7f86c5c3fdcbd899867a5e9,sports_leisure,9f5d4ccdd7f86c5c3fdcbd899867a5e9,仅5月销售,1,0,8590,0,85.9,0.0,85.9,,-8590,-85.9,-100.0,,,-8590,,,-85.9
2017,furniture_decor,9f684ef1e31358afd3d4ce991c576e2e,furniture_decor,9f684ef1e31358afd3d4ce991c576e2e,仅5月销售,1,0,4699,0,46.99,0.0,46.99,,-4699,-46.99,-100.0,,,-4699,,,-46.99
2017,toys,9f94fe66050fae9e9351d5c83f4667c8,toys,9f94fe66050fae9e9351d5c83f4667c8,仅5月销售,1,0,2079,0,20.79,0.0,20.79,,-2079,-20.79,-100.0,,,-2079,,,-20.79
2017,computers_accessories,9fa0c72476690fbc66bcacc498fe7fd6,computers_accessories,9fa0c72476690fbc66bcacc498fe7fd6,两月均有销量,1,1,4999,4999,49.99,49.99,49.99,49.99,0,0.0,0.0,0,0,,0.0,0.0,
2017,health_beauty,9fa7e05ae5cddeb74ff2fe5046b742db,health_beauty,9fa7e05ae5cddeb74ff2fe5046b742db,仅6月销售,0,1,0,99000,0.0,990.0,,990.0,99000,990.0,,,,99000,,,990.0
2017,health_beauty,9fc063fd34fed29ccc57b7f8e8d03388,health_beauty,9fc063fd34fed29ccc57b7f8e8d03388,仅5月销售,3,0,111000,0,1110.0,0.0,370.0,,-111000,-1110.0,-100.0,,,-111000,,,-1110.0
2017,sports_leisure,9fc0c73ce4d0eaaead44e81eeefebeb0,sports_leisure,9fc0c73ce4d0eaaead44e81eeefebeb0,两月均有销量,2,1,13600,6800,136.0,68.0,68.0,68.0,-6800,-68.0,-50.0,-6800,0,,-68.0,0.0,
2017,bed_bath_table,9fc98e39f04be8e382d8aa5e259f5489,bed_bath_table,9fc98e39f04be8e382d8aa5e259f5489,两月均有销量,3,3,14370,14370,143.7,143.7,47.9,47.9,0,0.0,0.0,0,0,,0.0,0.0,
2017,office_furniture,9fd402a0b4e316e0945ec7a6cc106d08,office_furniture,9fd402a0b4e316e0945ec7a6cc106d08,仅6月销售,0,1,0,9790,0.0,97.9,,97.9,9790,97.9,,,,9790,,,97.9
2017,fashion_bags_accessories,9fe172fa8e662ca8572cf12abf8bce23,fashion_bags_accessories,9fe172fa8e662ca8572cf12abf8bce23,两月均有销量,3,1,14970,4990,149.7,49.9,49.9,49.9,-9980,-99.8,-66.66666666666667,-9980,0,,-99.8,0.0,
2017,electronics,9fe5201316c8185058e8a4056e53cc78,electronics,9fe5201316c8185058e8a4056e53cc78,仅5月销售,1,0,6500,0,65.0,0.0,65.0,,-6500,-65.0,-100.0,,,-6500,,,-65.0
2017,computers_accessories,9ff6b4148d8ade1b7b0d281f9de4447e,computers_accessories,9ff6b4148d8ade1b7b0d281f9de4447e,仅6月销售,0,1,0,7900,0.0,79.0,,79.0,7900,79.0,,,,7900,,,79.0
2017,home_confort,9ffab56dff7071396d82c4b372e7f033,home_confort,9ffab56dff7071396d82c4b372e7f033,仅5月销售,3,0,7470,0,74.7,0.0,24.9,,-7470,-74.7,-100.0,,,-7470,,,-74.7
2017,home_appliances,a009a84a95de59e574851aef710ee0f3,home_appliances,a009a84a95de59e574851aef710ee0f3,仅6月销售,0,1,0,2600,0.0,26.0,,26.0,2600,26.0,,,,2600,,,26.0
2017,telephony,a00cd7752fb98e0a8382def60ecc0b17,telephony,a00cd7752fb98e0a8382def60ecc0b17,仅6月销售,0,2,0,2980,0.0,29.8,,14.9,2980,29.8,,,,2980,,,29.8
2017,perfumery,a01c3a8e3ccddf44069c082b1590f19a,perfumery,a01c3a8e3ccddf44069c082b1590f19a,仅6月销售,0,6,0,107400,0.0,1074.0,,179.0,107400,1074.0,,,,107400,,,1074.0
2017,furniture_decor,a0627b01409b61f4076a920265b86665,furniture_decor,a0627b01409b61f4076a920265b86665,仅5月销售,2,0,18510,0,185.1,0.0,92.55,,-18510,-185.1,-100.0,,,-18510,,,-185.1
2017,sports_leisure,a082e9e8862e9af2f5a67c2dd1594010,sports_leisure,a082e9e8862e9af2f5a67c2dd1594010,仅6月销售,0,1,0,57090,0.0,570.9,,570.9,57090,570.9,,,,57090,,,570.9
2017,watches_gifts,a09fb9f597a4b8a13ab0c72d70c77081,watches_gifts,a09fb9f597a4b8a13ab0c72d70c77081,仅6月销售,0,1,0,7800,0.0,78.0,,78.0,7800,78.0,,,,7800,,,78.0
2017,furniture_decor,a0eef953cb25bc9ae40457e1c3c82946,furniture_decor,a0eef953cb25bc9ae40457e1c3c82946,仅5月销售,1,0,6990,0,69.9,0.0,69.9,,-6990,-69.9,-100.0,,,-6990,,,-69.9
2017,agro_industry_and_commerce,a0fe1efb855f3e786f0650268cd77f44,agro_industry_and_commerce,a0fe1efb855f3e786f0650268cd77f44,仅5月销售,2,0,11998,0,119.98,0.0,59.99,,-11998,-119.98,-100.0,,,-11998,,,-119.98
2017,baby,a10e0fcb1c409869c3c6da4eb13b7612,baby,a10e0fcb1c409869c3c6da4eb13b7612,仅5月销售,2,0,10000,0,100.0,0.0,50.0,,-10000,-100.0,-100.0,,,-10000,,,-100.0
2017,home_appliances,a113377beedd4333652a8694907c2337,home_appliances,a113377beedd4333652a8694907c2337,仅6月销售,0,1,0,1200,0.0,12.0,,12.0,1200,12.0,,,,1200,,,12.0
2017,fashion_bags_accessories,a1250bbcaa645885c9165eab1573b5c6,fashion_bags_accessories,a1250bbcaa645885c9165eab1573b5c6,仅5月销售,1,0,4799,0,47.99,0.0,47.99,,-4799,-47.99,-100.0,,,-4799,,,-47.99
2017,fashion_bags_accessories,a12d9f996527844ba7beaa1abe2bcfcb,fashion_bags_accessories,a12d9f996527844ba7beaa1abe2bcfcb,仅6月销售,0,1,0,3999,0.0,39.99,,39.99,3999,39.99,,,,3999,,,39.99
2017,luggage_accessories,a1507b98cd821fad51fcfa3e9a95e94e,luggage_accessories,a1507b98cd821fad51fcfa3e9a95e94e,仅5月销售,1,0,119790,0,1197.9,0.0,1197.9,,-119790,-1197.9,-100.0,,,-119790,,,-1197.9
2017,toys,a16485b933e24a0ee5f137fec64c48d2,toys,a16485b933e24a0ee5f137fec64c48d2,仅5月销售,1,0,11390,0,113.9,0.0,113.9,,-11390,-113.9,-100.0,,,-11390,,,-113.9
2017,computers_accessories,a17923e795430dfd9d8e9d5bf444cee2,computers_accessories,a17923e795430dfd9d8e9d5bf444cee2,仅5月销售,1,0,99990,0,999.9,0.0,999.9,,-99990,-999.9,-100.0,,,-99990,,,-999.9
2017,bed_bath_table,a1a3ba5db44e0714148c89186c04c01d,bed_bath_table,a1a3ba5db44e0714148c89186c04c01d,仅6月销售,0,1,0,5899,0.0,58.99,,58.99,5899,58.99,,,,5899,,,58.99
2017,computers_accessories,a1b71017a84f92fd8da4aeefba108a24,computers_accessories,a1b71017a84f92fd8da4aeefba108a24,仅5月销售,1,0,6990,0,69.9,0.0,69.9,,-6990,-69.9,-100.0,,,-6990,,,-69.9
2017,computers_accessories,a1bf559ac1eab015ba992bd76d9d76c7,computers_accessories,a1bf559ac1eab015ba992bd76d9d76c7,仅6月销售,0,2,0,5580,0.0,55.8,,27.9,5580,55.8,,,,5580,,,55.8
2017,furniture_decor,a1e2145e9868ce870c8ca2d1a1f2e364,furniture_decor,a1e2145e9868ce870c8ca2d1a1f2e364,仅6月销售,0,1,0,3990,0.0,39.9,,39.9,3990,39.9,,,,3990,,,39.9
2017,sports_leisure,a1e9b0d76a76ff474f4a4374fcfb8c42,sports_leisure,a1e9b0d76a76ff474f4a4374fcfb8c42,仅5月销售,6,0,25200,0,252.0,0.0,42.0,,-25200,-252.0,-100.0,,,-25200,,,-252.0
2017,housewares,a224196b0b605fdffac1d9224f052ceb,housewares,a224196b0b605fdffac1d9224f052ceb,仅6月销售,0,1,0,1999,0.0,19.99,,19.99,1999,19.99,,,,1999,,,19.99
2017,furniture_decor,a22f707cfd269773138c3bf3a43f6180,furniture_decor,a22f707cfd269773138c3bf3a43f6180,仅5月销售,1,0,4590,0,45.9,0.0,45.9,,-4590,-45.9,-100.0,,,-4590,,,-45.9
2017,computers_accessories,a233df9a388d27dbdfd31731d4236db0,computers_accessories,a233df9a388d27dbdfd31731d4236db0,仅6月销售,0,1,0,264999,0.0,2649.99,,2649.99,264999,2649.99,,,,264999,,,2649.99
2017,auto,a24e985fc6dbd5f0e50b2a013fd72ed4,auto,a24e985fc6dbd5f0e50b2a013fd72ed4,仅5月销售,1,0,4450,0,44.5,0.0,44.5,,-4450,-44.5,-100.0,,,-4450,,,-44.5
2017,furniture_decor,a25903f26691ccdbd6d2c5fd73ca005b,furniture_decor,a25903f26691ccdbd6d2c5fd73ca005b,仅6月销售,0,1,0,1299,0.0,12.99,,12.99,1299,12.99,,,,1299,,,12.99
2017,garden_tools,a2801a7e7915dc8d259be64ffcbb7bb0,garden_tools,a2801a7e7915dc8d259be64ffcbb7bb0,仅6月销售,0,1,0,26990,0.0,269.9,,269.9,26990,269.9,,,,26990,,,269.9
2017,baby,a298a105818dce6878b787e4af6cff7d,baby,a298a105818dce6878b787e4af6cff7d,两月均有销量,9,14,71910,111860,719.1,1118.6,79.9,79.9,39950,399.5,55.55555555555556,39950,0,,399.5,0.0,
2017,housewares,a2a91fe6d8762e0371abd964cef88ec6,housewares,a2a91fe6d8762e0371abd964cef88ec6,两月均有销量,1,1,2500,2500,25.0,25.0,25.0,25.0,0,0.0,0.0,0,0,,0.0,0.0,
2017,health_beauty,a2f7cac38089c44bb364918bd80468d5,health_beauty,a2f7cac38089c44bb364918bd80468d5,仅5月销售,1,0,74000,0,740.0,0.0,740.0,,-74000,-740.0,-100.0,,,-74000,,,-740.0
2017,watches_gifts,a3174f2bfbbeca5734474d6046d76434,watches_gifts,a3174f2bfbbeca5734474d6046d76434,仅5月销售,1,0,108676,0,1086.76,0.0,1086.76,,-108676,-1086.76,-100.0,,,-108676,,,-1086.76
2017,baby,a31e3a35fb5ac942c137446709379100,baby,a31e3a35fb5ac942c137446709379100,仅6月销售,0,2,0,11998,0.0,119.98,,59.99,11998,119.98,,,,11998,,,119.98
2017,computers_accessories,a35a9f46dcee0a67c8c7ad8493eb4135,computers_accessories,a35a9f46dcee0a67c8c7ad8493eb4135,两月均有销量,5,2,14750,6380,147.5,63.8,29.5,31.9,-8370,-83.7,-56.74576271186441,-9210,840,,-92.1,8.4,
2017,housewares,a35c14eaa384acf7aabbbec3bd76fae6,housewares,a35c14eaa384acf7aabbbec3bd76fae6,两月均有销量,2,1,8796,4398,87.96,43.98,43.98,43.98,-4398,-43.98,-50.0,-4398,0,,-43.98,0.0,
2017,watches_gifts,a367f823feb49954fedb4f4a43ad9db2,watches_gifts,a367f823feb49954fedb4f4a43ad9db2,仅6月销售,0,1,0,14900,0.0,149.0,,149.0,14900,149.0,,,,14900,,,149.0
2017,home_construction,a37c4dc2fd88e896e19c74a6b60a0e84,home_construction,a37c4dc2fd88e896e19c74a6b60a0e84,仅6月销售,0,1,0,5980,0.0,59.8,,59.8,5980,59.8,,,,5980,,,59.8
2017,watches_gifts,a38b238734207eeb0388676235cf56ec,watches_gifts,a38b238734207eeb0388676235cf56ec,两月均有销量,1,1,12990,12990,129.9,129.9,129.9,129.9,0,0.0,0.0,0,0,,0.0,0.0,
2017,housewares,a3b68fbd8f68d8fdff1dd36cf1336b6b,housewares,a3b68fbd8f68d8fdff1dd36cf1336b6b,仅6月销售,0,1,0,21000,0.0,210.0,,210.0,21000,210.0,,,,21000,,,210.0
2017,computers_accessories,a3bb3642ad1170e55d345dbf5953f38d,computers_accessories,a3bb3642ad1170e55d345dbf5953f38d,仅6月销售,0,1,0,2499,0.0,24.99,,24.99,2499,24.99,,,,2499,,,24.99
2017,bed_bath_table,a3c933b29543a2b90e9aca184ee7397a,bed_bath_table,a3c933b29543a2b90e9aca184ee7397a,仅6月销售,0,1,0,6990,0.0,69.9,,69.9,6990,69.9,,,,6990,,,69.9
2017,telephony,a3ceb95649a48c0c54ae4bd1dd66d035,telephony,a3ceb95649a48c0c54ae4bd1dd66d035,两月均有销量,6,2,78000,26000,780.0,260.0,130.0,130.0,-52000,-520.0,-66.66666666666667,-52000,0,,-520.0,0.0,
2017,books_general_interest,a3d747c2548c3b67c81afe6b61645ebd,books_general_interest,a3d747c2548c3b67c81afe6b61645ebd,仅6月销售,0,1,0,2600,0.0,26.0,,26.0,2600,26.0,,,,2600,,,26.0
2017,housewares,a3e5b0b8f8e66aba2fe28eb565d3ac97,housewares,a3e5b0b8f8e66aba2fe28eb565d3ac97,仅6月销售,0,1,0,2990,0.0,29.9,,29.9,2990,29.9,,,,2990,,,29.9
2017,furniture_decor,a3e5f9cbee551f620eb3c85fed57c5f8,furniture_decor,a3e5f9cbee551f620eb3c85fed57c5f8,仅6月销售,0,1,0,5990,0.0,59.9,,59.9,5990,59.9,,,,5990,,,59.9
2017,fashion_bags_accessories,a402021e638981087a4952cb77e5c46b,fashion_bags_accessories,a402021e638981087a4952cb77e5c46b,仅5月销售,1,0,8000,0,80.0,0.0,80.0,,-8000,-80.0,-100.0,,,-8000,,,-80.0
2017,bed_bath_table,a4052f2adbcfe3e5dcf30229fa0f7c68,bed_bath_table,a4052f2adbcfe3e5dcf30229fa0f7c68,仅6月销售,0,1,0,2199,0.0,21.99,,21.99,2199,21.99,,,,2199,,,21.99
2017,auto,a412a4cce5810a2d4fc9ce36664a929b,auto,a412a4cce5810a2d4fc9ce36664a929b,仅6月销售,0,1,0,7500,0.0,75.0,,75.0,7500,75.0,,,,7500,,,75.0
2017,health_beauty,a41d9e51c365f6e2f5eb1f98fa4097eb,health_beauty,a41d9e51c365f6e2f5eb1f98fa4097eb,仅6月销售,0,1,0,3999,0.0,39.99,,39.99,3999,39.99,,,,3999,,,39.99
2017,health_beauty,a42d0a44db77a6ed7945bb5c78da1398,health_beauty,a42d0a44db77a6ed7945bb5c78da1398,仅5月销售,1,0,1890,0,18.9,0.0,18.9,,-1890,-18.9,-100.0,,,-1890,,,-18.9
2017,sports_leisure,a42d9c825894f96fc6ed02610891454d,sports_leisure,a42d9c825894f96fc6ed02610891454d,两月均有销量,1,2,6990,13980,69.9,139.8,69.9,69.9,6990,69.9,100.0,6990,0,,69.9,0.0,
2017,baby,a44f944687bbcf1d5e4f2af94a55dc05,baby,a44f944687bbcf1d5e4f2af94a55dc05,仅6月销售,0,1,0,24999,0.0,249.99,,249.99,24999,249.99,,,,24999,,,249.99
2017,food_drink,a45a0a8751b5e6c64c920b63716fbd24,food_drink,a45a0a8751b5e6c64c920b63716fbd24,仅5月销售,1,0,2790,0,27.9,0.0,27.9,,-2790,-27.9,-100.0,,,-2790,,,-27.9
2017,fashion_bags_accessories,a487b0b761b1bae56c6da805a31000c8,fashion_bags_accessories,a487b0b761b1bae56c6da805a31000c8,仅6月销售,0,1,0,25490,0.0,254.9,,254.9,25490,254.9,,,,25490,,,254.9
2017,auto,a49969155f3a64afc931fd281444b2b6,auto,a49969155f3a64afc931fd281444b2b6,仅5月销售,2,0,8798,0,87.98,0.0,43.99,,-8798,-87.98,-100.0,,,-8798,,,-87.98
2017,pet_shop,a4aa7c1427c31344e5f7cc3d839fe562,pet_shop,a4aa7c1427c31344e5f7cc3d839fe562,仅6月销售,0,2,0,22000,0.0,220.0,,110.0,22000,220.0,,,,22000,,,220.0
2017,computers_accessories,a4b5771bb3bd270e2baacfc4430798cf,computers_accessories,a4b5771bb3bd270e2baacfc4430798cf,仅6月销售,0,1,0,999,0.0,9.99,,9.99,999,9.99,,,,999,,,9.99
2017,housewares,a4bc24bcb44abb54f2f6214991dcdab0,housewares,a4bc24bcb44abb54f2f6214991dcdab0,仅6月销售,0,1,0,7690,0.0,76.9,,76.9,7690,76.9,,,,7690,,,76.9
2017,computers_accessories,a4bca9d23228eeaf4e0169cb1a45aa62,computers_accessories,a4bca9d23228eeaf4e0169cb1a45aa62,仅6月销售,0,1,0,8970,0.0,89.7,,89.7,8970,89.7,,,,8970,,,89.7
2017,luggage_accessories,a4d44eb9f68b301db3a15c9a346f395c,luggage_accessories,a4d44eb9f68b301db3a15c9a346f395c,仅6月销售,0,1,0,22900,0.0,229.0,,229.0,22900,229.0,,,,22900,,,229.0
2017,(unknown),a4d8f727f92014da5dd64116af14634c,(unknown),a4d8f727f92014da5dd64116af14634c,两月均有销量,3,3,7500,8370,75.0,83.7,25.0,27.9,870,8.7,11.6,0,870,,0.0,8.7,
2017,market_place,a4e285285691cfbcc14df9e2d85bd337,market_place,a4e285285691cfbcc14df9e2d85bd337,仅5月销售,1,0,25757,0,257.57,0.0,257.57,,-25757,-257.57,-100.0,,,-25757,,,-257.57
2017,fashion_bags_accessories,a4f46aac5fc5e88c9701aa860c2a957c,fashion_bags_accessories,a4f46aac5fc5e88c9701aa860c2a957c,仅5月销售,1,0,11990,0,119.9,0.0,119.9,,-11990,-119.9,-100.0,,,-11990,,,-119.9
2017,bed_bath_table,a4fa3b8fa5953b0bd18bf4e0b4de499d,bed_bath_table,a4fa3b8fa5953b0bd18bf4e0b4de499d,仅6月销售,0,1,0,9990,0.0,99.9,,99.9,9990,99.9,,,,9990,,,99.9
2017,auto,a50acd33ba7a8da8e9db65094fa990a4,auto,a50acd33ba7a8da8e9db65094fa990a4,两月均有销量,4,2,46920,23460,469.2,234.6,117.3,117.3,-23460,-234.6,-50.0,-23460,0,,-234.6,0.0,
2017,health_beauty,a5190314b65b1f99d589e8fba9894639,health_beauty,a5190314b65b1f99d589e8fba9894639,仅6月销售,0,1,0,9790,0.0,97.9,,97.9,9790,97.9,,,,9790,,,97.9
2017,watches_gifts,a5260e6fb64e23948b99be5aa3ecc996,watches_gifts,a5260e6fb64e23948b99be5aa3ecc996,仅5月销售,1,0,13990,0,139.9,0.0,139.9,,-13990,-139.9,-100.0,,,-13990,,,-139.9
2017,furniture_decor,a530b23a71594d0d986a30359e207762,furniture_decor,a530b23a71594d0d986a30359e207762,仅6月销售,0,1,0,5990,0.0,59.9,,59.9,5990,59.9,,,,5990,,,59.9
2017,fixed_telephony,a5340098c26b85e9bc7e7fd8e97fc50f,fixed_telephony,a5340098c26b85e9bc7e7fd8e97fc50f,仅5月销售,2,0,7998,0,79.98,0.0,39.99,,-7998,-79.98,-100.0,,,-7998,,,-79.98
2017,furniture_decor,a5341e3f8155dbb3e62323d3ea289729,furniture_decor,a5341e3f8155dbb3e62323d3ea289729,仅6月销售,0,1,0,7950,0.0,79.5,,79.5,7950,79.5,,,,7950,,,79.5
2017,computers_accessories,a53e969a04fa632529307e0e04d4c68a,computers_accessories,a53e969a04fa632529307e0e04d4c68a,仅6月销售,0,1,0,4990,0.0,49.9,,49.9,4990,49.9,,,,4990,,,49.9
2017,furniture_decor,a54f350cdb1f303fe39221171d003852,furniture_decor,a54f350cdb1f303fe39221171d003852,仅5月销售,1,0,3990,0,39.9,0.0,39.9,,-3990,-39.9,-100.0,,,-3990,,,-39.9
2017,bed_bath_table,a54f6200fb09c904053b05461c2e91f8,bed_bath_table,a54f6200fb09c904053b05461c2e91f8,仅5月销售,1,0,14600,0,146.0,0.0,146.0,,-14600,-146.0,-100.0,,,-14600,,,-146.0
2017,fashion_shoes,a5620dbc470a8e3ec837aaf1bbd48eb8,fashion_shoes,a5620dbc470a8e3ec837aaf1bbd48eb8,仅5月销售,1,0,2990,0,29.9,0.0,29.9,,-2990,-29.9,-100.0,,,-2990,,,-29.9
2017,office_furniture,a5647c44af977b148e0a3a4751a09e2e,office_furniture,a5647c44af977b148e0a3a4751a09e2e,仅6月销售,0,3,0,56982,0.0,569.82,,189.94,56982,569.82,,,,56982,,,569.82
2017,telephony,a5845d48b5db7a5f0b41b39e2db4d42e,telephony,a5845d48b5db7a5f0b41b39e2db4d42e,仅6月销售,0,1,0,2299,0.0,22.99,,22.99,2299,22.99,,,,2299,,,22.99
2017,garden_tools,a58add0d4b913cb2fe2542b77bac6dc8,garden_tools,a58add0d4b913cb2fe2542b77bac6dc8,仅5月销售,1,0,37900,0,379.0,0.0,379.0,,-37900,-379.0,-100.0,,,-37900,,,-379.0
2017,housewares,a5a0e71a81ae65aa335e71c06261e260,housewares,a5a0e71a81ae65aa335e71c06261e260,两月均有销量,2,1,7600,4190,76.0,41.9,38.0,41.9,-3410,-34.1,-44.86842105263158,-3995,585,,-39.95,5.85,
2017,cool_stuff,a5a7c5c2be6edf0b10ce28ba5c6b4a69,cool_stuff,a5a7c5c2be6edf0b10ce28ba5c6b4a69,仅5月销售,1,0,19900,0,199.0,0.0,199.0,,-19900,-199.0,-100.0,,,-19900,,,-199.0
2017,pet_shop,a5ae8400fc9fcacd4af585a57bbf264a,pet_shop,a5ae8400fc9fcacd4af585a57bbf264a,仅5月销售,1,0,12000,0,120.0,0.0,120.0,,-12000,-120.0,-100.0,,,-12000,,,-120.0
2017,fashion_bags_accessories,a5b15c8b0abb9a1e7eb10546441925d0,fashion_bags_accessories,a5b15c8b0abb9a1e7eb10546441925d0,仅5月销售,2,0,2400,0,24.0,0.0,12.0,,-2400,-24.0,-100.0,,,-2400,,,-24.0
2017,auto,a5b601f57c1fe288e77100429a1f1b7a,auto,a5b601f57c1fe288e77100429a1f1b7a,仅6月销售,0,1,0,18999,0.0,189.99,,189.99,18999,189.99,,,,18999,,,189.99
2017,housewares,a5c0a72789779d4debc2f72204111cb0,housewares,a5c0a72789779d4debc2f72204111cb0,仅5月销售,1,0,14900,0,149.0,0.0,149.0,,-14900,-149.0,-100.0,,,-14900,,,-149.0
2017,electronics,a5cb33fabba1f8cdcd6fdcace71ed02e,electronics,a5cb33fabba1f8cdcd6fdcace71ed02e,仅5月销售,1,0,4500,0,45.0,0.0,45.0,,-4500,-45.0,-100.0,,,-4500,,,-45.0
2017,housewares,a5db577b646be1ddbfdcf6dddeaf91ea,housewares,a5db577b646be1ddbfdcf6dddeaf91ea,仅6月销售,0,2,0,31398,0.0,313.98,,156.99,31398,313.98,,,,31398,,,313.98
2017,sports_leisure,a5e66fadbb9b49dffdbf63675436a332,sports_leisure,a5e66fadbb9b49dffdbf63675436a332,仅5月销售,1,0,7999,0,79.99,0.0,79.99,,-7999,-79.99,-100.0,,,-7999,,,-79.99
2017,electronics,a5f6ba3fe91a2e73f10b612131cb2404,electronics,a5f6ba3fe91a2e73f10b612131cb2404,两月均有销量,4,6,15600,27400,156.0,274.0,39.0,45.66666666666667,11800,118.0,75.64102564102564,8467,3333,,84.67,33.33,
2017,furniture_decor,a60473775ca8f0337ed9af1b1f55ede1,furniture_decor,a60473775ca8f0337ed9af1b1f55ede1,仅5月销售,1,0,13990,0,139.9,0.0,139.9,,-13990,-139.9,-100.0,,,-13990,,,-139.9
2017,furniture_decor,a61e653744986d43321a572f2877197c,furniture_decor,a61e653744986d43321a572f2877197c,仅6月销售,0,1,0,8990,0.0,89.9,,89.9,8990,89.9,,,,8990,,,89.9
2017,furniture_decor,a66505d5bdac1f7263e98e4eaaf996ea,furniture_decor,a66505d5bdac1f7263e98e4eaaf996ea,仅5月销售,1,0,6990,0,69.9,0.0,69.9,,-6990,-69.9,-100.0,,,-6990,,,-69.9
2017,watches_gifts,a6b4a230f7ca939eb68485292f8b3389,watches_gifts,a6b4a230f7ca939eb68485292f8b3389,仅5月销售,1,0,116944,0,1169.44,0.0,1169.44,,-116944,-1169.44,-100.0,,,-116944,,,-1169.44
2017,pet_shop,a6b56b20f93907299eef6ea711338269,pet_shop,a6b56b20f93907299eef6ea711338269,仅5月销售,2,0,28980,0,289.8,0.0,144.9,,-28980,-289.8,-100.0,,,-28980,,,-289.8
2017,furniture_decor,a6c796da2601f9fc8e6dd65792c1c908,furniture_decor,a6c796da2601f9fc8e6dd65792c1c908,仅6月销售,0,1,0,7900,0.0,79.0,,79.0,7900,79.0,,,,7900,,,79.0
2017,bed_bath_table,a6d040e128bd9c3f2f4c04f27f3ffbf6,bed_bath_table,a6d040e128bd9c3f2f4c04f27f3ffbf6,仅6月销售,0,1,0,7999,0.0,79.99,,79.99,7999,79.99,,,,7999,,,79.99
2017,fashion_bags_accessories,a6f74de3ddfbdc9b33885b92656f992b,fashion_bags_accessories,a6f74de3ddfbdc9b33885b92656f992b,仅5月销售,1,0,7990,0,79.9,0.0,79.9,,-7990,-79.9,-100.0,,,-7990,,,-79.9
2017,fashion_bags_accessories,a6f97b352687ce4c26c75e81b5f2773b,fashion_bags_accessories,a6f97b352687ce4c26c75e81b5f2773b,仅6月销售,0,1,0,16999,0.0,169.99,,169.99,16999,169.99,,,,16999,,,169.99
2017,electronics,a767d41b71a909a1dd1e969f4b50732c,electronics,a767d41b71a909a1dd1e969f4b50732c,仅5月销售,1,0,26990,0,269.9,0.0,269.9,,-26990,-269.9,-100.0,,,-26990,,,-269.9
2017,fashion_bags_accessories,a78ca2f8bd17ee6472a95310f930ec54,fashion_bags_accessories,a78ca2f8bd17ee6472a95310f930ec54,仅5月销售,1,0,3990,0,39.9,0.0,39.9,,-3990,-39.9,-100.0,,,-3990,,,-39.9
2017,bed_bath_table,a79c0d179a6de79b23a81b64b3980c04,bed_bath_table,a79c0d179a6de79b23a81b64b3980c04,仅6月销售,0,1,0,5490,0.0,54.9,,54.9,5490,54.9,,,,5490,,,54.9
2017,pet_shop,a7c6305655921ed7f446b060ca89e2e7,pet_shop,a7c6305655921ed7f446b060ca89e2e7,仅5月销售,1,0,5999,0,59.99,0.0,59.99,,-5999,-59.99,-100.0,,,-5999,,,-59.99
2017,furniture_decor,a7c7a8a5ae0e412843068fb8fcc30a86,furniture_decor,a7c7a8a5ae0e412843068fb8fcc30a86,仅5月销售,1,0,4299,0,42.99,0.0,42.99,,-4299,-42.99,-100.0,,,-4299,,,-42.99
2017,auto,a7c82583dc20dc8caa7b88a98b8f3cd5,auto,a7c82583dc20dc8caa7b88a98b8f3cd5,仅5月销售,1,0,6190,0,61.9,0.0,61.9,,-6190,-61.9,-100.0,,,-6190,,,-61.9
2017,watches_gifts,a7c87b1bbdd51e0d68b0307cffd03d47,watches_gifts,a7c87b1bbdd51e0d68b0307cffd03d47,仅6月销售,0,1,0,150000,0.0,1500.0,,1500.0,150000,1500.0,,,,150000,,,1500.0
2017,fashion_bags_accessories,a7d756e8f7c4b7e5b679e248a57d91ec,fashion_bags_accessories,a7d756e8f7c4b7e5b679e248a57d91ec,两月均有销量,1,2,10990,21980,109.9,219.8,109.9,109.9,10990,109.9,100.0,10990,0,,109.9,0.0,
2017,computers_accessories,a8115d34a4b7b74388da609692162c37,computers_accessories,a8115d34a4b7b74388da609692162c37,仅5月销售,1,0,3190,0,31.9,0.0,31.9,,-3190,-31.9,-100.0,,,-3190,,,-31.9
2017,watches_gifts,a8366756c95286fc31f1eb653c12ce3a,watches_gifts,a8366756c95286fc31f1eb653c12ce3a,仅5月销售,1,0,16490,0,164.9,0.0,164.9,,-16490,-164.9,-100.0,,,-16490,,,-164.9
2017,bed_bath_table,a84c7b893ea37674ef896fa866793e7d,bed_bath_table,a84c7b893ea37674ef896fa866793e7d,仅5月销售,1,0,62990,0,629.9,0.0,629.9,,-62990,-629.9,-100.0,,,-62990,,,-629.9
2017,luggage_accessories,a85fa7ea0b6ca7f780ad3034bf943070,luggage_accessories,a85fa7ea0b6ca7f780ad3034bf943070,两月均有销量,1,1,10290,10290,102.9,102.9,102.9,102.9,0,0.0,0.0,0,0,,0.0,0.0,
2017,watches_gifts,a8689b01f296bed129a12180ceb44b0a,watches_gifts,a8689b01f296bed129a12180ceb44b0a,仅6月销售,0,1,0,17990,0.0,179.9,,179.9,17990,179.9,,,,17990,,,179.9
2017,sports_leisure,a869ec6209c361ca46dad85a5530e119,sports_leisure,a869ec6209c361ca46dad85a5530e119,两月均有销量,1,1,16990,15990,169.9,159.9,169.9,159.9,-1000,-10.0,-5.885815185403178,0,-1000,,0.0,-10.0,
2017,sports_leisure,a872d8e3d5adb96808e32831578efb35,sports_leisure,a872d8e3d5adb96808e32831578efb35,仅6月销售,0,2,0,5998,0.0,59.98,,29.99,5998,59.98,,,,5998,,,59.98
2017,pet_shop,a8949536a84721e346d7814fd81aafbe,pet_shop,a8949536a84721e346d7814fd81aafbe,仅5月销售,1,0,16490,0,164.9,0.0,164.9,,-16490,-164.9,-100.0,,,-16490,,,-164.9
2017,garden_tools,a8b35b03653cbd1f85f6a9487fba6eac,garden_tools,a8b35b03653cbd1f85f6a9487fba6eac,仅5月销售,1,0,8790,0,87.9,0.0,87.9,,-8790,-87.9,-100.0,,,-8790,,,-87.9
2017,(unknown),a8cb589d0aa5e6308a8fcf133ecca711,(unknown),a8cb589d0aa5e6308a8fcf133ecca711,仅5月销售,2,0,10000,0,100.0,0.0,50.0,,-10000,-100.0,-100.0,,,-10000,,,-100.0
2017,toys,a8e6cef13c111ed8fffb4205d20fe8c6,toys,a8e6cef13c111ed8fffb4205d20fe8c6,仅6月销售,0,1,0,6490,0.0,64.9,,64.9,6490,64.9,,,,6490,,,64.9
2017,sports_leisure,a8eed0daf7e2db5e074d2d4f65046946,sports_leisure,a8eed0daf7e2db5e074d2d4f65046946,仅6月销售,0,2,0,3510,0.0,35.1,,17.55,3510,35.1,,,,3510,,,35.1
2017,watches_gifts,a8fb161bb36ded69ca8ea7466b7f09a4,watches_gifts,a8fb161bb36ded69ca8ea7466b7f09a4,仅5月销售,1,0,8180,0,81.8,0.0,81.8,,-8180,-81.8,-100.0,,,-8180,,,-81.8
2017,watches_gifts,a92930c327948861c015c919a0bcb4a8,watches_gifts,a92930c327948861c015c919a0bcb4a8,仅6月销售,0,3,0,23400,0.0,234.0,,78.0,23400,234.0,,,,23400,,,234.0
2017,bed_bath_table,a94bae2ca6c0f6530af830bda6dae563,bed_bath_table,a94bae2ca6c0f6530af830bda6dae563,仅6月销售,0,1,0,9300,0.0,93.0,,93.0,9300,93.0,,,,9300,,,93.0
2017,office_furniture,a9516a079e37a9c9c36b9b78b10169e8,office_furniture,a9516a079e37a9c9c36b9b78b10169e8,两月均有销量,13,4,162487,49996,1624.87,499.96,124.99,124.99,-112491,-1124.91,-69.23076923076923,-112491,0,,-1124.91,0.0,
2017,telephony,a96162639da9bf8cc57b7931a5fcbd2a,telephony,a96162639da9bf8cc57b7931a5fcbd2a,仅6月销售,0,1,0,9499,0.0,94.99,,94.99,9499,94.99,,,,9499,,,94.99
2017,furniture_decor,a963b6b0ba2dd73f51cb8f84855094fc,furniture_decor,a963b6b0ba2dd73f51cb8f84855094fc,仅5月销售,1,0,2990,0,29.9,0.0,29.9,,-2990,-29.9,-100.0,,,-2990,,,-29.9
2017,sports_leisure,a99b67c7e525bb5ca667e1aa284c28e2,sports_leisure,a99b67c7e525bb5ca667e1aa284c28e2,仅5月销售,4,0,7020,0,70.2,0.0,17.55,,-7020,-70.2,-100.0,,,-7020,,,-70.2
2017,garden_tools,a9e9edb1bcac585bfbfa381ce40e5d99,garden_tools,a9e9edb1bcac585bfbfa381ce40e5d99,仅5月销售,1,0,182000,0,1820.0,0.0,1820.0,,-182000,-1820.0,-100.0,,,-182000,,,-1820.0
2017,toys,a9f480bfc49f0b85e8394e1cdf685b4e,toys,a9f480bfc49f0b85e8394e1cdf685b4e,仅6月销售,0,5,0,25070,0.0,250.7,,50.14,25070,250.7,,,,25070,,,250.7
2017,toys,a9fb80187bf64d19dd2804f25e83c5e6,toys,a9fb80187bf64d19dd2804f25e83c5e6,仅6月销售,0,2,0,23960,0.0,239.6,,119.8,23960,239.6,,,,23960,,,239.6
2017,furniture_decor,aa07dadb101ca2d652eaaec5c33c37af,furniture_decor,aa07dadb101ca2d652eaaec5c33c37af,仅5月销售,1,0,4990,0,49.9,0.0,49.9,,-4990,-49.9,-100.0,,,-4990,,,-49.9
2017,fashion_bags_accessories,aa0816cf69c9faa95e573541be5c0c32,fashion_bags_accessories,aa0816cf69c9faa95e573541be5c0c32,仅6月销售,0,1,0,5900,0.0,59.0,,59.0,5900,59.0,,,,5900,,,59.0
2017,toys,aa280035c50ba62c746480a59045eec4,toys,aa280035c50ba62c746480a59045eec4,两月均有销量,2,7,7980,27930,79.8,279.3,39.9,39.9,19950,199.5,250.0,19950,0,,199.5,0.0,
2017,housewares,aa4c5e610242fdfd79969a9577dfe112,housewares,aa4c5e610242fdfd79969a9577dfe112,仅6月销售,0,1,0,7100,0.0,71.0,,71.0,7100,71.0,,,,7100,,,71.0
2017,perfumery,aa5a88580b8e6e569915aa42f1526dfc,perfumery,aa5a88580b8e6e569915aa42f1526dfc,两月均有销量,6,1,41940,6990,419.4,69.9,69.9,69.9,-34950,-349.5,-83.33333333333333,-34950,0,,-349.5,0.0,
2017,sports_leisure,aa5d6a9bd4be367ae1a3a29c323c7c11,sports_leisure,aa5d6a9bd4be367ae1a3a29c323c7c11,仅6月销售,0,1,0,13000,0.0,130.0,,130.0,13000,130.0,,,,13000,,,130.0
2017,sports_leisure,aa670897230f03aba3286289219cf955,sports_leisure,aa670897230f03aba3286289219cf955,仅6月销售,0,1,0,14900,0.0,149.0,,149.0,14900,149.0,,,,14900,,,149.0
2017,housewares,aa7cf4b09293dffac3b67cf2fb9730a2,housewares,aa7cf4b09293dffac3b67cf2fb9730a2,仅6月销售,0,1,0,5990,0.0,59.9,,59.9,5990,59.9,,,,5990,,,59.9
2017,housewares,aa829330d8c41c82f96b3252043c6791,housewares,aa829330d8c41c82f96b3252043c6791,仅6月销售,0,1,0,10980,0.0,109.8,,109.8,10980,109.8,,,,10980,,,109.8
2017,perfumery,aa8bc5595ba5d066c744e14995402cdd,perfumery,aa8bc5595ba5d066c744e14995402cdd,仅6月销售,0,3,0,83700,0.0,837.0,,279.0,83700,837.0,,,,83700,,,837.0
2017,musical_instruments,aa8d767a6316127a012fc3d16b84dc7f,musical_instruments,aa8d767a6316127a012fc3d16b84dc7f,仅5月销售,1,0,2890,0,28.9,0.0,28.9,,-2890,-28.9,-100.0,,,-2890,,,-28.9
2017,sports_leisure,aa8e397582b49721494b929b3216b41f,sports_leisure,aa8e397582b49721494b929b3216b41f,仅6月销售,0,1,0,2500,0.0,25.0,,25.0,2500,25.0,,,,2500,,,25.0
2017,sports_leisure,aa8fce5e65ab73ab73101ea58d710905,sports_leisure,aa8fce5e65ab73ab73101ea58d710905,仅5月销售,1,0,12748,0,127.48,0.0,127.48,,-12748,-127.48,-100.0,,,-12748,,,-127.48
2017,garden_tools,aa95bee0592e05d2ef533b8e5b7236b3,garden_tools,aa95bee0592e05d2ef533b8e5b7236b3,仅6月销售,0,4,0,13364,0.0,133.64,,33.41,13364,133.64,,,,13364,,,133.64
2017,housewares,aa96d291abe7cd0000c25e34bc8ed316,housewares,aa96d291abe7cd0000c25e34bc8ed316,仅6月销售,0,1,0,2488,0.0,24.88,,24.88,2488,24.88,,,,2488,,,24.88
2017,cool_stuff,aa995bbfcf2da055bed670f7282f90d8,cool_stuff,aa995bbfcf2da055bed670f7282f90d8,两月均有销量,2,1,11598,5799,115.98,57.99,57.99,57.99,-5799,-57.99,-50.0,-5799,0,,-57.99,0.0,
2017,fashion_bags_accessories,aaa09cd0acd316f7816145408dd73449,fashion_bags_accessories,aaa09cd0acd316f7816145408dd73449,仅6月销售,0,1,0,6990,0.0,69.9,,69.9,6990,69.9,,,,6990,,,69.9
2017,sports_leisure,aab4ed0a026e2f1d486ff1556e12b7e7,sports_leisure,aab4ed0a026e2f1d486ff1556e12b7e7,仅5月销售,1,0,15500,0,155.0,0.0,155.0,,-15500,-155.0,-100.0,,,-15500,,,-155.0
2017,stationery,aab5e2a4e6a2434fb61e694ed85a9888,stationery,aab5e2a4e6a2434fb61e694ed85a9888,仅5月销售,1,0,12990,0,129.9,0.0,129.9,,-12990,-129.9,-100.0,,,-12990,,,-129.9
2017,toys,aac7416c2efb28528e5cf18c1f582053,toys,aac7416c2efb28528e5cf18c1f582053,仅5月销售,1,0,4890,0,48.9,0.0,48.9,,-4890,-48.9,-100.0,,,-4890,,,-48.9
2017,health_beauty,aaccb76bf4427c9196a531cb10a79458,health_beauty,aaccb76bf4427c9196a531cb10a79458,仅5月销售,1,0,185000,0,1850.0,0.0,1850.0,,-185000,-1850.0,-100.0,,,-185000,,,-1850.0
2017,fashion_bags_accessories,aacee6f1f7be193e891a8cca7a3a849a,fashion_bags_accessories,aacee6f1f7be193e891a8cca7a3a849a,仅6月销售,0,1,0,7990,0.0,79.9,,79.9,7990,79.9,,,,7990,,,79.9
2017,telephony,aad1c338e2a8906e2040a2fb0861acbd,telephony,aad1c338e2a8906e2040a2fb0861acbd,两月均有销量,2,4,2500,5000,25.0,50.0,12.5,12.5,2500,25.0,100.0,2500,0,,25.0,0.0,
2017,computers_accessories,aad701f7922484707866c83423e24b56,computers_accessories,aad701f7922484707866c83423e24b56,仅5月销售,1,0,4990,0,49.9,0.0,49.9,,-4990,-49.9,-100.0,,,-4990,,,-49.9
2017,bed_bath_table,aae719054702e4738807983cf772e8ac,bed_bath_table,aae719054702e4738807983cf772e8ac,仅6月销售,0,1,0,9490,0.0,94.9,,94.9,9490,94.9,,,,9490,,,94.9
2017,health_beauty,aae7281498244a475eb36eec95c9a859,health_beauty,aae7281498244a475eb36eec95c9a859,仅6月销售,0,1,0,10900,0.0,109.0,,109.0,10900,109.0,,,,10900,,,109.0
2017,computers_accessories,aae9610f8843fbe3931dadce56c0ac94,computers_accessories,aae9610f8843fbe3931dadce56c0ac94,仅5月销售,1,0,95899,0,958.99,0.0,958.99,,-95899,-958.99,-100.0,,,-95899,,,-958.99
2017,furniture_decor,aafa97a9b1e2b3eff1702a24f1d058e9,furniture_decor,aafa97a9b1e2b3eff1702a24f1d058e9,仅5月销售,1,0,790,0,7.9,0.0,7.9,,-790,-7.9,-100.0,,,-790,,,-7.9
2017,small_appliances,ab2d32e4d6a79780270601c807f391d9,small_appliances,ab2d32e4d6a79780270601c807f391d9,仅5月销售,1,0,84900,0,849.0,0.0,849.0,,-84900,-849.0,-100.0,,,-84900,,,-849.0
2017,health_beauty,ab328a14d2698a726fe1ed2695f5f43c,health_beauty,ab328a14d2698a726fe1ed2695f5f43c,仅6月销售,0,1,0,7990,0.0,79.9,,79.9,7990,79.9,,,,7990,,,79.9
2017,cool_stuff,ab50aa8d9af0addb7f96149c8b8cee86,cool_stuff,ab50aa8d9af0addb7f96149c8b8cee86,仅6月销售,0,1,0,249999,0.0,2499.99,,2499.99,249999,2499.99,,,,249999,,,2499.99
2017,stationery,ab52c2c44ec8bebc9559a03ec12c8eec,stationery,ab52c2c44ec8bebc9559a03ec12c8eec,仅5月销售,1,0,6990,0,69.9,0.0,69.9,,-6990,-69.9,-100.0,,,-6990,,,-69.9
2017,home_appliances,ab5da1daa941470d14366f4e76a99dd2,home_appliances,ab5da1daa941470d14366f4e76a99dd2,仅6月销售,0,1,0,2600,0.0,26.0,,26.0,2600,26.0,,,,2600,,,26.0
2017,fashion_bags_accessories,ab63f62c916db9ba192225d361b6ec44,fashion_bags_accessories,ab63f62c916db9ba192225d361b6ec44,仅5月销售,1,0,2990,0,29.9,0.0,29.9,,-2990,-29.9,-100.0,,,-2990,,,-29.9
2017,telephony,ab9cf155f8280c3739b09fe341a185e8,telephony,ab9cf155f8280c3739b09fe341a185e8,两月均有销量,16,7,22368,9786,223.68,97.86,13.98,13.98,-12582,-125.82,-56.25,-12582,0,,-125.82,0.0,
2017,office_furniture,aba86c093ccdbac75b09111d57e50004,office_furniture,aba86c093ccdbac75b09111d57e50004,两月均有销量,2,4,25920,47840,259.2,478.4,129.6,119.6,21920,219.2,84.5679012345679,24920,-3000,,249.2,-30.0,
2017,auto,abcadf3aeced9a5dd2c23cb61ca09a4c,auto,abcadf3aeced9a5dd2c23cb61ca09a4c,仅5月销售,3,0,20997,0,209.97,0.0,69.99,,-20997,-209.97,-100.0,,,-20997,,,-209.97
2017,(unknown),abe135ae574a8969994de86975004972,(unknown),abe135ae574a8969994de86975004972,两月均有销量,1,1,1690,1690,16.9,16.9,16.9,16.9,0,0.0,0.0,0,0,,0.0,0.0,
2017,bed_bath_table,abe236a52dbc43e90bad00fe6d794582,bed_bath_table,abe236a52dbc43e90bad00fe6d794582,仅5月销售,3,0,17970,0,179.7,0.0,59.9,,-17970,-179.7,-100.0,,,-17970,,,-179.7
2017,cool_stuff,abe6b1e401ce596ad0c493aeedb488a4,cool_stuff,abe6b1e401ce596ad0c493aeedb488a4,仅6月销售,0,2,0,5980,0.0,59.8,,29.9,5980,59.8,,,,5980,,,59.8
2017,watches_gifts,ac17046d8fec49dfeaa896fc00e5e848,watches_gifts,ac17046d8fec49dfeaa896fc00e5e848,仅5月销售,1,0,32900,0,329.0,0.0,329.0,,-32900,-329.0,-100.0,,,-32900,,,-329.0
2017,books_imported,ac1edb0e0a6743cc20e6277ecfc1caf2,books_imported,ac1edb0e0a6743cc20e6277ecfc1caf2,仅6月销售,0,1,0,4950,0.0,49.5,,49.5,4950,49.5,,,,4950,,,49.5
2017,sports_leisure,ac23312b29784c30304f2ec719891690,sports_leisure,ac23312b29784c30304f2ec719891690,仅6月销售,0,1,0,11999,0.0,119.99,,119.99,11999,119.99,,,,11999,,,119.99
2017,construction_tools_construction,ac25e2fbad9f60979fc3bfeda708178b,construction_tools_construction,ac25e2fbad9f60979fc3bfeda708178b,仅6月销售,0,4,0,15968,0.0,159.68,,39.92,15968,159.68,,,,15968,,,159.68
2017,watches_gifts,ac43429cfe2a3933709b85dc2acacca8,watches_gifts,ac43429cfe2a3933709b85dc2acacca8,仅5月销售,1,0,29800,0,298.0,0.0,298.0,,-29800,-298.0,-100.0,,,-29800,,,-298.0
2017,fashion_shoes,ac5e164e2eda939ffa46593f90077f9a,fashion_shoes,ac5e164e2eda939ffa46593f90077f9a,仅5月销售,3,0,9870,0,98.7,0.0,32.9,,-9870,-98.7,-100.0,,,-9870,,,-98.7
2017,perfumery,ac6b10125f0c3f3faca61891ff70077f,perfumery,ac6b10125f0c3f3faca61891ff70077f,仅6月销售,0,1,0,38200,0.0,382.0,,382.0,38200,382.0,,,,38200,,,382.0
2017,garden_tools,ac6c3623068f30de03045865e4e10089,garden_tools,ac6c3623068f30de03045865e4e10089,仅5月销售,3,0,59970,0,599.7,0.0,199.9,,-59970,-599.7,-100.0,,,-59970,,,-599.7
2017,baby,ac946196783ec18b207ead8a00d3f5c4,baby,ac946196783ec18b207ead8a00d3f5c4,仅5月销售,1,0,5490,0,54.9,0.0,54.9,,-5490,-54.9,-100.0,,,-5490,,,-54.9
2017,housewares,aca11cfc608a458947b3038e5e70312f,housewares,aca11cfc608a458947b3038e5e70312f,仅5月销售,2,0,9980,0,99.8,0.0,49.9,,-9980,-99.8,-100.0,,,-9980,,,-99.8
2017,fashion_bags_accessories,acd427ee119d5c71c7a85ae488cb0a6a,fashion_bags_accessories,acd427ee119d5c71c7a85ae488cb0a6a,仅6月销售,0,1,0,3800,0.0,38.0,,38.0,3800,38.0,,,,3800,,,38.0
2017,health_beauty,acdd9eaa79720ca045ce3768250b8e47,health_beauty,acdd9eaa79720ca045ce3768250b8e47,仅5月销售,2,0,19980,0,199.8,0.0,99.9,,-19980,-199.8,-100.0,,,-19980,,,-199.8
2017,auto,acde6bd0b5f91190e2a123df389b0b47,auto,acde6bd0b5f91190e2a123df389b0b47,两月均有销量,5,10,12450,26100,124.5,261.0,24.9,26.1,13650,136.5,109.63855421686748,12750,900,,127.5,9.0,
2017,furniture_decor,ace1e48f1eaabcd539235e93e361133b,furniture_decor,ace1e48f1eaabcd539235e93e361133b,仅5月销售,1,0,4290,0,42.9,0.0,42.9,,-4290,-42.9,-100.0,,,-4290,,,-42.9
2017,auto,ace4686a281385c082500437e5e73b61,auto,ace4686a281385c082500437e5e73b61,仅5月销售,2,0,239998,0,2399.98,0.0,1199.99,,-239998,-2399.98,-100.0,,,-239998,,,-2399.98
2017,furniture_decor,ace5d86cf1ac63cdb76f49e5cd23d2f8,furniture_decor,ace5d86cf1ac63cdb76f49e5cd23d2f8,仅5月销售,2,0,10180,0,101.8,0.0,50.9,,-10180,-101.8,-100.0,,,-10180,,,-101.8
2017,home_appliances,ace96aa4dfdca4a61e0943f359a59a0e,home_appliances,ace96aa4dfdca4a61e0943f359a59a0e,仅6月销售,0,1,0,10400,0.0,104.0,,104.0,10400,104.0,,,,10400,,,104.0
2017,small_appliances,ad02436dd1e1332d5f75dced36e0a73e,small_appliances,ad02436dd1e1332d5f75dced36e0a73e,仅6月销售,0,1,0,9988,0.0,99.88,,99.88,9988,99.88,,,,9988,,,99.88
2017,telephony,ad0ee460b80a7d61b2bb7ef4074726bb,telephony,ad0ee460b80a7d61b2bb7ef4074726bb,仅6月销售,0,1,0,1990,0.0,19.9,,19.9,1990,19.9,,,,1990,,,19.9
2017,health_beauty,ad148e862f7210012a3126ff066f56ec,health_beauty,ad148e862f7210012a3126ff066f56ec,仅5月销售,1,0,10990,0,109.9,0.0,109.9,,-10990,-109.9,-100.0,,,-10990,,,-109.9
2017,fashion_shoes,ad26ad285869ae33f293067b79b9f01e,fashion_shoes,ad26ad285869ae33f293067b79b9f01e,仅6月销售,0,1,0,34990,0.0,349.9,,349.9,34990,349.9,,,,34990,,,349.9
2017,housewares,ad2fd650ad6317838e719a158f84a709,housewares,ad2fd650ad6317838e719a158f84a709,仅5月销售,1,0,4790,0,47.9,0.0,47.9,,-4790,-47.9,-100.0,,,-4790,,,-47.9
2017,cool_stuff,ad7c531c2001111873dcfed9d8317439,cool_stuff,ad7c531c2001111873dcfed9d8317439,两月均有销量,2,1,11998,5999,119.98,59.99,59.99,59.99,-5999,-59.99,-50.0,-5999,0,,-59.99,0.0,
2017,books_general_interest,adae9f96e1647ed7ce3c54b261d4a544,books_general_interest,adae9f96e1647ed7ce3c54b261d4a544,仅6月销售,0,1,0,2250,0.0,22.5,,22.5,2250,22.5,,,,2250,,,22.5
2017,toys,adbcfc3bef885f1c3f1e1335fe32e45f,toys,adbcfc3bef885f1c3f1e1335fe32e45f,仅5月销售,1,0,8990,0,89.9,0.0,89.9,,-8990,-89.9,-100.0,,,-8990,,,-89.9
2017,watches_gifts,adcbd0e9edf8b57778ef2a2aea870185,watches_gifts,adcbd0e9edf8b57778ef2a2aea870185,仅6月销售,0,1,0,6890,0.0,68.9,,68.9,6890,68.9,,,,6890,,,68.9
2017,perfumery,add20623e743c90cefc65db803efa18e,perfumery,add20623e743c90cefc65db803efa18e,仅5月销售,1,0,12500,0,125.0,0.0,125.0,,-12500,-125.0,-100.0,,,-12500,,,-125.0
2017,watches_gifts,add32d15ff7c76396b982686227d9553,watches_gifts,add32d15ff7c76396b982686227d9553,仅6月销售,0,1,0,134900,0.0,1349.0,,1349.0,134900,1349.0,,,,134900,,,1349.0
2017,bed_bath_table,add6fbcc94b517d1875ab4a9484e49f5,bed_bath_table,add6fbcc94b517d1875ab4a9484e49f5,仅6月销售,0,1,0,17990,0.0,179.9,,179.9,17990,179.9,,,,17990,,,179.9
2017,computers_accessories,ade881d3a9e73b511c630460c74dd92f,computers_accessories,ade881d3a9e73b511c630460c74dd92f,仅6月销售,0,1,0,2790,0.0,27.9,,27.9,2790,27.9,,,,2790,,,27.9
2017,housewares,adf67f81126a8ec9e0968dadbb49083f,housewares,adf67f81126a8ec9e0968dadbb49083f,仅5月销售,1,0,2180,0,21.8,0.0,21.8,,-2180,-21.8,-100.0,,,-2180,,,-21.8
2017,health_beauty,ae083e4a334a4210ae0ef7323f1584c5,health_beauty,ae083e4a334a4210ae0ef7323f1584c5,仅5月销售,2,0,54180,0,541.8,0.0,270.9,,-54180,-541.8,-100.0,,,-54180,,,-541.8
2017,housewares,ae17f8265a23421715164ab420b62b36,housewares,ae17f8265a23421715164ab420b62b36,仅6月销售,0,2,0,7198,0.0,71.98,,35.99,7198,71.98,,,,7198,,,71.98
2017,housewares,ae27a5524edb2c8dc4656c670f458fb7,housewares,ae27a5524edb2c8dc4656c670f458fb7,仅6月销售,0,2,0,8980,0.0,89.8,,44.9,8980,89.8,,,,8980,,,89.8
2017,health_beauty,ae347727b83d554247d6cc36029a8392,health_beauty,ae347727b83d554247d6cc36029a8392,仅5月销售,1,0,135900,0,1359.0,0.0,1359.0,,-135900,-1359.0,-100.0,,,-135900,,,-1359.0
2017,health_beauty,ae410a493a61c3073fae7d006ba0cc8d,health_beauty,ae410a493a61c3073fae7d006ba0cc8d,仅5月销售,1,0,8990,0,89.9,0.0,89.9,,-8990,-89.9,-100.0,,,-8990,,,-89.9
2017,furniture_decor,ae53c522a4d40d61e15213aae5cef8d1,furniture_decor,ae53c522a4d40d61e15213aae5cef8d1,仅6月销售,0,2,0,19980,0.0,199.8,,99.9,19980,199.8,,,,19980,,,199.8
2017,housewares,ae6b739ab6e9d7991fb2ddd70f9c0b6b,housewares,ae6b739ab6e9d7991fb2ddd70f9c0b6b,仅5月销售,1,0,4620,0,46.2,0.0,46.2,,-4620,-46.2,-100.0,,,-4620,,,-46.2
2017,health_beauty,ae6f0a235fafaf39219b83770a3391bf,health_beauty,ae6f0a235fafaf39219b83770a3391bf,两月均有销量,2,1,2580,1290,25.8,12.9,12.9,12.9,-1290,-12.9,-50.0,-1290,0,,-12.9,0.0,
2017,bed_bath_table,ae7799f14ab78798325fba1c61aac7d3,bed_bath_table,ae7799f14ab78798325fba1c61aac7d3,仅5月销售,1,0,13990,0,139.9,0.0,139.9,,-13990,-139.9,-100.0,,,-13990,,,-139.9
2017,baby,ae7893ab2f9eec6630b5098e6362adc2,baby,ae7893ab2f9eec6630b5098e6362adc2,仅5月销售,2,0,2940,0,29.4,0.0,14.7,,-2940,-29.4,-100.0,,,-2940,,,-29.4
2017,sports_leisure,ae7d8348fbef50928a680454fffbca00,sports_leisure,ae7d8348fbef50928a680454fffbca00,仅5月销售,1,0,6990,0,69.9,0.0,69.9,,-6990,-69.9,-100.0,,,-6990,,,-69.9
2017,telephony,ae90b5cf5c0d5de5936b9843dfe58e02,telephony,ae90b5cf5c0d5de5936b9843dfe58e02,仅5月销售,1,0,13500,0,135.0,0.0,135.0,,-13500,-135.0,-100.0,,,-13500,,,-135.0
2017,telephony,ae9b8e8d0dcd7ca369276380ee8ce659,telephony,ae9b8e8d0dcd7ca369276380ee8ce659,两月均有销量,1,1,1899,1899,18.99,18.99,18.99,18.99,0,0.0,0.0,0,0,,0.0,0.0,
2017,computers_accessories,aecb90cb7f3c1fd62e50a51ce73659f3,computers_accessories,aecb90cb7f3c1fd62e50a51ce73659f3,仅6月销售,0,1,0,2390,0.0,23.9,,23.9,2390,23.9,,,,2390,,,23.9
2017,health_beauty,aed75ad669fbebd5a385ac7cc2ae7573,health_beauty,aed75ad669fbebd5a385ac7cc2ae7573,两月均有销量,1,2,55000,110000,550.0,1100.0,550.0,550.0,55000,550.0,100.0,55000,0,,550.0,0.0,
2017,sports_leisure,aee1ce7ad6628e95724fb80c24479c57,sports_leisure,aee1ce7ad6628e95724fb80c24479c57,仅5月销售,1,0,8990,0,89.9,0.0,89.9,,-8990,-89.9,-100.0,,,-8990,,,-89.9
2017,telephony,aee9cd26256b232251c668f81a66a52e,telephony,aee9cd26256b232251c668f81a66a52e,仅5月销售,1,0,2199,0,21.99,0.0,21.99,,-2199,-21.99,-100.0,,,-2199,,,-21.99
2017,health_beauty,aef8207c2e91f4fcdbc0824737abf358,health_beauty,aef8207c2e91f4fcdbc0824737abf358,仅6月销售,0,5,0,149995,0.0,1499.95,,299.99,149995,1499.95,,,,149995,,,1499.95
2017,office_furniture,aef95f9d9e323e61a5caecdc41907c79,office_furniture,aef95f9d9e323e61a5caecdc41907c79,仅6月销售,0,1,0,18999,0.0,189.99,,189.99,18999,189.99,,,,18999,,,189.99
2017,bed_bath_table,af0a917aec9cea3b353ece61a8825326,bed_bath_table,af0a917aec9cea3b353ece61a8825326,仅6月销售,0,1,0,8990,0.0,89.9,,89.9,8990,89.9,,,,8990,,,89.9
2017,baby,af322f53ac46d23069c8ce5a98632cd7,baby,af322f53ac46d23069c8ce5a98632cd7,仅5月销售,1,0,2990,0,29.9,0.0,29.9,,-2990,-29.9,-100.0,,,-2990,,,-29.9
2017,housewares,af4d2eba32e1b183e1934671e7683d20,housewares,af4d2eba32e1b183e1934671e7683d20,仅5月销售,1,0,890,0,8.9,0.0,8.9,,-890,-8.9,-100.0,,,-890,,,-8.9
2017,luggage_accessories,af51d485dc5255ba2e18b21b550156e6,luggage_accessories,af51d485dc5255ba2e18b21b550156e6,两月均有销量,12,7,311880,181930,3118.8,1819.3,259.9,259.9,-129950,-1299.5,-41.666666666666664,-129950,0,,-1299.5,0.0,
2017,furniture_decor,af62192c9415dbf2b36c294762acd9ed,furniture_decor,af62192c9415dbf2b36c294762acd9ed,两月均有销量,1,1,16900,16900,169.0,169.0,169.0,169.0,0,0.0,0.0,0,0,,0.0,0.0,
2017,auto,af64ef75bb87ced49e08b2f278bd8bb8,auto,af64ef75bb87ced49e08b2f278bd8bb8,仅6月销售,0,1,0,14590,0.0,145.9,,145.9,14590,145.9,,,,14590,,,145.9
2017,health_beauty,af827351cc8287dd464466e8793046b0,health_beauty,af827351cc8287dd464466e8793046b0,两月均有销量,2,1,13380,6690,133.8,66.9,66.9,66.9,-6690,-66.9,-50.0,-6690,0,,-66.9,0.0,
2017,cool_stuff,af8533a77adce26dca87480c4c5c9af4,cool_stuff,af8533a77adce26dca87480c4c5c9af4,仅6月销售,0,1,0,69900,0.0,699.0,,699.0,69900,699.0,,,,69900,,,699.0
2017,furniture_mattress_and_upholstery,af87aa3f5f2c05c8c4db6bee2088672b,furniture_mattress_and_upholstery,af87aa3f5f2c05c8c4db6bee2088672b,仅5月销售,1,0,39999,0,399.99,0.0,399.99,,-39999,-399.99,-100.0,,,-39999,,,-399.99
2017,furniture_decor,af9286fea546444115e891fd9dcce117,furniture_decor,af9286fea546444115e891fd9dcce117,仅5月销售,1,0,3690,0,36.9,0.0,36.9,,-3690,-36.9,-100.0,,,-3690,,,-36.9
2017,fixed_telephony,afb83a05bfcf46258f04ce060671d5b4,fixed_telephony,afb83a05bfcf46258f04ce060671d5b4,仅5月销售,1,0,3900,0,39.0,0.0,39.0,,-3900,-39.0,-100.0,,,-3900,,,-39.0
2017,watches_gifts,afbb03a707e22e86468c550a1666def3,watches_gifts,afbb03a707e22e86468c550a1666def3,仅5月销售,1,0,16990,0,169.9,0.0,169.9,,-16990,-169.9,-100.0,,,-16990,,,-169.9
2017,bed_bath_table,afbe1e973aefbf72a330e3bc72d4b476,bed_bath_table,afbe1e973aefbf72a330e3bc72d4b476,仅5月销售,1,0,6890,0,68.9,0.0,68.9,,-6890,-68.9,-100.0,,,-6890,,,-68.9
2017,computers_accessories,afc452fedac19a3553a1a356e5498e9e,computers_accessories,afc452fedac19a3553a1a356e5498e9e,仅6月销售,0,1,0,7450,0.0,74.5,,74.5,7450,74.5,,,,7450,,,74.5
2017,furniture_decor,afdb767518be8262cd10a02f08c15a9a,furniture_decor,afdb767518be8262cd10a02f08c15a9a,仅6月销售,0,1,0,2600,0.0,26.0,,26.0,2600,26.0,,,,2600,,,26.0
2017,baby,b00a32a0b42fd65efb58a5822009f629,baby,b00a32a0b42fd65efb58a5822009f629,两月均有销量,1,1,7990,7990,79.9,79.9,79.9,79.9,0,0.0,0.0,0,0,,0.0,0.0,
2017,baby,b042c934bd8f4316e7b38633aa14266b,baby,b042c934bd8f4316e7b38633aa14266b,仅6月销售,0,1,0,10990,0.0,109.9,,109.9,10990,109.9,,,,10990,,,109.9
2017,watches_gifts,b042d2cd76f1dc3b25fd3e81e35d406c,watches_gifts,b042d2cd76f1dc3b25fd3e81e35d406c,仅6月销售,0,1,0,3662,0.0,36.62,,36.62,3662,36.62,,,,3662,,,36.62
2017,sports_leisure,b044bbed524dc39f8465f2d1b5b620f8,sports_leisure,b044bbed524dc39f8465f2d1b5b620f8,仅6月销售,0,1,0,29990,0.0,299.9,,299.9,29990,299.9,,,,29990,,,299.9
2017,toys,b04942f7c5539423237bd420009dc291,toys,b04942f7c5539423237bd420009dc291,仅6月销售,0,1,0,1600,0.0,16.0,,16.0,1600,16.0,,,,1600,,,16.0
2017,furniture_decor,b07c988c725ddd67d0c7572a8099712d,furniture_decor,b07c988c725ddd67d0c7572a8099712d,仅6月销售,0,1,0,3490,0.0,34.9,,34.9,3490,34.9,,,,3490,,,34.9
2017,garden_tools,b0961721fd839e9982420e807758a2a6,garden_tools,b0961721fd839e9982420e807758a2a6,两月均有销量,2,5,11980,29950,119.8,299.5,59.9,59.9,17970,179.7,150.0,17970,0,,179.7,0.0,
2017,bed_bath_table,b09790edda54333116f9cf1decc580a1,bed_bath_table,b09790edda54333116f9cf1decc580a1,两月均有销量,1,2,2740,5480,27.4,54.8,27.4,27.4,2740,27.4,100.0,2740,0,,27.4,0.0,
2017,musical_instruments,b0b727747746e677a470d0948bb68520,musical_instruments,b0b727747746e677a470d0948bb68520,仅5月销售,1,0,210990,0,2109.9,0.0,2109.9,,-210990,-2109.9,-100.0,,,-210990,,,-2109.9
2017,toys,b0c1e71a37e29bd3d463eb93e4861c6a,toys,b0c1e71a37e29bd3d463eb93e4861c6a,仅6月销售,0,1,0,2199,0.0,21.99,,21.99,2199,21.99,,,,2199,,,21.99
2017,office_furniture,b114bf337c0626166abe574eee9e3f32,office_furniture,b114bf337c0626166abe574eee9e3f32,仅6月销售,0,1,0,17994,0.0,179.94,,179.94,17994,179.94,,,,17994,,,179.94
2017,cool_stuff,b1331b26eebb4fb40f0423a73018e1fc,cool_stuff,b1331b26eebb4fb40f0423a73018e1fc,仅6月销售,0,1,0,29999,0.0,299.99,,299.99,29999,299.99,,,,29999,,,299.99
2017,toys,b142019898949dbc5e1128bfaf66dfef,toys,b142019898949dbc5e1128bfaf66dfef,仅5月销售,1,0,8790,0,87.9,0.0,87.9,,-8790,-87.9,-100.0,,,-8790,,,-87.9
2017,garden_tools,b155265e4297510af95358ac2018fbd0,garden_tools,b155265e4297510af95358ac2018fbd0,仅5月销售,1,0,2999,0,29.99,0.0,29.99,,-2999,-29.99,-100.0,,,-2999,,,-29.99
2017,perfumery,b1631003bdbc3b1e876f83a7d851d74a,perfumery,b1631003bdbc3b1e876f83a7d851d74a,仅6月销售,0,1,0,5699,0.0,56.99,,56.99,5699,56.99,,,,5699,,,56.99
2017,housewares,b166907a5770631b7deedd0891b1b7ab,housewares,b166907a5770631b7deedd0891b1b7ab,仅5月销售,2,0,14970,0,149.7,0.0,74.85,,-14970,-149.7,-100.0,,,-14970,,,-149.7
2017,computers_accessories,b16cbe318e5c99bf0c0ffde3a92a5ff2,computers_accessories,b16cbe318e5c99bf0c0ffde3a92a5ff2,仅6月销售,0,1,0,3990,0.0,39.9,,39.9,3990,39.9,,,,3990,,,39.9
2017,bed_bath_table,b17808303e15dd50538c011b44295427,bed_bath_table,b17808303e15dd50538c011b44295427,仅5月销售,3,0,20670,0,206.7,0.0,68.9,,-20670,-206.7,-100.0,,,-20670,,,-206.7
2017,baby,b188dcf56044f0301917cd129630fd14,baby,b188dcf56044f0301917cd129630fd14,仅5月销售,1,0,21999,0,219.99,0.0,219.99,,-21999,-219.99,-100.0,,,-21999,,,-219.99
2017,perfumery,b191d7bf910b82744bf36a5ee9b041d8,perfumery,b191d7bf910b82744bf36a5ee9b041d8,仅5月销售,1,0,32799,0,327.99,0.0,327.99,,-32799,-327.99,-100.0,,,-32799,,,-327.99
2017,fashion_bags_accessories,b19f489c6dd8b47c1e9ecd9e3f2d8bb9,fashion_bags_accessories,b19f489c6dd8b47c1e9ecd9e3f2d8bb9,两月均有销量,1,2,7499,14998,74.99,149.98,74.99,74.99,7499,74.99,100.0,7499,0,,74.99,0.0,
2017,toys,b1a72e4db970375eb23425e55df451f3,toys,b1a72e4db970375eb23425e55df451f3,仅6月销售,0,1,0,4788,0.0,47.88,,47.88,4788,47.88,,,,4788,,,47.88
2017,health_beauty,b1acb7e8152c90c9619897753a75c973,health_beauty,b1acb7e8152c90c9619897753a75c973,两月均有销量,1,5,3499,17495,34.99,174.95,34.99,34.99,13996,139.96,400.0,13996,0,,139.96,0.0,
2017,health_beauty,b1b787a4d7563b9e375ee8af5bee4a74,health_beauty,b1b787a4d7563b9e375ee8af5bee4a74,仅6月销售,0,2,0,14980,0.0,149.8,,74.9,14980,149.8,,,,14980,,,149.8
2017,perfumery,b200c3a6dbe2a96c1e2f1904361763db,perfumery,b200c3a6dbe2a96c1e2f1904361763db,仅5月销售,1,0,38749,0,387.49,0.0,387.49,,-38749,-387.49,-100.0,,,-38749,,,-387.49
2017,computers_accessories,b206760d97dbc76527bb07029a6179cb,computers_accessories,b206760d97dbc76527bb07029a6179cb,两月均有销量,1,1,3490,3890,34.9,38.9,34.9,38.9,400,4.0,11.461318051575931,0,400,,0.0,4.0,
2017,fashion_shoes,b20858dd0cc1115e2fedb0f48867495d,fashion_shoes,b20858dd0cc1115e2fedb0f48867495d,仅6月销售,0,1,0,2990,0.0,29.9,,29.9,2990,29.9,,,,2990,,,29.9
2017,garden_tools,b249cf5fcf68f70e13515489f0fcb627,garden_tools,b249cf5fcf68f70e13515489f0fcb627,仅5月销售,1,0,6990,0,69.9,0.0,69.9,,-6990,-69.9,-100.0,,,-6990,,,-69.9
2017,furniture_decor,b2572a992f6ea1d1a7eb518d54e64620,furniture_decor,b2572a992f6ea1d1a7eb518d54e64620,仅5月销售,3,0,33570,0,335.7,0.0,111.9,,-33570,-335.7,-100.0,,,-33570,,,-335.7
2017,toys,b2717842efa4cfa2f813f3c59f187869,toys,b2717842efa4cfa2f813f3c59f187869,仅5月销售,1,0,14999,0,149.99,0.0,149.99,,-14999,-149.99,-100.0,,,-14999,,,-149.99
2017,pet_shop,b27ff4b438c93e0dbc08bf543dbe31ed,pet_shop,b27ff4b438c93e0dbc08bf543dbe31ed,仅6月销售,0,1,0,8950,0.0,89.5,,89.5,8950,89.5,,,,8950,,,89.5
2017,health_beauty,b28428391b08e61232dcc1ccf6bf71bc,health_beauty,b28428391b08e61232dcc1ccf6bf71bc,仅5月销售,1,0,9990,0,99.9,0.0,99.9,,-9990,-99.9,-100.0,,,-9990,,,-99.9
2017,bed_bath_table,b28c74943399164661bb5350e482ae98,bed_bath_table,b28c74943399164661bb5350e482ae98,仅6月销售,0,1,0,7490,0.0,74.9,,74.9,7490,74.9,,,,7490,,,74.9
2017,tablets_printing_image,b29c1749f99da888ea322a01420d5220,tablets_printing_image,b29c1749f99da888ea322a01420d5220,仅5月销售,1,0,88999,0,889.99,0.0,889.99,,-88999,-889.99,-100.0,,,-88999,,,-889.99
2017,perfumery,b2a276c8b8261ba2c2c46bcfa1f522ee,perfumery,b2a276c8b8261ba2c2c46bcfa1f522ee,两月均有销量,1,1,8590,8590,85.9,85.9,85.9,85.9,0,0.0,0.0,0,0,,0.0,0.0,
2017,pet_shop,b2b938c46aafdbf702d73e7edb9cb263,pet_shop,b2b938c46aafdbf702d73e7edb9cb263,仅5月销售,1,0,2290,0,22.9,0.0,22.9,,-2290,-22.9,-100.0,,,-2290,,,-22.9
2017,bed_bath_table,b2fb8ccacff645e701cd692064ad09c9,bed_bath_table,b2fb8ccacff645e701cd692064ad09c9,仅6月销售,0,1,0,3699,0.0,36.99,,36.99,3699,36.99,,,,3699,,,36.99
2017,bed_bath_table,b30bd2570ba0ad3ce06e785a7b23d544,bed_bath_table,b30bd2570ba0ad3ce06e785a7b23d544,两月均有销量,2,1,10080,5040,100.8,50.4,50.4,50.4,-5040,-50.4,-50.0,-5040,0,,-50.4,0.0,
2017,home_appliances,b30d7b0adcdc4a117f455472548155ec,home_appliances,b30d7b0adcdc4a117f455472548155ec,仅6月销售,0,5,0,52000,0.0,520.0,,104.0,52000,520.0,,,,52000,,,520.0
2017,bed_bath_table,b3129f40b427408e82987db1b30eefd9,bed_bath_table,b3129f40b427408e82987db1b30eefd9,仅6月销售,0,1,0,2450,0.0,24.5,,24.5,2450,24.5,,,,2450,,,24.5
2017,air_conditioning,b31fe7683526f7b942c8de2796f2e72d,air_conditioning,b31fe7683526f7b942c8de2796f2e72d,两月均有销量,1,1,2599,2599,25.99,25.99,25.99,25.99,0,0.0,0.0,0,0,,0.0,0.0,
2017,sports_leisure,b321301cb912a05624a28cb29c6566a7,sports_leisure,b321301cb912a05624a28cb29c6566a7,仅5月销售,1,0,9990,0,99.9,0.0,99.9,,-9990,-99.9,-100.0,,,-9990,,,-99.9
2017,cool_stuff,b3466bdd3b91a3c8ba3f2dbe7f9e0b4f,cool_stuff,b3466bdd3b91a3c8ba3f2dbe7f9e0b4f,仅5月销售,1,0,23900,0,239.0,0.0,239.0,,-23900,-239.0,-100.0,,,-23900,,,-239.0
2017,furniture_decor,b363ba4802d9eca552da85a1125747eb,furniture_decor,b363ba4802d9eca552da85a1125747eb,仅5月销售,1,0,17990,0,179.9,0.0,179.9,,-17990,-179.9,-100.0,,,-17990,,,-179.9
2017,toys,b3716b1e3576d3f2f246139d80c67d6a,toys,b3716b1e3576d3f2f246139d80c67d6a,仅5月销售,1,0,4180,0,41.8,0.0,41.8,,-4180,-41.8,-100.0,,,-4180,,,-41.8
2017,computers_accessories,b3b0bce74668bf355cbd94db1e4d17b9,computers_accessories,b3b0bce74668bf355cbd94db1e4d17b9,两月均有销量,1,6,2498,14988,24.98,149.88,24.98,24.98,12490,124.9,500.0,12490,0,,124.9,0.0,
2017,watches_gifts,b3b7212d2d34d5d36defa076a827633e,watches_gifts,b3b7212d2d34d5d36defa076a827633e,仅6月销售,0,1,0,16990,0.0,169.9,,169.9,16990,169.9,,,,16990,,,169.9
2017,garden_tools,b3b9bbe2bce84b01d3333df71d742590,garden_tools,b3b9bbe2bce84b01d3333df71d742590,仅6月销售,0,1,0,29900,0.0,299.0,,299.0,29900,299.0,,,,29900,,,299.0
2017,bed_bath_table,b3be1f83cef05668c25e134852d44545,bed_bath_table,b3be1f83cef05668c25e134852d44545,仅5月销售,1,0,11099,0,110.99,0.0,110.99,,-11099,-110.99,-100.0,,,-11099,,,-110.99
2017,housewares,b3cd491b3a347c8becc23fa5515440f9,housewares,b3cd491b3a347c8becc23fa5515440f9,仅5月销售,1,0,14500,0,145.0,0.0,145.0,,-14500,-145.0,-100.0,,,-14500,,,-145.0
2017,home_confort,b3d1d218a4ff07119f546a42c6ee7d7b,home_confort,b3d1d218a4ff07119f546a42c6ee7d7b,仅5月销售,2,0,17980,0,179.8,0.0,89.9,,-17980,-179.8,-100.0,,,-17980,,,-179.8
2017,telephony,b3e16658e1e1fbe944594fd267c488d8,telephony,b3e16658e1e1fbe944594fd267c488d8,仅5月销售,1,0,850,0,8.5,0.0,8.5,,-850,-8.5,-100.0,,,-850,,,-8.5
2017,computers_accessories,b40ec43bdfc6d6fdd65e882066a5c895,computers_accessories,b40ec43bdfc6d6fdd65e882066a5c895,两月均有销量,1,3,17690,53070,176.9,530.7,176.9,176.9,35380,353.8,200.0,35380,0,,353.8,0.0,
2017,toys,b4183f86c9a0c7a13138ff4575114f76,toys,b4183f86c9a0c7a13138ff4575114f76,两月均有销量,1,1,5990,5550,59.9,55.5,59.9,55.5,-440,-4.4,-7.345575959933222,0,-440,,0.0,-4.4,
2017,sports_leisure,b42d0b0ff31b842e6cd8a86a40919d63,sports_leisure,b42d0b0ff31b842e6cd8a86a40919d63,仅6月销售,0,1,0,8990,0.0,89.9,,89.9,8990,89.9,,,,8990,,,89.9
2017,stationery,b44076f8988fe82b676a754e798ab0f9,stationery,b44076f8988fe82b676a754e798ab0f9,仅5月销售,1,0,6990,0,69.9,0.0,69.9,,-6990,-69.9,-100.0,,,-6990,,,-69.9
2017,health_beauty,b45db6d7f215afe884f987a98d44788c,health_beauty,b45db6d7f215afe884f987a98d44788c,仅5月销售,1,0,3790,0,37.9,0.0,37.9,,-3790,-37.9,-100.0,,,-3790,,,-37.9
2017,office_furniture,b47865eeb745bcbfca95513b46bd977d,office_furniture,b47865eeb745bcbfca95513b46bd977d,仅6月销售,0,2,0,26998,0.0,269.98,,134.99,26998,269.98,,,,26998,,,269.98
2017,health_beauty,b47b33081c41014bc9f372b9a63228c0,health_beauty,b47b33081c41014bc9f372b9a63228c0,仅6月销售,0,1,0,4596,0.0,45.96,,45.96,4596,45.96,,,,4596,,,45.96
2017,garden_tools,b47f7c9903cbd0bed2968a1b4cd21ed6,garden_tools,b47f7c9903cbd0bed2968a1b4cd21ed6,仅5月销售,1,0,10999,0,109.99,0.0,109.99,,-10999,-109.99,-100.0,,,-10999,,,-109.99
2017,fashion_bags_accessories,b48946c4c9a1d7c81916522d00d6722f,fashion_bags_accessories,b48946c4c9a1d7c81916522d00d6722f,仅6月销售,0,1,0,10990,0.0,109.9,,109.9,10990,109.9,,,,10990,,,109.9
2017,cool_stuff,b4a5ed82bcc31e97e7f85548d92503bf,cool_stuff,b4a5ed82bcc31e97e7f85548d92503bf,仅5月销售,1,0,10999,0,109.99,0.0,109.99,,-10999,-109.99,-100.0,,,-10999,,,-109.99
2017,telephony,b4d18e39c3f2e5571ef53d6101406eda,telephony,b4d18e39c3f2e5571ef53d6101406eda,仅6月销售,0,1,0,3990,0.0,39.9,,39.9,3990,39.9,,,,3990,,,39.9
2017,telephony,b4d9c32c307674e72fe46c424e3d4824,telephony,b4d9c32c307674e72fe46c424e3d4824,仅6月销售,0,1,0,2599,0.0,25.99,,25.99,2599,25.99,,,,2599,,,25.99
2017,fixed_telephony,b4f9530c931398e215242293c2c8ba4c,fixed_telephony,b4f9530c931398e215242293c2c8ba4c,仅6月销售,0,1,0,9000,0.0,90.0,,90.0,9000,90.0,,,,9000,,,90.0
2017,sports_leisure,b4fc7e84dcaf2fcf3edb234e30362929,sports_leisure,b4fc7e84dcaf2fcf3edb234e30362929,两月均有销量,1,2,11500,23000,115.0,230.0,115.0,115.0,11500,115.0,100.0,11500,0,,115.0,0.0,
2017,housewares,b520b78a494cbd6e36d7a1c64cdffe0b,housewares,b520b78a494cbd6e36d7a1c64cdffe0b,仅6月销售,0,2,0,8398,0.0,83.98,,41.99,8398,83.98,,,,8398,,,83.98
2017,cool_stuff,b52af48deef5c1fb35c99248a5269973,cool_stuff,b52af48deef5c1fb35c99248a5269973,仅6月销售,0,1,0,39500,0.0,395.0,,395.0,39500,395.0,,,,39500,,,395.0
2017,baby,b534af96f1c598768bc7379aca584edd,baby,b534af96f1c598768bc7379aca584edd,仅5月销售,1,0,15990,0,159.9,0.0,159.9,,-15990,-159.9,-100.0,,,-15990,,,-159.9
2017,sports_leisure,b584de1994f604fa7dfd0b6b9c6c1b99,sports_leisure,b584de1994f604fa7dfd0b6b9c6c1b99,仅6月销售,0,2,0,11026,0.0,110.26,,55.13,11026,110.26,,,,11026,,,110.26
2017,sports_leisure,b59fb744c6f3cd1dc23b10f760848d98,sports_leisure,b59fb744c6f3cd1dc23b10f760848d98,两月均有销量,2,4,1980,3960,19.8,39.6,9.9,9.9,1980,19.8,100.0,1980,0,,19.8,0.0,
2017,health_beauty,b5b5a82ce5f1987b7e670f37629be51b,health_beauty,b5b5a82ce5f1987b7e670f37629be51b,两月均有销量,2,1,11980,5990,119.8,59.9,59.9,59.9,-5990,-59.9,-50.0,-5990,0,,-59.9,0.0,
2017,toys,b5cd16b170e0359c2b59e10cbc21e791,toys,b5cd16b170e0359c2b59e10cbc21e791,仅5月销售,1,0,22999,0,229.99,0.0,229.99,,-22999,-229.99,-100.0,,,-22999,,,-229.99
2017,toys,b5e13c9a353102f79c6206ff5cb61a50,toys,b5e13c9a353102f79c6206ff5cb61a50,仅6月销售,0,5,0,44950,0.0,449.5,,89.9,44950,449.5,,,,44950,,,449.5
2017,stationery,b5e20ff50c12113580158883f5a86edc,stationery,b5e20ff50c12113580158883f5a86edc,仅5月销售,1,0,19300,0,193.0,0.0,193.0,,-19300,-193.0,-100.0,,,-19300,,,-193.0
2017,musical_instruments,b5ebab9fa4b5f2771ec47a5d6139f3ff,musical_instruments,b5ebab9fa4b5f2771ec47a5d6139f3ff,仅5月销售,1,0,72374,0,723.74,0.0,723.74,,-72374,-723.74,-100.0,,,-72374,,,-723.74
2017,sports_leisure,b5f0795bc072a1875f2c0fe85524b207,sports_leisure,b5f0795bc072a1875f2c0fe85524b207,仅5月销售,1,0,9990,0,99.9,0.0,99.9,,-9990,-99.9,-100.0,,,-9990,,,-99.9
2017,(unknown),b61d1388a17e3f547d2bc218df02335b,(unknown),b61d1388a17e3f547d2bc218df02335b,仅5月销售,2,0,27800,0,278.0,0.0,139.0,,-27800,-278.0,-100.0,,,-27800,,,-278.0
2017,toys,b623b7cb05ee3248fbe4a6ecbeed79a4,toys,b623b7cb05ee3248fbe4a6ecbeed79a4,仅6月销售,0,2,0,15760,0.0,157.6,,78.8,15760,157.6,,,,15760,,,157.6
2017,furniture_decor,b63b2afaf851b15bdec6e67c553c0ece,furniture_decor,b63b2afaf851b15bdec6e67c553c0ece,仅5月销售,1,0,2190,0,21.9,0.0,21.9,,-2190,-21.9,-100.0,,,-2190,,,-21.9
2017,electronics,b65921838adc0239b7313971a9cb18de,electronics,b65921838adc0239b7313971a9cb18de,仅5月销售,1,0,1890,0,18.9,0.0,18.9,,-1890,-18.9,-100.0,,,-1890,,,-18.9
2017,sports_leisure,b667e64d366991432e4c9c45ec4d6d1a,sports_leisure,b667e64d366991432e4c9c45ec4d6d1a,两月均有销量,5,1,30051,5590,300.51,55.9,60.102,55.9,-24461,-244.61,-81.3982895743902,-23200,-1261,,-232.0,-12.61,
2017,fashion_bags_accessories,b67902c15de1b4c26b61f79e0535b41f,fashion_bags_accessories,b67902c15de1b4c26b61f79e0535b41f,仅6月销售,0,1,0,2990,0.0,29.9,,29.9,2990,29.9,,,,2990,,,29.9
2017,health_beauty,b68cf84ede4fd1e14b1740de5b727d55,health_beauty,b68cf84ede4fd1e14b1740de5b727d55,仅5月销售,1,0,63600,0,636.0,0.0,636.0,,-63600,-636.0,-100.0,,,-63600,,,-636.0
2017,garden_tools,b6911a73311462653bc381da86a3a3c6,garden_tools,b6911a73311462653bc381da86a3a3c6,仅5月销售,1,0,1690,0,16.9,0.0,16.9,,-1690,-16.9,-100.0,,,-1690,,,-16.9
2017,sports_leisure,b69b752440750650aa60092b17c99288,sports_leisure,b69b752440750650aa60092b17c99288,仅6月销售,0,1,0,11090,0.0,110.9,,110.9,11090,110.9,,,,11090,,,110.9
2017,health_beauty,b6af69cb42f5e5e78bcf59f9be1b61a7,health_beauty,b6af69cb42f5e5e78bcf59f9be1b61a7,仅5月销售,3,0,119700,0,1197.0,0.0,399.0,,-119700,-1197.0,-100.0,,,-119700,,,-1197.0
2017,housewares,b6bcda8f7c2501c62c8dc56a89da666e,housewares,b6bcda8f7c2501c62c8dc56a89da666e,仅6月销售,0,2,0,6380,0.0,63.8,,31.9,6380,63.8,,,,6380,,,63.8
2017,telephony,b6bdebb92f595f00c73bd42e0e3a8517,telephony,b6bdebb92f595f00c73bd42e0e3a8517,仅5月销售,1,0,2599,0,25.99,0.0,25.99,,-2599,-25.99,-100.0,,,-2599,,,-25.99
2017,health_beauty,b6c1e56a27659fd3ff8d352d7a24457e,health_beauty,b6c1e56a27659fd3ff8d352d7a24457e,仅6月销售,0,1,0,1190,0.0,11.9,,11.9,1190,11.9,,,,1190,,,11.9
2017,sports_leisure,b6c3ac7e88727311d75dc5695fb9f18e,sports_leisure,b6c3ac7e88727311d75dc5695fb9f18e,两月均有销量,1,1,9500,9500,95.0,95.0,95.0,95.0,0,0.0,0.0,0,0,,0.0,0.0,
2017,health_beauty,b6d96e7683a87fc151ea589ce97a330d,health_beauty,b6d96e7683a87fc151ea589ce97a330d,仅5月销售,1,0,2000,0,20.0,0.0,20.0,,-2000,-20.0,-100.0,,,-2000,,,-20.0
2017,furniture_decor,b6e406be1aa00db8be5dd3ec6b524d4d,furniture_decor,b6e406be1aa00db8be5dd3ec6b524d4d,仅6月销售,0,1,0,6990,0.0,69.9,,69.9,6990,69.9,,,,6990,,,69.9
2017,telephony,b6ea15ce7ec34fdebd80ef71de3a24bf,telephony,b6ea15ce7ec34fdebd80ef71de3a24bf,仅5月销售,1,0,2700,0,27.0,0.0,27.0,,-2700,-27.0,-100.0,,,-2700,,,-27.0
2017,fashion_bags_accessories,b71a757e0cab8f85c0adc579067944b8,fashion_bags_accessories,b71a757e0cab8f85c0adc579067944b8,仅5月销售,1,0,2490,0,24.9,0.0,24.9,,-2490,-24.9,-100.0,,,-2490,,,-24.9
2017,baby,b729707d65939e62985873eed7ebced8,baby,b729707d65939e62985873eed7ebced8,仅6月销售,0,1,0,24000,0.0,240.0,,240.0,24000,240.0,,,,24000,,,240.0
2017,housewares,b72a070441e70976c37e27df8a2a664e,housewares,b72a070441e70976c37e27df8a2a664e,仅5月销售,1,0,19999,0,199.99,0.0,199.99,,-19999,-199.99,-100.0,,,-19999,,,-199.99
2017,(unknown),b72e2daf4a916d46eb0076071027d05b,(unknown),b72e2daf4a916d46eb0076071027d05b,两月均有销量,2,1,6389,3990,63.89,39.9,31.945,39.9,-2399,-23.99,-37.54891219283143,-3592,1193,,-35.92,11.93,
2017,furniture_decor,b748ca0c5ca9a1def2099de76c53d68d,furniture_decor,b748ca0c5ca9a1def2099de76c53d68d,仅5月销售,1,0,20890,0,208.9,0.0,208.9,,-20890,-208.9,-100.0,,,-20890,,,-208.9
2017,perfumery,b74d02ba43060d2cbeba7759a869da5e,perfumery,b74d02ba43060d2cbeba7759a869da5e,仅6月销售,0,1,0,11490,0.0,114.9,,114.9,11490,114.9,,,,11490,,,114.9
2017,bed_bath_table,b74d57e3377dd78aace6d070fc48cc88,bed_bath_table,b74d57e3377dd78aace6d070fc48cc88,仅5月销售,1,0,6590,0,65.9,0.0,65.9,,-6590,-65.9,-100.0,,,-6590,,,-65.9
2017,auto,b75a056d7d03227c3a3b60e9ccf518c9,auto,b75a056d7d03227c3a3b60e9ccf518c9,仅6月销售,0,2,0,11580,0.0,115.8,,57.9,11580,115.8,,,,11580,,,115.8
2017,housewares,b75bc6d95abd11862892008658b17f49,housewares,b75bc6d95abd11862892008658b17f49,仅5月销售,1,0,14870,0,148.7,0.0,148.7,,-14870,-148.7,-100.0,,,-14870,,,-148.7
2017,sports_leisure,b77ac7c9a13af7627089df0a46b54211,sports_leisure,b77ac7c9a13af7627089df0a46b54211,仅5月销售,1,0,7790,0,77.9,0.0,77.9,,-7790,-77.9,-100.0,,,-7790,,,-77.9
2017,cool_stuff,b77ae16cc8f67cd1c0ec781d5bf4da2b,cool_stuff,b77ae16cc8f67cd1c0ec781d5bf4da2b,两月均有销量,2,1,43998,21999,439.98,219.99,219.99,219.99,-21999,-219.99,-50.0,-21999,0,,-219.99,0.0,
2017,telephony,b77dd6385638733dd46bf68b093715b7,telephony,b77dd6385638733dd46bf68b093715b7,仅5月销售,1,0,2899,0,28.99,0.0,28.99,,-2899,-28.99,-100.0,,,-2899,,,-28.99
2017,fashion_bags_accessories,b78e60782639ac84cb18289231041577,fashion_bags_accessories,b78e60782639ac84cb18289231041577,仅6月销售,0,1,0,3490,0.0,34.9,,34.9,3490,34.9,,,,3490,,,34.9
2017,pet_shop,b795524e6ddbae40e910d169242dbcd7,pet_shop,b795524e6ddbae40e910d169242dbcd7,仅5月销售,2,0,13760,0,137.6,0.0,68.8,,-13760,-137.6,-100.0,,,-13760,,,-137.6
2017,stationery,b7b6040b62676dcd6d4ddd81088a70dc,stationery,b7b6040b62676dcd6d4ddd81088a70dc,仅5月销售,1,0,4790,0,47.9,0.0,47.9,,-4790,-47.9,-100.0,,,-4790,,,-47.9
2017,garden_tools,b7c472e4bf39b63628ecedc8c9af805d,garden_tools,b7c472e4bf39b63628ecedc8c9af805d,仅6月销售,0,1,0,38900,0.0,389.0,,389.0,38900,389.0,,,,38900,,,389.0
2017,computers_accessories,b7d2c90f9161dc69fa75d22572003bc4,computers_accessories,b7d2c90f9161dc69fa75d22572003bc4,两月均有销量,1,1,34900,34900,349.0,349.0,349.0,349.0,0,0.0,0.0,0,0,,0.0,0.0,
2017,computers_accessories,b7d94dc0640c7025dc8e3b46b52d8239,computers_accessories,b7d94dc0640c7025dc8e3b46b52d8239,两月均有销量,3,2,52773,35182,527.73,351.82,175.91,175.91,-17591,-175.91,-33.333333333333336,-17591,0,,-175.91,0.0,
2017,cool_stuff,b7ebdc826d0220dc16c813b9682d63dd,cool_stuff,b7ebdc826d0220dc16c813b9682d63dd,仅5月销售,1,0,10560,0,105.6,0.0,105.6,,-10560,-105.6,-100.0,,,-10560,,,-105.6
2017,pet_shop,b7f70c625521ad94f77e9aa1218fd9fa,pet_shop,b7f70c625521ad94f77e9aa1218fd9fa,仅6月销售,0,1,0,7550,0.0,75.5,,75.5,7550,75.5,,,,7550,,,75.5
2017,furniture_decor,b802f976da6557a6c3354618c2056d18,furniture_decor,b802f976da6557a6c3354618c2056d18,仅5月销售,1,0,4290,0,42.9,0.0,42.9,,-4290,-42.9,-100.0,,,-4290,,,-42.9
2017,home_appliances_2,b80910977a37536adeddd63663f916ad,home_appliances_2,b80910977a37536adeddd63663f916ad,仅6月销售,0,1,0,20599,0.0,205.99,,205.99,20599,205.99,,,,20599,,,205.99
2017,computers_accessories,b811b7a802d2bc88a918a9b785a6c18a,computers_accessories,b811b7a802d2bc88a918a9b785a6c18a,仅5月销售,2,0,43581,0,435.81,0.0,217.905,,-43581,-435.81,-100.0,,,-43581,,,-435.81
2017,fashion_shoes,b81399b264f3f525f6645f98369b1868,fashion_shoes,b81399b264f3f525f6645f98369b1868,仅5月销售,1,0,34900,0,349.0,0.0,349.0,,-34900,-349.0,-100.0,,,-34900,,,-349.0
2017,perfumery,b813c88d024da60c2cbdf7a531e4fa77,perfumery,b813c88d024da60c2cbdf7a531e4fa77,仅6月销售,0,1,0,20490,0.0,204.9,,204.9,20490,204.9,,,,20490,,,204.9
2017,bed_bath_table,b8316b6fcbdee6f6e8760865065dc0f5,bed_bath_table,b8316b6fcbdee6f6e8760865065dc0f5,仅5月销售,3,0,10428,0,104.28,0.0,34.76,,-10428,-104.28,-100.0,,,-10428,,,-104.28
2017,bed_bath_table,b8411dee248601bc460bac8e1fb8a102,bed_bath_table,b8411dee248601bc460bac8e1fb8a102,仅6月销售,0,2,0,4298,0.0,42.98,,21.49,4298,42.98,,,,4298,,,42.98
2017,health_beauty,b84c4c7f1845f068f40e350865b803fa,health_beauty,b84c4c7f1845f068f40e350865b803fa,仅5月销售,1,0,11890,0,118.9,0.0,118.9,,-11890,-118.9,-100.0,,,-11890,,,-118.9
2017,baby,b865aecbf934fe78d172e5a0f7a73ec0,baby,b865aecbf934fe78d172e5a0f7a73ec0,两月均有销量,1,1,14990,13933,149.9,139.33,149.9,139.33,-1057,-10.57,-7.05136757838559,0,-1057,,0.0,-10.57,
2017,housewares,b8762d562d810c2f8d7ad7e9c12957be,housewares,b8762d562d810c2f8d7ad7e9c12957be,两月均有销量,4,1,10460,2499,104.6,24.99,26.15,24.99,-7961,-79.61,-76.10898661567877,-7671,-290,,-76.71,-2.9,
2017,health_beauty,b8b426747049f2d3d6e00b486d47dedb,health_beauty,b8b426747049f2d3d6e00b486d47dedb,两月均有销量,1,1,10499,10499,104.99,104.99,104.99,104.99,0,0.0,0.0,0,0,,0.0,0.0,
2017,fashio_female_clothing,b8b642aae03f19310f2dbeccf772b5d4,fashio_female_clothing,b8b642aae03f19310f2dbeccf772b5d4,仅6月销售,0,1,0,2490,0.0,24.9,,24.9,2490,24.9,,,,2490,,,24.9
2017,musical_instruments,b8c472a596396ccddbade7d6900f8aa1,musical_instruments,b8c472a596396ccddbade7d6900f8aa1,仅5月销售,1,0,57890,0,578.9,0.0,578.9,,-57890,-578.9,-100.0,,,-57890,,,-578.9
2017,fashion_underwear_beach,b8c91645bd166cdc9feb8795a186cef7,fashion_underwear_beach,b8c91645bd166cdc9feb8795a186cef7,仅5月销售,1,0,19200,0,192.0,0.0,192.0,,-19200,-192.0,-100.0,,,-19200,,,-192.0
2017,fashion_bags_accessories,b8d157185e5abaabd9244275aca22a7f,fashion_bags_accessories,b8d157185e5abaabd9244275aca22a7f,仅5月销售,1,0,6990,0,69.9,0.0,69.9,,-6990,-69.9,-100.0,,,-6990,,,-69.9
2017,housewares,b8dabeb598db5ace52983a669b90238e,housewares,b8dabeb598db5ace52983a669b90238e,仅5月销售,1,0,8599,0,85.99,0.0,85.99,,-8599,-85.99,-100.0,,,-8599,,,-85.99
2017,furniture_decor,b8e35c1ace7b632cf4b643d6d30e4e08,furniture_decor,b8e35c1ace7b632cf4b643d6d30e4e08,仅6月销售,0,2,0,7998,0.0,79.98,,39.99,7998,79.98,,,,7998,,,79.98
2017,furniture_decor,b90973ce80ba5d1fbc046fd8471acaef,furniture_decor,b90973ce80ba5d1fbc046fd8471acaef,仅5月销售,2,0,2780,0,27.8,0.0,13.9,,-2780,-27.8,-100.0,,,-2780,,,-27.8
2017,pet_shop,b917d488bd4ad4225f8d046a32e2d122,pet_shop,b917d488bd4ad4225f8d046a32e2d122,仅6月销售,0,1,0,2090,0.0,20.9,,20.9,2090,20.9,,,,2090,,,20.9
2017,garden_tools,b931645cdc2d9868f01544e8db63f5ab,garden_tools,b931645cdc2d9868f01544e8db63f5ab,两月均有销量,2,2,13800,13800,138.0,138.0,69.0,69.0,0,0.0,0.0,0,0,,0.0,0.0,
2017,home_appliances_2,b93ce2bec0961862bd811f643e704566,home_appliances_2,b93ce2bec0961862bd811f643e704566,仅6月销售,0,1,0,14900,0.0,149.0,,149.0,14900,149.0,,,,14900,,,149.0
2017,watches_gifts,b944a925e8a27be5de9850445766deb1,watches_gifts,b944a925e8a27be5de9850445766deb1,仅5月销售,1,0,23900,0,239.0,0.0,239.0,,-23900,-239.0,-100.0,,,-23900,,,-239.0
2017,electronics,b944aabf1fc45c01599ee96c7f4d533e,electronics,b944aabf1fc45c01599ee96c7f4d533e,仅5月销售,2,0,2980,0,29.8,0.0,14.9,,-2980,-29.8,-100.0,,,-2980,,,-29.8
2017,pet_shop,b94608e1d6f0360030e816bf676af2a1,pet_shop,b94608e1d6f0360030e816bf676af2a1,仅5月销售,1,0,3899,0,38.99,0.0,38.99,,-3899,-38.99,-100.0,,,-3899,,,-38.99
2017,health_beauty,b95ce147ff20af1909bd69a2901e39b2,health_beauty,b95ce147ff20af1909bd69a2901e39b2,仅6月销售,0,2,0,41998,0.0,419.98,,209.99,41998,419.98,,,,41998,,,419.98
2017,bed_bath_table,b95dbc4fd2649678edb475921d43bdc8,bed_bath_table,b95dbc4fd2649678edb475921d43bdc8,仅5月销售,1,0,13990,0,139.9,0.0,139.9,,-13990,-139.9,-100.0,,,-13990,,,-139.9
2017,health_beauty,b973581b7ad538c460edbf9378b173ad,health_beauty,b973581b7ad538c460edbf9378b173ad,仅6月销售,0,1,0,2390,0.0,23.9,,23.9,2390,23.9,,,,2390,,,23.9
2017,computers_accessories,b980f3256c981fc178514325143b1fc8,computers_accessories,b980f3256c981fc178514325143b1fc8,仅6月销售,0,1,0,8900,0.0,89.0,,89.0,8900,89.0,,,,8900,,,89.0
2017,(unknown),b983a426eb1ebed80a196089a031a8f4,(unknown),b983a426eb1ebed80a196089a031a8f4,仅6月销售,0,1,0,11990,0.0,119.9,,119.9,11990,119.9,,,,11990,,,119.9
2017,computers_accessories,b99e384e6e039ba6d828b4b0389ce91b,computers_accessories,b99e384e6e039ba6d828b4b0389ce91b,仅6月销售,0,1,0,58900,0.0,589.0,,589.0,58900,589.0,,,,58900,,,589.0
2017,watches_gifts,b9a248fd2814f6564a158c8f3c2b1db3,watches_gifts,b9a248fd2814f6564a158c8f3c2b1db3,仅5月销售,1,0,4500,0,45.0,0.0,45.0,,-4500,-45.0,-100.0,,,-4500,,,-45.0
2017,bed_bath_table,b9a4c42463488180d477e980b5bca0d7,bed_bath_table,b9a4c42463488180d477e980b5bca0d7,仅6月销售,0,1,0,10990,0.0,109.9,,109.9,10990,109.9,,,,10990,,,109.9
2017,sports_leisure,b9dac466133ab3dfd64997876fc8210c,sports_leisure,b9dac466133ab3dfd64997876fc8210c,仅5月销售,1,0,3190,0,31.9,0.0,31.9,,-3190,-31.9,-100.0,,,-3190,,,-31.9
2017,telephony,b9e628152d37d0bb6e3164afd8114ec7,telephony,b9e628152d37d0bb6e3164afd8114ec7,仅6月销售,0,1,0,12000,0.0,120.0,,120.0,12000,120.0,,,,12000,,,120.0
2017,housewares,ba2225dd03b4dd91f999ef73504a0b82,housewares,ba2225dd03b4dd91f999ef73504a0b82,仅6月销售,0,1,0,59421,0.0,594.21,,594.21,59421,594.21,,,,59421,,,594.21
2017,telephony,ba29a4c469271c108790a9dcf0344716,telephony,ba29a4c469271c108790a9dcf0344716,仅6月销售,0,1,0,2899,0.0,28.99,,28.99,2899,28.99,,,,2899,,,28.99
2017,pet_shop,ba3c7887791624fd8c3fee460dcda417,pet_shop,ba3c7887791624fd8c3fee460dcda417,仅5月销售,1,0,7590,0,75.9,0.0,75.9,,-7590,-75.9,-100.0,,,-7590,,,-75.9
2017,sports_leisure,ba4bfbf74dbe7ab37e263b9326da0523,sports_leisure,ba4bfbf74dbe7ab37e263b9326da0523,两月均有销量,1,2,3690,7380,36.9,73.8,36.9,36.9,3690,36.9,100.0,3690,0,,36.9,0.0,
2017,musical_instruments,ba55945d930e34e802e5dd2e5cffdcc8,musical_instruments,ba55945d930e34e802e5dd2e5cffdcc8,仅5月销售,2,0,379824,0,3798.24,0.0,1899.12,,-379824,-3798.24,-100.0,,,-379824,,,-3798.24
2017,housewares,ba5da398a4dc7a375349e2d32896a3bb,housewares,ba5da398a4dc7a375349e2d32896a3bb,仅6月销售,0,1,0,3599,0.0,35.99,,35.99,3599,35.99,,,,3599,,,35.99
2017,computers_accessories,ba9943916136c9959e24f71bdae28faa,computers_accessories,ba9943916136c9959e24f71bdae28faa,仅5月销售,2,0,8980,0,89.8,0.0,44.9,,-8980,-89.8,-100.0,,,-8980,,,-89.8
2017,toys,ba9f160a6ae1c23f25d690fd06fe4fd8,toys,ba9f160a6ae1c23f25d690fd06fe4fd8,仅6月销售,0,2,0,21980,0.0,219.8,,109.9,21980,219.8,,,,21980,,,219.8
2017,bed_bath_table,bace90a7338e9d31371ad47811cf4c7d,bed_bath_table,bace90a7338e9d31371ad47811cf4c7d,两月均有销量,2,1,19980,9990,199.8,99.9,99.9,99.9,-9990,-99.9,-50.0,-9990,0,,-99.9,0.0,
2017,health_beauty,bad9cd5ad615c0b5ba87448e03ec954c,health_beauty,bad9cd5ad615c0b5ba87448e03ec954c,仅5月销售,1,0,89000,0,890.0,0.0,890.0,,-89000,-890.0,-100.0,,,-89000,,,-890.0
2017,housewares,bb09e8007aff97a9452967b19430cf53,housewares,bb09e8007aff97a9452967b19430cf53,仅5月销售,2,0,16600,0,166.0,0.0,83.0,,-16600,-166.0,-100.0,,,-16600,,,-166.0
2017,auto,bb1713a6219e4b6575cdd9c380638a65,auto,bb1713a6219e4b6575cdd9c380638a65,仅6月销售,0,1,0,3000,0.0,30.0,,30.0,3000,30.0,,,,3000,,,30.0
2017,baby,bb7181410b4e02f93f3697f765db53c7,baby,bb7181410b4e02f93f3697f765db53c7,仅5月销售,2,0,24000,0,240.0,0.0,120.0,,-24000,-240.0,-100.0,,,-24000,,,-240.0
2017,(unknown),bb80645f347f26e0a4da138c7b2745aa,(unknown),bb80645f347f26e0a4da138c7b2745aa,仅6月销售,0,1,0,34300,0.0,343.0,,343.0,34300,343.0,,,,34300,,,343.0
2017,computers_accessories,bb90206fa281c20f0b4c42a2393b54dd,computers_accessories,bb90206fa281c20f0b4c42a2393b54dd,仅5月销售,3,0,65970,0,659.7,0.0,219.9,,-65970,-659.7,-100.0,,,-65970,,,-659.7
2017,telephony,bba2c8c0d830b5d1eb20f4a343676de5,telephony,bba2c8c0d830b5d1eb20f4a343676de5,仅5月销售,1,0,1599,0,15.99,0.0,15.99,,-1599,-15.99,-100.0,,,-1599,,,-15.99
2017,perfumery,bbaef2eadf31fe3ea6702077398be06c,perfumery,bbaef2eadf31fe3ea6702077398be06c,两月均有销量,21,14,119679,79786,1196.79,797.86,56.99,56.99,-39893,-398.93,-33.333333333333336,-39893,0,,-398.93,0.0,
2017,health_beauty,bbc5419bc92d76e27795c9ec2c233c64,health_beauty,bbc5419bc92d76e27795c9ec2c233c64,仅6月销售,0,1,0,68000,0.0,680.0,,680.0,68000,680.0,,,,68000,,,680.0
2017,bed_bath_table,bbc9e653c2f5794542ac3867ab5ab757,bed_bath_table,bbc9e653c2f5794542ac3867ab5ab757,两月均有销量,2,2,7300,7300,73.0,73.0,36.5,36.5,0,0.0,0.0,0,0,,0.0,0.0,
2017,health_beauty,bbe4dfe43d77a5d150ed30618b20db25,health_beauty,bbe4dfe43d77a5d150ed30618b20db25,仅5月销售,1,0,16000,0,160.0,0.0,160.0,,-16000,-160.0,-100.0,,,-16000,,,-160.0
2017,bed_bath_table,bbedc8efc6fad7cf1c7f7725b75cd356,bed_bath_table,bbedc8efc6fad7cf1c7f7725b75cd356,仅5月销售,1,0,16000,0,160.0,0.0,160.0,,-16000,-160.0,-100.0,,,-16000,,,-160.0
2017,bed_bath_table,bbf76ccd9b620fb13136c95bc5adb5da,bed_bath_table,bbf76ccd9b620fb13136c95bc5adb5da,仅6月销售,0,1,0,33850,0.0,338.5,,338.5,33850,338.5,,,,33850,,,338.5
2017,furniture_decor,bbf920aa6ac72007a726e6f419156f8f,furniture_decor,bbf920aa6ac72007a726e6f419156f8f,仅5月销售,2,0,7980,0,79.8,0.0,39.9,,-7980,-79.8,-100.0,,,-7980,,,-79.8
2017,toys,bc0bfbb69aec0f46d1058bfeb5b973b3,toys,bc0bfbb69aec0f46d1058bfeb5b973b3,仅5月销售,2,0,15780,0,157.8,0.0,78.9,,-15780,-157.8,-100.0,,,-15780,,,-157.8
2017,pet_shop,bc14c71396065a78e05dcdfdfd4cecfb,pet_shop,bc14c71396065a78e05dcdfdfd4cecfb,仅6月销售,0,1,0,13050,0.0,130.5,,130.5,13050,130.5,,,,13050,,,130.5
2017,cool_stuff,bc2d6310e5cbd60facb2f9c8d9471597,cool_stuff,bc2d6310e5cbd60facb2f9c8d9471597,仅6月销售,0,1,0,62900,0.0,629.0,,629.0,62900,629.0,,,,62900,,,629.0
2017,furniture_decor,bc527b3cbbc09017b7153bda2be5fad5,furniture_decor,bc527b3cbbc09017b7153bda2be5fad5,仅5月销售,1,0,5990,0,59.9,0.0,59.9,,-5990,-59.9,-100.0,,,-5990,,,-59.9
2017,housewares,bcac2cdcd851929a5caa3e1508d5abc9,housewares,bcac2cdcd851929a5caa3e1508d5abc9,两月均有销量,1,1,10990,10990,109.9,109.9,109.9,109.9,0,0.0,0.0,0,0,,0.0,0.0,
2017,(unknown),bcc4b932676146a860f295538caaff09,(unknown),bcc4b932676146a860f295538caaff09,仅6月销售,0,1,0,6999,0.0,69.99,,69.99,6999,69.99,,,,6999,,,69.99
2017,watches_gifts,bce474cc95b6e77657e10939b0b4248c,watches_gifts,bce474cc95b6e77657e10939b0b4248c,仅5月销售,1,0,24990,0,249.9,0.0,249.9,,-24990,-249.9,-100.0,,,-24990,,,-249.9
2017,auto,bd1fc5db666613cbd3cba3ef38d3c0f2,auto,bd1fc5db666613cbd3cba3ef38d3c0f2,仅5月销售,1,0,35000,0,350.0,0.0,350.0,,-35000,-350.0,-100.0,,,-35000,,,-350.0
2017,telephony,bd6e8cf9fe4122c385da2bcb9f979d5d,telephony,bd6e8cf9fe4122c385da2bcb9f979d5d,两月均有销量,2,1,8900,4900,89.0,49.0,44.5,49.0,-4000,-40.0,-44.943820224719104,-4675,675,,-46.75,6.75,
2017,baby,bd7836d8c8cfe05d89e7343cf415eb5c,baby,bd7836d8c8cfe05d89e7343cf415eb5c,仅6月销售,0,1,0,1590,0.0,15.9,,15.9,1590,15.9,,,,1590,,,15.9
2017,toys,bd85550f79aa4e7452a75c55921cd5c7,toys,bd85550f79aa4e7452a75c55921cd5c7,仅5月销售,1,0,1990,0,19.9,0.0,19.9,,-1990,-19.9,-100.0,,,-1990,,,-19.9
2017,stationery,bd8c43f5716739d47046ab8591aab1bd,stationery,bd8c43f5716739d47046ab8591aab1bd,仅5月销售,1,0,6900,0,69.0,0.0,69.0,,-6900,-69.0,-100.0,,,-6900,,,-69.0
2017,perfumery,bd988548c4a31b6c4fe5571e3cea8f8a,perfumery,bd988548c4a31b6c4fe5571e3cea8f8a,仅6月销售,0,1,0,22001,0.0,220.01,,220.01,22001,220.01,,,,22001,,,220.01
2017,cool_stuff,bda1c22cb8008940e304b88e5eec3c29,cool_stuff,bda1c22cb8008940e304b88e5eec3c29,仅5月销售,1,0,2790,0,27.9,0.0,27.9,,-2790,-27.9,-100.0,,,-2790,,,-27.9
2017,food_drink,bdae940812284709dd5e300831735f64,food_drink,bdae940812284709dd5e300831735f64,仅5月销售,1,0,9500,0,95.0,0.0,95.0,,-9500,-95.0,-100.0,,,-9500,,,-95.0
2017,toys,bdb0adfd465b18548a50bafc2a8e8ea6,toys,bdb0adfd465b18548a50bafc2a8e8ea6,仅5月销售,1,0,12960,0,129.6,0.0,129.6,,-12960,-129.6,-100.0,,,-12960,,,-129.6
2017,bed_bath_table,bdb71a735c94e9c7779d5d2084d91698,bed_bath_table,bdb71a735c94e9c7779d5d2084d91698,仅6月销售,0,1,0,7500,0.0,75.0,,75.0,7500,75.0,,,,7500,,,75.0
2017,signaling_and_security,bdbcda578f0215903f8bcd77ca591e0c,signaling_and_security,bdbcda578f0215903f8bcd77ca591e0c,仅5月销售,1,0,595,0,5.95,0.0,5.95,,-595,-5.95,-100.0,,,-595,,,-5.95
2017,luggage_accessories,bdce983de5f3fe3c23363b676b19dcbf,luggage_accessories,bdce983de5f3fe3c23363b676b19dcbf,仅6月销售,0,1,0,9290,0.0,92.9,,92.9,9290,92.9,,,,9290,,,92.9
2017,home_construction,bddc1407637849d18d139b4012e4406a,home_construction,bddc1407637849d18d139b4012e4406a,仅5月销售,1,0,7400,0,74.0,0.0,74.0,,-7400,-74.0,-100.0,,,-7400,,,-74.0
2017,pet_shop,bdf3cfe384f8cd382e163ab1a5569232,pet_shop,bdf3cfe384f8cd382e163ab1a5569232,仅5月销售,1,0,3149,0,31.49,0.0,31.49,,-3149,-31.49,-100.0,,,-3149,,,-31.49
2017,home_confort,be1d391bd8ff820e431cbb0229d2b92f,home_confort,be1d391bd8ff820e431cbb0229d2b92f,仅5月销售,1,0,39900,0,399.0,0.0,399.0,,-39900,-399.0,-100.0,,,-39900,,,-399.0
2017,pet_shop,be359e4dfd741cfa415d9965fe0c417f,pet_shop,be359e4dfd741cfa415d9965fe0c417f,仅5月销售,1,0,15400,0,154.0,0.0,154.0,,-15400,-154.0,-100.0,,,-15400,,,-154.0
2017,computers_accessories,be3eb52ad733d7f7fff631a0cad35e81,computers_accessories,be3eb52ad733d7f7fff631a0cad35e81,仅6月销售,0,1,0,17320,0.0,173.2,,173.2,17320,173.2,,,,17320,,,173.2
2017,furniture_decor,be4247cbfa1bf907db555eed70cdca03,furniture_decor,be4247cbfa1bf907db555eed70cdca03,仅5月销售,1,0,17480,0,174.8,0.0,174.8,,-17480,-174.8,-100.0,,,-17480,,,-174.8
2017,health_beauty,be5353e2c543ba4f67831f95d3775420,health_beauty,be5353e2c543ba4f67831f95d3775420,两月均有销量,4,2,7960,3980,79.6,39.8,19.9,19.9,-3980,-39.8,-50.0,-3980,0,,-39.8,0.0,
2017,pet_shop,be588e939ab09c7ca4d4046266619de5,pet_shop,be588e939ab09c7ca4d4046266619de5,仅6月销售,0,2,0,53000,0.0,530.0,,265.0,53000,530.0,,,,53000,,,530.0
2017,health_beauty,be7bcd2421313e6b35f03717b13f5ff3,health_beauty,be7bcd2421313e6b35f03717b13f5ff3,仅6月销售,0,2,0,25980,0.0,259.8,,129.9,25980,259.8,,,,25980,,,259.8
2017,home_appliances,be837f2e0152a208d4386f4126d5bd7c,home_appliances,be837f2e0152a208d4386f4126d5bd7c,两月均有销量,8,7,26320,23030,263.2,230.3,32.9,32.9,-3290,-32.9,-12.5,-3290,0,,-32.9,0.0,
2017,consoles_games,be93f4f9930c70a83456e2c9cb408a85,consoles_games,be93f4f9930c70a83456e2c9cb408a85,仅6月销售,0,1,0,1590,0.0,15.9,,15.9,1590,15.9,,,,1590,,,15.9
2017,watches_gifts,beb8e018882d56635b77f4a73233c847,watches_gifts,beb8e018882d56635b77f4a73233c847,仅6月销售,0,1,0,5300,0.0,53.0,,53.0,5300,53.0,,,,5300,,,53.0
2017,toys,bed9b7934576c9ba61b6ba6f3babc698,toys,bed9b7934576c9ba61b6ba6f3babc698,仅5月销售,1,0,2880,0,28.8,0.0,28.8,,-2880,-28.8,-100.0,,,-2880,,,-28.8
2017,bed_bath_table,bee84ad17517656f609763f0b124c7e6,bed_bath_table,bee84ad17517656f609763f0b124c7e6,仅6月销售,0,1,0,8990,0.0,89.9,,89.9,8990,89.9,,,,8990,,,89.9
2017,housewares,beefd66ae7d857b9c50868bb14473a86,housewares,beefd66ae7d857b9c50868bb14473a86,仅6月销售,0,1,0,16660,0.0,166.6,,166.6,16660,166.6,,,,16660,,,166.6
2017,luggage_accessories,beefe69ad05b3ad47376e388d3b5ea22,luggage_accessories,beefe69ad05b3ad47376e388d3b5ea22,两月均有销量,1,2,10290,20580,102.9,205.8,102.9,102.9,10290,102.9,100.0,10290,0,,102.9,0.0,
2017,housewares,bf3024b979e260a941c418cc5771fff2,housewares,bf3024b979e260a941c418cc5771fff2,仅6月销售,0,3,0,6744,0.0,67.44,,22.48,6744,67.44,,,,6744,,,67.44
2017,watches_gifts,bf467e0b677a9c83c0c71fc3b8f6f7d6,watches_gifts,bf467e0b677a9c83c0c71fc3b8f6f7d6,仅5月销售,1,0,12593,0,125.93,0.0,125.93,,-12593,-125.93,-100.0,,,-12593,,,-125.93
2017,furniture_decor,bf5cd6b613d9b11ecd53a9410e7c1f11,furniture_decor,bf5cd6b613d9b11ecd53a9410e7c1f11,仅5月销售,1,0,2475,0,24.75,0.0,24.75,,-2475,-24.75,-100.0,,,-2475,,,-24.75
2017,furniture_bedroom,bf7a3359eeb43b9944c70293e4be896a,furniture_bedroom,bf7a3359eeb43b9944c70293e4be896a,仅5月销售,1,0,12900,0,129.0,0.0,129.0,,-12900,-129.0,-100.0,,,-12900,,,-129.0
2017,luggage_accessories,bf8193d8e1127957f3b82527c6d44c01,luggage_accessories,bf8193d8e1127957f3b82527c6d44c01,仅5月销售,1,0,4990,0,49.9,0.0,49.9,,-4990,-49.9,-100.0,,,-4990,,,-49.9
2017,bed_bath_table,bf8df11db5850b8590e3cb397f18a916,bed_bath_table,bf8df11db5850b8590e3cb397f18a916,仅5月销售,2,0,5636,0,56.36,0.0,28.18,,-5636,-56.36,-100.0,,,-5636,,,-56.36
2017,perfumery,bfb0b1ac4d2c3e1ebae4a01c3fcbfb1e,perfumery,bfb0b1ac4d2c3e1ebae4a01c3fcbfb1e,仅5月销售,1,0,12299,0,122.99,0.0,122.99,,-12299,-122.99,-100.0,,,-12299,,,-122.99
2017,cool_stuff,bfc59c5d8a26d129f82fbc5207fcd676,cool_stuff,bfc59c5d8a26d129f82fbc5207fcd676,仅5月销售,1,0,19900,0,199.0,0.0,199.0,,-19900,-199.0,-100.0,,,-19900,,,-199.0
2017,toys,bfd40187494874d9bda6626efbff3bd3,toys,bfd40187494874d9bda6626efbff3bd3,仅5月销售,1,0,16990,0,169.9,0.0,169.9,,-16990,-169.9,-100.0,,,-16990,,,-169.9
2017,garden_tools,bfd4d65a528678737bcb523e5a3c5f58,garden_tools,bfd4d65a528678737bcb523e5a3c5f58,仅6月销售,0,2,0,21198,0.0,211.98,,105.99,21198,211.98,,,,21198,,,211.98
2017,telephony,bfdef2976f08b5f72e1cfa276a88f45a,telephony,bfdef2976f08b5f72e1cfa276a88f45a,仅5月销售,1,0,2190,0,21.9,0.0,21.9,,-2190,-21.9,-100.0,,,-2190,,,-21.9
2017,toys,c01a0404d9e87149110648c7005ce81e,toys,c01a0404d9e87149110648c7005ce81e,仅6月销售,0,1,0,9999,0.0,99.99,,99.99,9999,99.99,,,,9999,,,99.99
2017,perfumery,c0315bd17c58be3dec2bd04dd4233b7e,perfumery,c0315bd17c58be3dec2bd04dd4233b7e,仅6月销售,0,1,0,17999,0.0,179.99,,179.99,17999,179.99,,,,17999,,,179.99
2017,pet_shop,c03500a4a72be532834b3d947821d519,pet_shop,c03500a4a72be532834b3d947821d519,仅6月销售,0,1,0,5990,0.0,59.9,,59.9,5990,59.9,,,,5990,,,59.9
2017,cool_stuff,c03d44fcdfabbabd5185c8eb60f77aea,cool_stuff,c03d44fcdfabbabd5185c8eb60f77aea,仅5月销售,2,0,8980,0,89.8,0.0,44.9,,-8980,-89.8,-100.0,,,-8980,,,-89.8
2017,kitchen_dining_laundry_garden_furniture,c075b8e131353552218860f1c421e4ef,kitchen_dining_laundry_garden_furniture,c075b8e131353552218860f1c421e4ef,两月均有销量,4,2,19560,9780,195.6,97.8,48.9,48.9,-9780,-97.8,-50.0,-9780,0,,-97.8,0.0,
2017,bed_bath_table,c083328e95e8fa4c2f0e393e68757644,bed_bath_table,c083328e95e8fa4c2f0e393e68757644,仅6月销售,0,1,0,4199,0.0,41.99,,41.99,4199,41.99,,,,4199,,,41.99
2017,auto,c09fe7511f6db515d3738a84225ae39d,auto,c09fe7511f6db515d3738a84225ae39d,仅6月销售,0,1,0,8900,0.0,89.0,,89.0,8900,89.0,,,,8900,,,89.0
2017,books_general_interest,c0a933a473d7482b1ae218c7f3a0c743,books_general_interest,c0a933a473d7482b1ae218c7f3a0c743,仅6月销售,0,1,0,13990,0.0,139.9,,139.9,13990,139.9,,,,13990,,,139.9
2017,toys,c0deba3200aa657c933dae7109403ad1,toys,c0deba3200aa657c933dae7109403ad1,仅6月销售,0,2,0,25800,0.0,258.0,,129.0,25800,258.0,,,,25800,,,258.0
2017,health_beauty,c100e5fef1abb5e1c5054d1dac2d83ac,health_beauty,c100e5fef1abb5e1c5054d1dac2d83ac,仅6月销售,0,1,0,89000,0.0,890.0,,890.0,89000,890.0,,,,89000,,,890.0
2017,furniture_decor,c10cda5d50f5edd0c8c8dc35f5ea7a84,furniture_decor,c10cda5d50f5edd0c8c8dc35f5ea7a84,仅5月销售,1,0,4900,0,49.0,0.0,49.0,,-4900,-49.0,-100.0,,,-4900,,,-49.0
2017,watches_gifts,c10d7c70907ad6d09ada0581ef6bf839,watches_gifts,c10d7c70907ad6d09ada0581ef6bf839,仅5月销售,8,0,167120,0,1671.2,0.0,208.9,,-167120,-1671.2,-100.0,,,-167120,,,-1671.2
2017,air_conditioning,c114a4721cfa58d98265d2074e53de44,air_conditioning,c114a4721cfa58d98265d2074e53de44,仅5月销售,1,0,19900,0,199.0,0.0,199.0,,-19900,-199.0,-100.0,,,-19900,,,-199.0
2017,furniture_decor,c12c1482a995be91e395cb9276661e32,furniture_decor,c12c1482a995be91e395cb9276661e32,仅5月销售,1,0,1299,0,12.99,0.0,12.99,,-1299,-12.99,-100.0,,,-1299,,,-12.99
2017,furniture_decor,c1488892604e4ba5cff5b4eb4d595400,furniture_decor,c1488892604e4ba5cff5b4eb4d595400,两月均有销量,6,3,23100,11550,231.0,115.5,38.5,38.5,-11550,-115.5,-50.0,-11550,0,,-115.5,0.0,
2017,toys,c154ff1c4c87fe2e76bf46db6cd29d59,toys,c154ff1c4c87fe2e76bf46db6cd29d59,两月均有销量,1,1,18999,18999,189.99,189.99,189.99,189.99,0,0.0,0.0,0,0,,0.0,0.0,
2017,sports_leisure,c155f6ba0dae0f11299f1e33fafdea65,sports_leisure,c155f6ba0dae0f11299f1e33fafdea65,仅6月销售,0,2,0,60000,0.0,600.0,,300.0,60000,600.0,,,,60000,,,600.0
2017,sports_leisure,c166691d2e429a2e3ed641e29aaeb7f1,sports_leisure,c166691d2e429a2e3ed641e29aaeb7f1,仅5月销售,1,0,1399,0,13.99,0.0,13.99,,-1399,-13.99,-100.0,,,-1399,,,-13.99
2017,cool_stuff,c16a725515f575d16a399f36c3e64399,cool_stuff,c16a725515f575d16a399f36c3e64399,仅6月销售,0,1,0,26890,0.0,268.9,,268.9,26890,268.9,,,,26890,,,268.9
2017,toys,c180a83edb2d145ec2f9b10cbd61feb5,toys,c180a83edb2d145ec2f9b10cbd61feb5,仅5月销售,2,0,23980,0,239.8,0.0,119.9,,-23980,-239.8,-100.0,,,-23980,,,-239.8
2017,watches_gifts,c18ac1d6cc053c0ec7296b994ae6ffeb,watches_gifts,c18ac1d6cc053c0ec7296b994ae6ffeb,仅5月销售,2,0,6020,0,60.2,0.0,30.1,,-6020,-60.2,-100.0,,,-6020,,,-60.2
2017,toys,c192595b717cfbb910f653b62d8ac9c3,toys,c192595b717cfbb910f653b62d8ac9c3,仅6月销售,0,1,0,5000,0.0,50.0,,50.0,5000,50.0,,,,5000,,,50.0
2017,furniture_decor,c19d3d531fcbc095536275e1ecf643e4,furniture_decor,c19d3d531fcbc095536275e1ecf643e4,仅6月销售,0,1,0,5990,0.0,59.9,,59.9,5990,59.9,,,,5990,,,59.9
2017,computers_accessories,c19d5ba108c34b8255cf9a524da92bc4,computers_accessories,c19d5ba108c34b8255cf9a524da92bc4,两月均有销量,3,5,22500,37500,225.0,375.0,75.0,75.0,15000,150.0,66.66666666666667,15000,0,,150.0,0.0,
2017,audio,c1c27de6591a9eaeb865eed7b905b046,audio,c1c27de6591a9eaeb865eed7b905b046,仅5月销售,1,0,7999,0,79.99,0.0,79.99,,-7999,-79.99,-100.0,,,-7999,,,-79.99
2017,bed_bath_table,c211ff3068fcd2f8898192976d8b3a32,bed_bath_table,c211ff3068fcd2f8898192976d8b3a32,仅6月销售,0,3,0,7470,0.0,74.7,,24.9,7470,74.7,,,,7470,,,74.7
2017,computers_accessories,c23381297fa734ea441a15d723199fb5,computers_accessories,c23381297fa734ea441a15d723199fb5,仅6月销售,0,1,0,2800,0.0,28.0,,28.0,2800,28.0,,,,2800,,,28.0
2017,furniture_decor,c234a60a994181f45605566bef8fe3b4,furniture_decor,c234a60a994181f45605566bef8fe3b4,仅5月销售,6,0,65940,0,659.4,0.0,109.9,,-65940,-659.4,-100.0,,,-65940,,,-659.4
2017,toys,c25174e1e4fd7fe5c3420869d61fe2a6,toys,c25174e1e4fd7fe5c3420869d61fe2a6,两月均有销量,1,1,4890,4500,48.9,45.0,48.9,45.0,-390,-3.9,-7.975460122699387,0,-390,,0.0,-3.9,
2017,sports_leisure,c25a30113a3cb20b4914a605d8682953,sports_leisure,c25a30113a3cb20b4914a605d8682953,两月均有销量,1,2,14875,29750,148.75,297.5,148.75,148.75,14875,148.75,100.0,14875,0,,148.75,0.0,
2017,furniture_decor,c261f239575a146a38e4d4c72b58f403,furniture_decor,c261f239575a146a38e4d4c72b58f403,仅5月销售,1,0,9350,0,93.5,0.0,93.5,,-9350,-93.5,-100.0,,,-9350,,,-93.5
2017,housewares,c2a1ff8408a1c857c8730e4d12da714e,housewares,c2a1ff8408a1c857c8730e4d12da714e,两月均有销量,3,7,20970,48930,209.7,489.3,69.9,69.9,27960,279.6,133.33333333333334,27960,0,,279.6,0.0,
2017,telephony,c2af5a088a7027f1efe72f4507fd2fbc,telephony,c2af5a088a7027f1efe72f4507fd2fbc,两月均有销量,2,1,9800,4900,98.0,49.0,49.0,49.0,-4900,-49.0,-50.0,-4900,0,,-49.0,0.0,
2017,cool_stuff,c2bd6687fd8abe764233efb9c4a3c27d,cool_stuff,c2bd6687fd8abe764233efb9c4a3c27d,仅5月销售,2,0,9998,0,99.98,0.0,49.99,,-9998,-99.98,-100.0,,,-9998,,,-99.98
2017,consoles_games,c2e3277619aa6604c0d6e288ef059ede,consoles_games,c2e3277619aa6604c0d6e288ef059ede,仅6月销售,0,1,0,1990,0.0,19.9,,19.9,1990,19.9,,,,1990,,,19.9
2017,toys,c3099dfa5bca8734d228152d9c7d894c,toys,c3099dfa5bca8734d228152d9c7d894c,仅5月销售,2,0,18980,0,189.8,0.0,94.9,,-18980,-189.8,-100.0,,,-18980,,,-189.8
2017,perfumery,c326c16c4e67b3648c8992954d628795,perfumery,c326c16c4e67b3648c8992954d628795,仅6月销售,0,2,0,99898,0.0,998.98,,499.49,99898,998.98,,,,99898,,,998.98
2017,housewares,c32788bc915b1ce4316822a1b7c4ec91,housewares,c32788bc915b1ce4316822a1b7c4ec91,仅5月销售,1,0,4799,0,47.99,0.0,47.99,,-4799,-47.99,-100.0,,,-4799,,,-47.99
2017,bed_bath_table,c354569eefd558bf201d0aedf35608ed,bed_bath_table,c354569eefd558bf201d0aedf35608ed,仅5月销售,1,0,4990,0,49.9,0.0,49.9,,-4990,-49.9,-100.0,,,-4990,,,-49.9
2017,electronics,c37e775cc9f2dd910db751444447fa3d,electronics,c37e775cc9f2dd910db751444447fa3d,仅6月销售,0,2,0,2398,0.0,23.98,,11.99,2398,23.98,,,,2398,,,23.98
2017,furniture_decor,c3adcd846a294794059da678fb939220,furniture_decor,c3adcd846a294794059da678fb939220,仅6月销售,0,1,0,9390,0.0,93.9,,93.9,9390,93.9,,,,9390,,,93.9
2017,furniture_decor,c3b271f47e73d0c9ccf1b43b7606c705,furniture_decor,c3b271f47e73d0c9ccf1b43b7606c705,仅5月销售,1,0,4590,0,45.9,0.0,45.9,,-4590,-45.9,-100.0,,,-4590,,,-45.9
2017,bed_bath_table,c3b9c5a3a88d5cd18800fb865741d9ad,bed_bath_table,c3b9c5a3a88d5cd18800fb865741d9ad,仅6月销售,0,1,0,21999,0.0,219.99,,219.99,21999,219.99,,,,21999,,,219.99
2017,watches_gifts,c3ba4e8d3cb30049213b682e751e9d00,watches_gifts,c3ba4e8d3cb30049213b682e751e9d00,仅6月销售,0,2,0,19000,0.0,190.0,,95.0,19000,190.0,,,,19000,,,190.0
2017,garden_tools,c3e43e07f541c49ce73e9778dfecc6ca,garden_tools,c3e43e07f541c49ce73e9778dfecc6ca,仅6月销售,0,1,0,15990,0.0,159.9,,159.9,15990,159.9,,,,15990,,,159.9
2017,health_beauty,c3eb7064c36408a9bfc77a42d6ab993c,health_beauty,c3eb7064c36408a9bfc77a42d6ab993c,仅5月销售,1,0,99000,0,990.0,0.0,990.0,,-99000,-990.0,-100.0,,,-99000,,,-990.0
2017,computers_accessories,c3f6113d5b61bc95468432072b27e23d,computers_accessories,c3f6113d5b61bc95468432072b27e23d,两月均有销量,4,3,7560,5670,75.6,56.7,18.9,18.9,-1890,-18.9,-25.0,-1890,0,,-18.9,0.0,
2017,bed_bath_table,c403e106353e1aa40efe783ecb39ed7a,bed_bath_table,c403e106353e1aa40efe783ecb39ed7a,两月均有销量,2,1,7780,3890,77.8,38.9,38.9,38.9,-3890,-38.9,-50.0,-3890,0,,-38.9,0.0,
2017,sports_leisure,c41394a593b75e8e4f3d1fb5e93e151e,sports_leisure,c41394a593b75e8e4f3d1fb5e93e151e,仅6月销售,0,1,0,99999,0.0,999.99,,999.99,99999,999.99,,,,99999,,,999.99
2017,telephony,c413fa08b405af6edb9d49e85e241c08,telephony,c413fa08b405af6edb9d49e85e241c08,仅5月销售,2,0,2594,0,25.94,0.0,12.97,,-2594,-25.94,-100.0,,,-2594,,,-25.94
2017,furniture_decor,c4282015d858b8d5c14c1ec6b9000664,furniture_decor,c4282015d858b8d5c14c1ec6b9000664,仅5月销售,1,0,3900,0,39.0,0.0,39.0,,-3900,-39.0,-100.0,,,-3900,,,-39.0
2017,cool_stuff,c43ab4269cbf91b373263db4c2973cad,cool_stuff,c43ab4269cbf91b373263db4c2973cad,两月均有销量,5,4,22950,18360,229.5,183.6,45.9,45.9,-4590,-45.9,-20.0,-4590,0,,-45.9,0.0,
2017,luggage_accessories,c45f017c36f9112a8bb4f170edfb1870,luggage_accessories,c45f017c36f9112a8bb4f170edfb1870,仅5月销售,1,0,10290,0,102.9,0.0,102.9,,-10290,-102.9,-100.0,,,-10290,,,-102.9
2017,computers_accessories,c46340bc7e4d674d73196dfc202fb2cc,computers_accessories,c46340bc7e4d674d73196dfc202fb2cc,仅5月销售,1,0,99900,0,999.0,0.0,999.0,,-99900,-999.0,-100.0,,,-99900,,,-999.0
2017,bed_bath_table,c46f8283658bc4bd2e7aeb1c854adeb4,bed_bath_table,c46f8283658bc4bd2e7aeb1c854adeb4,仅6月销售,0,1,0,19990,0.0,199.9,,199.9,19990,199.9,,,,19990,,,199.9
2017,stationery,c47d256557f7fa30144ecea5722eebc2,stationery,c47d256557f7fa30144ecea5722eebc2,仅5月销售,1,0,8900,0,89.0,0.0,89.0,,-8900,-89.0,-100.0,,,-8900,,,-89.0
2017,musical_instruments,c4989935ece6a2e0c0c148ede45f640e,musical_instruments,c4989935ece6a2e0c0c148ede45f640e,仅5月销售,1,0,41990,0,419.9,0.0,419.9,,-41990,-419.9,-100.0,,,-41990,,,-419.9
2017,perfumery,c49f7bd8ac21b2169dd273bfef92b82a,perfumery,c49f7bd8ac21b2169dd273bfef92b82a,仅5月销售,1,0,30899,0,308.99,0.0,308.99,,-30899,-308.99,-100.0,,,-30899,,,-308.99
2017,pet_shop,c4ab5e7b0c00f3b99fc11847a619b88e,pet_shop,c4ab5e7b0c00f3b99fc11847a619b88e,仅5月销售,1,0,1214,0,12.14,0.0,12.14,,-1214,-12.14,-100.0,,,-1214,,,-12.14
2017,garden_tools,c4baedd846ed09b85f78a781b522f126,garden_tools,c4baedd846ed09b85f78a781b522f126,两月均有销量,4,6,43996,65994,439.96,659.94,109.99,109.99,21998,219.98,50.0,21998,0,,219.98,0.0,
2017,(unknown),c4ceee876c82b8328e9c293fa0e1989b,(unknown),c4ceee876c82b8328e9c293fa0e1989b,仅5月销售,1,0,1200,0,12.0,0.0,12.0,,-1200,-12.0,-100.0,,,-1200,,,-12.0
2017,health_beauty,c4d3198d226d8fd420177364aadbe331,health_beauty,c4d3198d226d8fd420177364aadbe331,仅5月销售,1,0,3390,0,33.9,0.0,33.9,,-3390,-33.9,-100.0,,,-3390,,,-33.9
2017,housewares,c4e71b64511b959455e2107fe7859020,housewares,c4e71b64511b959455e2107fe7859020,仅6月销售,0,1,0,3200,0.0,32.0,,32.0,3200,32.0,,,,3200,,,32.0
2017,fashion_bags_accessories,c4f2546fff25a5789819a7b943505bcf,fashion_bags_accessories,c4f2546fff25a5789819a7b943505bcf,仅6月销售,0,1,0,2499,0.0,24.99,,24.99,2499,24.99,,,,2499,,,24.99
2017,fashion_bags_accessories,c4fc1d4489f664ce1c6c55b7089738b2,fashion_bags_accessories,c4fc1d4489f664ce1c6c55b7089738b2,仅5月销售,1,0,3990,0,39.9,0.0,39.9,,-3990,-39.9,-100.0,,,-3990,,,-39.9
2017,furniture_decor,c505337344cd0e2eac331aaf4d348743,furniture_decor,c505337344cd0e2eac331aaf4d348743,仅5月销售,1,0,4399,0,43.99,0.0,43.99,,-4399,-43.99,-100.0,,,-4399,,,-43.99
2017,furniture_decor,c50663262403f916d58303c231e7ed3a,furniture_decor,c50663262403f916d58303c231e7ed3a,仅6月销售,0,1,0,7335,0.0,73.35,,73.35,7335,73.35,,,,7335,,,73.35
2017,garden_tools,c511bbd742df73d5b2ba4594d4901f2b,garden_tools,c511bbd742df73d5b2ba4594d4901f2b,仅6月销售,0,1,0,29999,0.0,299.99,,299.99,29999,299.99,,,,29999,,,299.99
2017,health_beauty,c54ed8ea69e24c191fbc23b3234c6b32,health_beauty,c54ed8ea69e24c191fbc23b3234c6b32,仅5月销售,1,0,23980,0,239.8,0.0,239.8,,-23980,-239.8,-100.0,,,-23980,,,-239.8
2017,toys,c551ffaf36e5c1d8444b44bb7c78123b,toys,c551ffaf36e5c1d8444b44bb7c78123b,两月均有销量,1,1,10900,7990,109.0,79.9,109.0,79.9,-2910,-29.1,-26.69724770642202,0,-2910,,0.0,-29.1,
2017,health_beauty,c55345c89c1bf659ac0e4164498658c2,health_beauty,c55345c89c1bf659ac0e4164498658c2,仅6月销售,0,3,0,19500,0.0,195.0,,65.0,19500,195.0,,,,19500,,,195.0
2017,health_beauty,c55c77207af4d2ce4b0c54740f4ee7f3,health_beauty,c55c77207af4d2ce4b0c54740f4ee7f3,仅5月销售,1,0,4490,0,44.9,0.0,44.9,,-4490,-44.9,-100.0,,,-4490,,,-44.9
2017,office_furniture,c56400aa5823575d5a92a8f98077490a,office_furniture,c56400aa5823575d5a92a8f98077490a,两月均有销量,1,1,13996,14499,139.96,144.99,139.96,144.99,503,5.03,3.5938839668476708,0,503,,0.0,5.03,
2017,computers_accessories,c56cdaacd8e2dca5489236a4875c0b89,computers_accessories,c56cdaacd8e2dca5489236a4875c0b89,仅5月销售,1,0,9999,0,99.99,0.0,99.99,,-9999,-99.99,-100.0,,,-9999,,,-99.99
2017,stationery,c58a00c22983c35a40e549564aa0aafa,stationery,c58a00c22983c35a40e549564aa0aafa,仅6月销售,0,1,0,7900,0.0,79.0,,79.0,7900,79.0,,,,7900,,,79.0
2017,baby,c5a00e7e34e45fe4c79a38d102248b48,baby,c5a00e7e34e45fe4c79a38d102248b48,仅5月销售,2,0,19600,0,196.0,0.0,98.0,,-19600,-196.0,-100.0,,,-19600,,,-196.0
2017,stationery,c5b6cb0ce3279d64025831b972bf5dee,stationery,c5b6cb0ce3279d64025831b972bf5dee,仅5月销售,1,0,7900,0,79.0,0.0,79.0,,-7900,-79.0,-100.0,,,-7900,,,-79.0
2017,furniture_decor,c5be1408598054572f31046ba67ee86e,furniture_decor,c5be1408598054572f31046ba67ee86e,仅5月销售,1,0,9990,0,99.9,0.0,99.9,,-9990,-99.9,-100.0,,,-9990,,,-99.9
2017,market_place,c5d8b84a90f73bd09c30e71e76caaa11,market_place,c5d8b84a90f73bd09c30e71e76caaa11,仅6月销售,0,1,0,7990,0.0,79.9,,79.9,7990,79.9,,,,7990,,,79.9
2017,toys,c5db51af7d9a58228bcea932010cf080,toys,c5db51af7d9a58228bcea932010cf080,仅5月销售,2,0,31780,0,317.8,0.0,158.9,,-31780,-317.8,-100.0,,,-31780,,,-317.8
2017,auto,c6053fedf40a0bc4b96372c4fe9e14dc,auto,c6053fedf40a0bc4b96372c4fe9e14dc,仅5月销售,1,0,16990,0,169.9,0.0,169.9,,-16990,-169.9,-100.0,,,-16990,,,-169.9
2017,home_appliances,c6147d11c322b6a63f0cdd8722be9477,home_appliances,c6147d11c322b6a63f0cdd8722be9477,两月均有销量,1,1,3400,3400,34.0,34.0,34.0,34.0,0,0.0,0.0,0,0,,0.0,0.0,
2017,computers_accessories,c629f814c92825a1e5ec157ce8a25bd9,computers_accessories,c629f814c92825a1e5ec157ce8a25bd9,仅6月销售,0,5,0,18450,0.0,184.5,,36.9,18450,184.5,,,,18450,,,184.5
2017,sports_leisure,c6336fa91fbd87c359e44f5dca5a90ed,sports_leisure,c6336fa91fbd87c359e44f5dca5a90ed,仅6月销售,0,7,0,27930,0.0,279.3,,39.9,27930,279.3,,,,27930,,,279.3
2017,(unknown),c638e232871cb1e760eaa7e724bc3eb2,(unknown),c638e232871cb1e760eaa7e724bc3eb2,仅5月销售,2,0,39000,0,390.0,0.0,195.0,,-39000,-390.0,-100.0,,,-39000,,,-390.0
2017,furniture_decor,c64490cdfe40f9e25abd222c541a06f0,furniture_decor,c64490cdfe40f9e25abd222c541a06f0,仅5月销售,1,0,5990,0,59.9,0.0,59.9,,-5990,-59.9,-100.0,,,-5990,,,-59.9
2017,computers_accessories,c6745a1ce132f8dc5f38829c6fb67eba,computers_accessories,c6745a1ce132f8dc5f38829c6fb67eba,两月均有销量,1,1,3599,3599,35.99,35.99,35.99,35.99,0,0.0,0.0,0,0,,0.0,0.0,
2017,garden_tools,c681df24c54f79b5eab51e15b603abf8,garden_tools,c681df24c54f79b5eab51e15b603abf8,仅5月销售,1,0,2828,0,28.28,0.0,28.28,,-2828,-28.28,-100.0,,,-2828,,,-28.28
2017,bed_bath_table,c689470c5a069795896edc7b896d9251,bed_bath_table,c689470c5a069795896edc7b896d9251,仅5月销售,5,0,24950,0,249.5,0.0,49.9,,-24950,-249.5,-100.0,,,-24950,,,-249.5
2017,bed_bath_table,c68fdf078b3ec0596bbc5c7ac409e458,bed_bath_table,c68fdf078b3ec0596bbc5c7ac409e458,仅6月销售,0,1,0,3190,0.0,31.9,,31.9,3190,31.9,,,,3190,,,31.9
2017,toys,c69ba46dec8f8fe69ba08a6e8cc6ef05,toys,c69ba46dec8f8fe69ba08a6e8cc6ef05,仅5月销售,1,0,14490,0,144.9,0.0,144.9,,-14490,-144.9,-100.0,,,-14490,,,-144.9
2017,auto,c69dd9ac363d46d6e2ce4b11a0ee164b,auto,c69dd9ac363d46d6e2ce4b11a0ee164b,两月均有销量,1,1,6900,6900,69.0,69.0,69.0,69.0,0,0.0,0.0,0,0,,0.0,0.0,
2017,auto,c69ee3d090e5c25f7e8633b164fc001b,auto,c69ee3d090e5c25f7e8633b164fc001b,仅6月销售,0,1,0,9000,0.0,90.0,,90.0,9000,90.0,,,,9000,,,90.0
2017,bed_bath_table,c6b0d66ba7993cb94d4a19d1578ba802,bed_bath_table,c6b0d66ba7993cb94d4a19d1578ba802,仅5月销售,1,0,6999,0,69.99,0.0,69.99,,-6999,-69.99,-100.0,,,-6999,,,-69.99
2017,home_confort,c6bf8cc852eee5c4ab264e792a9c23a1,home_confort,c6bf8cc852eee5c4ab264e792a9c23a1,两月均有销量,2,1,2800,1400,28.0,14.0,14.0,14.0,-1400,-14.0,-50.0,-1400,0,,-14.0,0.0,
2017,cool_stuff,c6dd917a0be2a704582055949915ab32,cool_stuff,c6dd917a0be2a704582055949915ab32,两月均有销量,22,14,219978,139986,2199.78,1399.86,99.99,99.99,-79992,-799.92,-36.36363636363637,-79992,0,,-799.92,0.0,
2017,cool_stuff,c6e513054b982283c1cbbb2a45d02d83,cool_stuff,c6e513054b982283c1cbbb2a45d02d83,两月均有销量,2,1,6380,3190,63.8,31.9,31.9,31.9,-3190,-31.9,-50.0,-3190,0,,-31.9,0.0,
2017,bed_bath_table,c6ea63369936552872ae890c82175b4b,bed_bath_table,c6ea63369936552872ae890c82175b4b,两月均有销量,2,11,45000,239496,450.0,2394.96,225.0,217.72363636363636,194496,1944.96,432.2133333333333,199226,-4730,,1992.26,-47.3,
2017,watches_gifts,c6edce374ec89184d740f3e674add5f4,watches_gifts,c6edce374ec89184d740f3e674add5f4,仅6月销售,0,1,0,99999,0.0,999.99,,999.99,99999,999.99,,,,99999,,,999.99
2017,furniture_decor,c6f46351ae5ae5a6d75ab14996584ce1,furniture_decor,c6f46351ae5ae5a6d75ab14996584ce1,仅6月销售,0,3,0,14700,0.0,147.0,,49.0,14700,147.0,,,,14700,,,147.0
2017,fashion_bags_accessories,c703e384a7fabd713992454d68e37d46,fashion_bags_accessories,c703e384a7fabd713992454d68e37d46,仅6月销售,0,1,0,6990,0.0,69.9,,69.9,6990,69.9,,,,6990,,,69.9
2017,watches_gifts,c708ba7c6269161f89ce0683cdd7c432,watches_gifts,c708ba7c6269161f89ce0683cdd7c432,仅5月销售,3,0,14700,0,147.0,0.0,49.0,,-14700,-147.0,-100.0,,,-14700,,,-147.0
2017,electronics,c71a9c53596bf311acd9e298a0b3dc42,electronics,c71a9c53596bf311acd9e298a0b3dc42,仅6月销售,0,2,0,2180,0.0,21.8,,10.9,2180,21.8,,,,2180,,,21.8
2017,auto,c73628b1c3144b2e0c9c88072f21a213,auto,c73628b1c3144b2e0c9c88072f21a213,两月均有销量,6,8,59400,79200,594.0,792.0,99.0,99.0,19800,198.0,33.333333333333336,19800,0,,198.0,0.0,
2017,agro_industry_and_commerce,c75a6578b6475cf760d40cb340b3971c,agro_industry_and_commerce,c75a6578b6475cf760d40cb340b3971c,仅5月销售,1,0,58999,0,589.99,0.0,589.99,,-58999,-589.99,-100.0,,,-58999,,,-589.99
2017,pet_shop,c76a2c67b75f1bf675d2c86157537910,pet_shop,c76a2c67b75f1bf675d2c86157537910,仅6月销售,0,1,0,15999,0.0,159.99,,159.99,15999,159.99,,,,15999,,,159.99
2017,cool_stuff,c76ce8f19e21cfc8226f0551ed5da750,cool_stuff,c76ce8f19e21cfc8226f0551ed5da750,仅5月销售,2,0,39998,0,399.98,0.0,199.99,,-39998,-399.98,-100.0,,,-39998,,,-399.98
2017,cool_stuff,c77abc8a8f4b7b1aa8a9bcdb48fdcf3a,cool_stuff,c77abc8a8f4b7b1aa8a9bcdb48fdcf3a,仅6月销售,0,1,0,12999,0.0,129.99,,129.99,12999,129.99,,,,12999,,,129.99
2017,baby,c781fcf450227132b560b10bbd2ed26b,baby,c781fcf450227132b560b10bbd2ed26b,两月均有销量,1,1,2990,2990,29.9,29.9,29.9,29.9,0,0.0,0.0,0,0,,0.0,0.0,
2017,(unknown),c7858457bc43561ccb96aaa2932cb085,(unknown),c7858457bc43561ccb96aaa2932cb085,仅5月销售,1,0,27990,0,279.9,0.0,279.9,,-27990,-279.9,-100.0,,,-27990,,,-279.9
2017,luggage_accessories,c7b3cf9de7be95b3e09e7a63315685eb,luggage_accessories,c7b3cf9de7be95b3e09e7a63315685eb,仅5月销售,6,0,47940,0,479.4,0.0,79.9,,-47940,-479.4,-100.0,,,-47940,,,-479.4
2017,costruction_tools_tools,c7bf71951a3b1bb4af307ab6650da6d2,costruction_tools_tools,c7bf71951a3b1bb4af307ab6650da6d2,仅5月销售,1,0,7490,0,74.9,0.0,74.9,,-7490,-74.9,-100.0,,,-7490,,,-74.9
2017,housewares,c7c4e24200f7071aecf4a052fadb9473,housewares,c7c4e24200f7071aecf4a052fadb9473,仅6月销售,0,1,0,10990,0.0,109.9,,109.9,10990,109.9,,,,10990,,,109.9
2017,sports_leisure,c7d5122ecf640a6affc29798267e5924,sports_leisure,c7d5122ecf640a6affc29798267e5924,仅5月销售,2,0,32400,0,324.0,0.0,162.0,,-32400,-324.0,-100.0,,,-32400,,,-324.0
2017,health_beauty,c7db42c313bd0a455af61d77976dce18,health_beauty,c7db42c313bd0a455af61d77976dce18,仅5月销售,1,0,4999,0,49.99,0.0,49.99,,-4999,-49.99,-100.0,,,-4999,,,-49.99
2017,bed_bath_table,c816e7f68945b875d70f82b82f7b0495,bed_bath_table,c816e7f68945b875d70f82b82f7b0495,仅6月销售,0,1,0,11858,0.0,118.58,,118.58,11858,118.58,,,,11858,,,118.58
2017,costruction_tools_garden,c8194120cffeb4eea08d08e91ed1d284,costruction_tools_garden,c8194120cffeb4eea08d08e91ed1d284,仅5月销售,2,0,119980,0,1199.8,0.0,599.9,,-119980,-1199.8,-100.0,,,-119980,,,-1199.8
2017,dvds_blu_ray,c82cf18016c429035d415a45a1546652,dvds_blu_ray,c82cf18016c429035d415a45a1546652,两月均有销量,1,1,1990,1990,19.9,19.9,19.9,19.9,0,0.0,0.0,0,0,,0.0,0.0,
2017,pet_shop,c82e581a3ec7e992cd06723b0caae96f,pet_shop,c82e581a3ec7e992cd06723b0caae96f,仅5月销售,3,0,4197,0,41.97,0.0,13.99,,-4197,-41.97,-100.0,,,-4197,,,-41.97
2017,furniture_decor,c857b96593773e940454e76efa8eabb3,furniture_decor,c857b96593773e940454e76efa8eabb3,两月均有销量,4,8,23960,43020,239.6,430.2,59.9,53.775,19060,190.6,79.54924874791318,22735,-3675,,227.35,-36.75,
2017,auto,c858372eb8a0a3a6aa697701ade01698,auto,c858372eb8a0a3a6aa697701ade01698,仅5月销售,1,0,5999,0,59.99,0.0,59.99,,-5999,-59.99,-100.0,,,-5999,,,-59.99
2017,sports_leisure,c85df3adf4b059fd3292eb6530c9a598,sports_leisure,c85df3adf4b059fd3292eb6530c9a598,仅5月销售,1,0,7999,0,79.99,0.0,79.99,,-7999,-79.99,-100.0,,,-7999,,,-79.99
2017,auto,c8a3354f3676a68d1d990112ee5f2b5a,auto,c8a3354f3676a68d1d990112ee5f2b5a,仅5月销售,2,0,4974,0,49.74,0.0,24.87,,-4974,-49.74,-100.0,,,-4974,,,-49.74
2017,bed_bath_table,c8aa3a6754ab1ad362858eca26f58c8b,bed_bath_table,c8aa3a6754ab1ad362858eca26f58c8b,仅5月销售,1,0,21000,0,210.0,0.0,210.0,,-21000,-210.0,-100.0,,,-21000,,,-210.0
2017,sports_leisure,c8abdbe349a97073e7aebc795be55bd8,sports_leisure,c8abdbe349a97073e7aebc795be55bd8,仅6月销售,0,1,0,10590,0.0,105.9,,105.9,10590,105.9,,,,10590,,,105.9
2017,health_beauty,c8d415e06ebd7a37c7a5b4a18641ca11,health_beauty,c8d415e06ebd7a37c7a5b4a18641ca11,仅6月销售,0,4,0,17392,0.0,173.92,,43.48,17392,173.92,,,,17392,,,173.92
2017,telephony,c8d90cfcce13c0471dc483876a080e87,telephony,c8d90cfcce13c0471dc483876a080e87,仅5月销售,1,0,1799,0,17.99,0.0,17.99,,-1799,-17.99,-100.0,,,-1799,,,-17.99
2017,pet_shop,c8dc26795ea2ee96f3fa57453cd7667e,pet_shop,c8dc26795ea2ee96f3fa57453cd7667e,仅6月销售,0,2,0,2598,0.0,25.98,,12.99,2598,25.98,,,,2598,,,25.98
2017,luggage_accessories,c8e902a9fd219512cc3fc5353a829e8a,luggage_accessories,c8e902a9fd219512cc3fc5353a829e8a,仅6月销售,0,1,0,3675,0.0,36.75,,36.75,3675,36.75,,,,3675,,,36.75
2017,cool_stuff,c8f47078677998140708abd3c0aa15ec,cool_stuff,c8f47078677998140708abd3c0aa15ec,仅6月销售,0,2,0,43998,0.0,439.98,,219.99,43998,439.98,,,,43998,,,439.98
2017,garden_tools,c91c24a6ec3aa0059e69656c4677e84d,garden_tools,c91c24a6ec3aa0059e69656c4677e84d,仅6月销售,0,1,0,20199,0.0,201.99,,201.99,20199,201.99,,,,20199,,,201.99
2017,luggage_accessories,c92f0e7b9d49a9543558d6532772441b,luggage_accessories,c92f0e7b9d49a9543558d6532772441b,两月均有销量,4,3,55960,41970,559.6,419.7,139.9,139.9,-13990,-139.9,-25.0,-13990,0,,-139.9,0.0,
2017,dvds_blu_ray,c9316b04fcac70510dfc554e184e35f8,dvds_blu_ray,c9316b04fcac70510dfc554e184e35f8,仅5月销售,1,0,1990,0,19.9,0.0,19.9,,-1990,-19.9,-100.0,,,-1990,,,-19.9
2017,furniture_living_room,c94d19d021d4a8fbae5a45f904aeea90,furniture_living_room,c94d19d021d4a8fbae5a45f904aeea90,两月均有销量,4,2,41588,21894,415.88,218.94,103.97,109.47,-19694,-196.94,-47.3550062518034,-21344,1650,,-213.44,16.5,
2017,housewares,c9793dc710a46a74473907034c12567a,housewares,c9793dc710a46a74473907034c12567a,仅5月销售,1,0,9795,0,97.95,0.0,97.95,,-9795,-97.95,-100.0,,,-9795,,,-97.95
2017,computers_accessories,c9bd28e8a4220af0723c7b7f97778681,computers_accessories,c9bd28e8a4220af0723c7b7f97778681,仅5月销售,1,0,12990,0,129.9,0.0,129.9,,-12990,-129.9,-100.0,,,-12990,,,-129.9
2017,sports_leisure,c9c455f9fd8ca66d3ff7f90a249753b4,sports_leisure,c9c455f9fd8ca66d3ff7f90a249753b4,仅5月销售,1,0,10995,0,109.95,0.0,109.95,,-10995,-109.95,-100.0,,,-10995,,,-109.95
2017,housewares,c9d1849f97b6fe404378805a105d64ec,housewares,c9d1849f97b6fe404378805a105d64ec,仅5月销售,1,0,8990,0,89.9,0.0,89.9,,-8990,-89.9,-100.0,,,-8990,,,-89.9
2017,toys,c9dcb2deb4a49214eb9e72aafd096eef,toys,c9dcb2deb4a49214eb9e72aafd096eef,仅6月销售,0,1,0,14990,0.0,149.9,,149.9,14990,149.9,,,,14990,,,149.9
2017,auto,c9ebe753fbd9c87520f80b50fd3baa40,auto,c9ebe753fbd9c87520f80b50fd3baa40,仅6月销售,0,1,0,8000,0.0,80.0,,80.0,8000,80.0,,,,8000,,,80.0
2017,health_beauty,c9f62bee5c17494edcb5c3f3f56d75ad,health_beauty,c9f62bee5c17494edcb5c3f3f56d75ad,仅5月销售,1,0,16000,0,160.0,0.0,160.0,,-16000,-160.0,-100.0,,,-16000,,,-160.0
2017,home_confort,ca0019454bd5ddca0f4022fe89f6557a,home_confort,ca0019454bd5ddca0f4022fe89f6557a,仅6月销售,0,1,0,29900,0.0,299.0,,299.0,29900,299.0,,,,29900,,,299.0
2017,computers_accessories,ca152649b43c4c6081853d9421c59869,computers_accessories,ca152649b43c4c6081853d9421c59869,两月均有销量,1,2,3890,7780,38.9,77.8,38.9,38.9,3890,38.9,100.0,3890,0,,38.9,0.0,
2017,bed_bath_table,ca169d8dceee80e88508bc636a2aac96,bed_bath_table,ca169d8dceee80e88508bc636a2aac96,仅5月销售,1,0,11490,0,114.9,0.0,114.9,,-11490,-114.9,-100.0,,,-11490,,,-114.9
2017,(unknown),ca26080d8f0fa848c329fe732f5e34e8,(unknown),ca26080d8f0fa848c329fe732f5e34e8,仅5月销售,1,0,18899,0,188.99,0.0,188.99,,-18899,-188.99,-100.0,,,-18899,,,-188.99
2017,health_beauty,ca38c039b717207dec906f4fa9a21db7,health_beauty,ca38c039b717207dec906f4fa9a21db7,仅6月销售,0,2,0,37998,0.0,379.98,,189.99,37998,379.98,,,,37998,,,379.98
2017,fashion_bags_accessories,ca4a58d8a97a4e1c5822292d4cfcb4b6,fashion_bags_accessories,ca4a58d8a97a4e1c5822292d4cfcb4b6,仅5月销售,1,0,4999,0,49.99,0.0,49.99,,-4999,-49.99,-100.0,,,-4999,,,-49.99
2017,books_general_interest,ca6d10d1487b13988e0241beaa7fa089,books_general_interest,ca6d10d1487b13988e0241beaa7fa089,仅5月销售,3,0,38950,0,389.5,0.0,129.83333333333334,,-38950,-389.5,-100.0,,,-38950,,,-389.5
2017,bed_bath_table,ca815d1a82897d9d4503e2e367931d03,bed_bath_table,ca815d1a82897d9d4503e2e367931d03,仅6月销售,0,1,0,11999,0.0,119.99,,119.99,11999,119.99,,,,11999,,,119.99
2017,computers_accessories,ca86b9fe16e12de698c955aedff0aea2,computers_accessories,ca86b9fe16e12de698c955aedff0aea2,两月均有销量,1,1,34900,34900,349.0,349.0,349.0,349.0,0,0.0,0.0,0,0,,0.0,0.0,
2017,fashion_bags_accessories,ca8900ebdc7a2b907753dd3bf2672e19,fashion_bags_accessories,ca8900ebdc7a2b907753dd3bf2672e19,仅5月销售,1,0,1990,0,19.9,0.0,19.9,,-1990,-19.9,-100.0,,,-1990,,,-19.9
2017,fashion_shoes,ca92f5c2276bfd491db575cd9de5a70d,fashion_shoes,ca92f5c2276bfd491db575cd9de5a70d,仅6月销售,0,1,0,7182,0.0,71.82,,71.82,7182,71.82,,,,7182,,,71.82
2017,furniture_decor,ca9b2caa4f7ec65aeda5825e09dcf99c,furniture_decor,ca9b2caa4f7ec65aeda5825e09dcf99c,仅5月销售,1,0,5990,0,59.9,0.0,59.9,,-5990,-59.9,-100.0,,,-5990,,,-59.9
2017,furniture_decor,caaae4f9fe7a77459a25c4f4ef0945e1,furniture_decor,caaae4f9fe7a77459a25c4f4ef0945e1,仅6月销售,0,1,0,11900,0.0,119.0,,119.0,11900,119.0,,,,11900,,,119.0
2017,(unknown),cae7a908351ea0b7acb0086a51f6f565,(unknown),cae7a908351ea0b7acb0086a51f6f565,仅6月销售,0,1,0,3499,0.0,34.99,,34.99,3499,34.99,,,,3499,,,34.99
2017,furniture_living_room,caf9add3dcd98d688be0064d9faf65b1,furniture_living_room,caf9add3dcd98d688be0064d9faf65b1,仅6月销售,0,1,0,4990,0.0,49.9,,49.9,4990,49.9,,,,4990,,,49.9
2017,housewares,cb035acb0af5f79c8ebad476b968574a,housewares,cb035acb0af5f79c8ebad476b968574a,仅5月销售,4,0,19600,0,196.0,0.0,49.0,,-19600,-196.0,-100.0,,,-19600,,,-196.0
2017,garden_tools,cb03e4f0503f45854e87afe535e0681d,garden_tools,cb03e4f0503f45854e87afe535e0681d,仅6月销售,0,1,0,32900,0.0,329.0,,329.0,32900,329.0,,,,32900,,,329.0
2017,sports_leisure,cb26d15d1b6eabaac7c0803774245884,sports_leisure,cb26d15d1b6eabaac7c0803774245884,两月均有销量,1,2,96600,186500,966.0,1865.0,966.0,932.5,89900,899.0,93.06418219461698,94925,-5025,,949.25,-50.25,
2017,musical_instruments,cb428376d66b5e216d2ef9f3b27fc172,musical_instruments,cb428376d66b5e216d2ef9f3b27fc172,仅6月销售,0,1,0,37900,0.0,379.0,,379.0,37900,379.0,,,,37900,,,379.0
2017,electronics,cb43c6e1c451902b51f4f4ff512302df,electronics,cb43c6e1c451902b51f4f4ff512302df,仅6月销售,0,1,0,4549,0.0,45.49,,45.49,4549,45.49,,,,4549,,,45.49
2017,luggage_accessories,cb584c49f570fef84e71a4297652bd48,luggage_accessories,cb584c49f570fef84e71a4297652bd48,两月均有销量,2,1,32132,17433,321.32,174.33,160.66,174.33,-14699,-146.99,-45.74567409436076,-16750,2051,,-167.5,20.51,
2017,toys,cb624905bc39979a816f8906c70bd6bb,toys,cb624905bc39979a816f8906c70bd6bb,仅6月销售,0,1,0,2420,0.0,24.2,,24.2,2420,24.2,,,,2420,,,24.2
2017,computers_accessories,cb6c1c21ebc9c153a7baf319c515657a,computers_accessories,cb6c1c21ebc9c153a7baf319c515657a,两月均有销量,2,1,6380,3190,63.8,31.9,31.9,31.9,-3190,-31.9,-50.0,-3190,0,,-31.9,0.0,
2017,housewares,cb6d69daafeddab34122e1de88e1274c,housewares,cb6d69daafeddab34122e1de88e1274c,仅5月销售,1,0,1594,0,15.94,0.0,15.94,,-1594,-15.94,-100.0,,,-1594,,,-15.94
2017,computers_accessories,cb71b23bd70b9df12843e4dfb9ed09c1,computers_accessories,cb71b23bd70b9df12843e4dfb9ed09c1,仅6月销售,0,1,0,2790,0.0,27.9,,27.9,2790,27.9,,,,2790,,,27.9
2017,fashion_bags_accessories,cb7433cfec8ba4a55092889fad62c6ed,fashion_bags_accessories,cb7433cfec8ba4a55092889fad62c6ed,仅6月销售,0,1,0,4500,0.0,45.0,,45.0,4500,45.0,,,,4500,,,45.0
2017,toys,cb74508159c5743a4fd58445a3038a95,toys,cb74508159c5743a4fd58445a3038a95,仅5月销售,1,0,13900,0,139.0,0.0,139.0,,-13900,-139.0,-100.0,,,-13900,,,-139.0
2017,fashion_male_clothing,cb745afa9f4712ffed17951799ff15a9,fashion_male_clothing,cb745afa9f4712ffed17951799ff15a9,仅6月销售,0,1,0,4550,0.0,45.5,,45.5,4550,45.5,,,,4550,,,45.5
2017,health_beauty,cb9650b0b86415106d480099a14b9d6d,health_beauty,cb9650b0b86415106d480099a14b9d6d,仅5月销售,1,0,5699,0,56.99,0.0,56.99,,-5699,-56.99,-100.0,,,-5699,,,-56.99
2017,toys,cb9d0035d58326e67764402c4379385d,toys,cb9d0035d58326e67764402c4379385d,仅5月销售,1,0,29590,0,295.9,0.0,295.9,,-29590,-295.9,-100.0,,,-29590,,,-295.9
2017,housewares,cbb19a48b2e1af46505ef400e9245c48,housewares,cbb19a48b2e1af46505ef400e9245c48,仅6月销售,0,5,0,9950,0.0,99.5,,19.9,9950,99.5,,,,9950,,,99.5
2017,office_furniture,cbbc2be2dd13b09f354a19a987e05924,office_furniture,cbbc2be2dd13b09f354a19a987e05924,仅5月销售,1,0,8999,0,89.99,0.0,89.99,,-8999,-89.99,-100.0,,,-8999,,,-89.99
2017,electronics,cbdcb07438032e11d74bbb913fbcd8a0,electronics,cbdcb07438032e11d74bbb913fbcd8a0,两月均有销量,1,1,15550,17500,155.5,175.0,155.5,175.0,1950,19.5,12.540192926045016,0,1950,,0.0,19.5,
2017,(unknown),cbe24747d52ccb72f4fd7190c41aff73,(unknown),cbe24747d52ccb72f4fd7190c41aff73,仅5月销售,1,0,1600,0,16.0,0.0,16.0,,-1600,-16.0,-100.0,,,-1600,,,-16.0
2017,garden_tools,cbed65dd852bda2f669945e36b28c580,garden_tools,cbed65dd852bda2f669945e36b28c580,仅5月销售,1,0,1999,0,19.99,0.0,19.99,,-1999,-19.99,-100.0,,,-1999,,,-19.99
2017,sports_leisure,cbefecd2f12e002078d38c62d665278f,sports_leisure,cbefecd2f12e002078d38c62d665278f,仅6月销售,0,2,0,2700,0.0,27.0,,13.5,2700,27.0,,,,2700,,,27.0
2017,industry_commerce_and_business,cc02ea01817f1cb21e6708bc19f1ee20,industry_commerce_and_business,cc02ea01817f1cb21e6708bc19f1ee20,仅6月销售,0,1,0,13100,0.0,131.0,,131.0,13100,131.0,,,,13100,,,131.0
2017,health_beauty,cc03fe412a0cde1ba3de9ebbce01adde,health_beauty,cc03fe412a0cde1ba3de9ebbce01adde,仅5月销售,1,0,13690,0,136.9,0.0,136.9,,-13690,-136.9,-100.0,,,-13690,,,-136.9
2017,telephony,cc158c284564106f4b668ae02389e2c3,telephony,cc158c284564106f4b668ae02389e2c3,仅5月销售,1,0,2199,0,21.99,0.0,21.99,,-2199,-21.99,-100.0,,,-2199,,,-21.99
2017,small_appliances,cc2232dbef2c9fca23f4c7f6a19a42e3,small_appliances,cc2232dbef2c9fca23f4c7f6a19a42e3,仅6月销售,0,2,0,3398,0.0,33.98,,16.99,3398,33.98,,,,3398,,,33.98
2017,cool_stuff,cc3fa983a53e9876a42790033f06a9ad,cool_stuff,cc3fa983a53e9876a42790033f06a9ad,仅5月销售,1,0,16990,0,169.9,0.0,169.9,,-16990,-169.9,-100.0,,,-16990,,,-169.9
2017,cool_stuff,cc47c0863559499f01b4cad750929d10,cool_stuff,cc47c0863559499f01b4cad750929d10,两月均有销量,1,1,19999,19999,199.99,199.99,199.99,199.99,0,0.0,0.0,0,0,,0.0,0.0,
2017,stationery,cc5c55b85ec65541272bea4b9895add4,stationery,cc5c55b85ec65541272bea4b9895add4,仅5月销售,1,0,5990,0,59.9,0.0,59.9,,-5990,-59.9,-100.0,,,-5990,,,-59.9
2017,sports_leisure,cc68bcd2a2720e95aef8b6cb71f62ed9,sports_leisure,cc68bcd2a2720e95aef8b6cb71f62ed9,两月均有销量,1,1,1733,1733,17.33,17.33,17.33,17.33,0,0.0,0.0,0,0,,0.0,0.0,
2017,fashion_sport,cc696680ea0cefcd5d7d5d928afb8de8,fashion_sport,cc696680ea0cefcd5d7d5d928afb8de8,仅5月销售,1,0,2499,0,24.99,0.0,24.99,,-2499,-24.99,-100.0,,,-2499,,,-24.99
2017,housewares,cc95f2435cc780a6992154d6a29ff226,housewares,cc95f2435cc780a6992154d6a29ff226,仅5月销售,1,0,16990,0,169.9,0.0,169.9,,-16990,-169.9,-100.0,,,-16990,,,-169.9
2017,cool_stuff,cc971e0365873137b8bef2ebad633e6f,cool_stuff,cc971e0365873137b8bef2ebad633e6f,两月均有销量,10,8,224990,183992,2249.9,1839.92,224.99,229.99,-40998,-409.98,-18.222143206364727,-45498,4500,,-454.98,45.0,
2017,watches_gifts,cca44f5c2c4c50a416b7ee155a58b2ba,watches_gifts,cca44f5c2c4c50a416b7ee155a58b2ba,仅6月销售,0,2,0,98408,0.0,984.08,,492.04,98408,984.08,,,,98408,,,984.08
2017,sports_leisure,ccb28ec14bd00f54ea07dcfdeb39e78e,sports_leisure,ccb28ec14bd00f54ea07dcfdeb39e78e,仅5月销售,1,0,29500,0,295.0,0.0,295.0,,-29500,-295.0,-100.0,,,-29500,,,-295.0
2017,health_beauty,ccd07b6f4549c05a7e7c2ede0569fe49,health_beauty,ccd07b6f4549c05a7e7c2ede0569fe49,仅6月销售,0,1,0,4000,0.0,40.0,,40.0,4000,40.0,,,,4000,,,40.0
2017,toys,ccd686475dbff77b93871eae4754526b,toys,ccd686475dbff77b93871eae4754526b,仅6月销售,0,1,0,17390,0.0,173.9,,173.9,17390,173.9,,,,17390,,,173.9
2017,health_beauty,ccdc2cdf7a30f11bbc65d90c630c5e86,health_beauty,ccdc2cdf7a30f11bbc65d90c630c5e86,仅5月销售,1,0,12999,0,129.99,0.0,129.99,,-12999,-129.99,-100.0,,,-12999,,,-129.99
2017,cool_stuff,cce5fb9f7c1ec276edfcf70741b519bb,cool_stuff,cce5fb9f7c1ec276edfcf70741b519bb,仅5月销售,1,0,28990,0,289.9,0.0,289.9,,-28990,-289.9,-100.0,,,-28990,,,-289.9
2017,bed_bath_table,cce679660c66e6fbd5c8091dfd29e9cd,bed_bath_table,cce679660c66e6fbd5c8091dfd29e9cd,仅5月销售,1,0,1790,0,17.9,0.0,17.9,,-1790,-17.9,-100.0,,,-1790,,,-17.9
2017,electronics,ccf4d6714c4e1c7ea8cf2783aa0373b5,electronics,ccf4d6714c4e1c7ea8cf2783aa0373b5,仅5月销售,1,0,4999,0,49.99,0.0,49.99,,-4999,-49.99,-100.0,,,-4999,,,-49.99
2017,fashion_bags_accessories,ccf8c7b526eed63003b48fc7825296fe,fashion_bags_accessories,ccf8c7b526eed63003b48fc7825296fe,两月均有销量,1,1,3100,3100,31.0,31.0,31.0,31.0,0,0.0,0.0,0,0,,0.0,0.0,
2017,watches_gifts,cd01322dc5017823eaa0744292c193cf,watches_gifts,cd01322dc5017823eaa0744292c193cf,仅5月销售,1,0,17999,0,179.99,0.0,179.99,,-17999,-179.99,-100.0,,,-17999,,,-179.99
2017,telephony,cd0c6e2f80f5a0ea7e366b01bcb66154,telephony,cd0c6e2f80f5a0ea7e366b01bcb66154,两月均有销量,5,2,8595,3398,85.95,33.98,17.19,16.99,-5197,-51.97,-60.46538685282141,-5127,-70,,-51.27,-0.7,
2017,sports_leisure,cd0efbe03468ba1f0f33c664b53747a9,sports_leisure,cd0efbe03468ba1f0f33c664b53747a9,仅6月销售,0,1,0,1733,0.0,17.33,,17.33,1733,17.33,,,,1733,,,17.33
2017,fashion_bags_accessories,cd2c03056720c7de4d6a59c1167bdee0,fashion_bags_accessories,cd2c03056720c7de4d6a59c1167bdee0,仅5月销售,1,0,7990,0,79.9,0.0,79.9,,-7990,-79.9,-100.0,,,-7990,,,-79.9
2017,bed_bath_table,cd32c1a6eb38dcf2a8afba626ed0172f,bed_bath_table,cd32c1a6eb38dcf2a8afba626ed0172f,仅5月销售,1,0,7990,0,79.9,0.0,79.9,,-7990,-79.9,-100.0,,,-7990,,,-79.9
2017,toys,cd373a878995ba438485406bc10d9c69,toys,cd373a878995ba438485406bc10d9c69,仅6月销售,0,1,0,4200,0.0,42.0,,42.0,4200,42.0,,,,4200,,,42.0
2017,fashion_shoes,cd3ec6ebbc74e6070297d45ca9dd62e9,fashion_shoes,cd3ec6ebbc74e6070297d45ca9dd62e9,仅6月销售,0,2,0,14364,0.0,143.64,,71.82,14364,143.64,,,,14364,,,143.64
2017,stationery,cd70dc78e373501fa925b1b3195404f2,stationery,cd70dc78e373501fa925b1b3195404f2,仅5月销售,1,0,3090,0,30.9,0.0,30.9,,-3090,-30.9,-100.0,,,-3090,,,-30.9
2017,bed_bath_table,cd82271424be9568801391194697361c,bed_bath_table,cd82271424be9568801391194697361c,两月均有销量,3,1,12570,4190,125.7,41.9,41.9,41.9,-8380,-83.8,-66.66666666666667,-8380,0,,-83.8,0.0,
2017,housewares,cda185193c72c0eb8dde03f20f101230,housewares,cda185193c72c0eb8dde03f20f101230,仅5月销售,3,0,20850,0,208.5,0.0,69.5,,-20850,-208.5,-100.0,,,-20850,,,-208.5
2017,bed_bath_table,cda960fc8a8987dd224a17dddfffdaa5,bed_bath_table,cda960fc8a8987dd224a17dddfffdaa5,仅6月销售,0,1,0,2599,0.0,25.99,,25.99,2599,25.99,,,,2599,,,25.99
2017,health_beauty,cdb8d3c880b6639a70764c6734e6bb69,health_beauty,cdb8d3c880b6639a70764c6734e6bb69,仅6月销售,0,1,0,6600,0.0,66.0,,66.0,6600,66.0,,,,6600,,,66.0
2017,housewares,cdba44bccdafa757b44f7f41b70f4e23,housewares,cdba44bccdafa757b44f7f41b70f4e23,仅5月销售,2,0,30544,0,305.44,0.0,152.72,,-30544,-305.44,-100.0,,,-30544,,,-305.44
2017,watches_gifts,cdc4af478fef19f03f1d0353c00271cd,watches_gifts,cdc4af478fef19f03f1d0353c00271cd,仅6月销售,0,2,0,3980,0.0,39.8,,19.9,3980,39.8,,,,3980,,,39.8
2017,bed_bath_table,cdc67f292e1e8ca492ec7b16ab5bf299,bed_bath_table,cdc67f292e1e8ca492ec7b16ab5bf299,仅6月销售,0,1,0,12070,0.0,120.7,,120.7,12070,120.7,,,,12070,,,120.7
2017,watches_gifts,cdd0b7472213e44df3b48e96f8deee74,watches_gifts,cdd0b7472213e44df3b48e96f8deee74,仅5月销售,1,0,5499,0,54.99,0.0,54.99,,-5499,-54.99,-100.0,,,-5499,,,-54.99
2017,sports_leisure,cddf971ea646c184a153eb3899113d5e,sports_leisure,cddf971ea646c184a153eb3899113d5e,仅5月销售,2,0,4140,0,41.4,0.0,20.7,,-4140,-41.4,-100.0,,,-4140,,,-41.4
2017,baby,cde89c19bf58d71bc836b1495a5ff123,baby,cde89c19bf58d71bc836b1495a5ff123,仅6月销售,0,1,0,5000,0.0,50.0,,50.0,5000,50.0,,,,5000,,,50.0
2017,computers_accessories,cdeefdce9704b2a961a01e89b1f19e7b,computers_accessories,cdeefdce9704b2a961a01e89b1f19e7b,仅5月销售,3,0,72105,0,721.05,0.0,240.35,,-72105,-721.05,-100.0,,,-72105,,,-721.05
2017,bed_bath_table,ce003d873dc7d3c9482b894f2f2cc3e3,bed_bath_table,ce003d873dc7d3c9482b894f2f2cc3e3,两月均有销量,1,1,3699,3699,36.99,36.99,36.99,36.99,0,0.0,0.0,0,0,,0.0,0.0,
2017,sports_leisure,ce066f4a83649651549d717c9b566816,sports_leisure,ce066f4a83649651549d717c9b566816,两月均有销量,2,1,13980,6990,139.8,69.9,69.9,69.9,-6990,-69.9,-50.0,-6990,0,,-69.9,0.0,
2017,dvds_blu_ray,ce11f5eb434bd8e7c26fdfaf25a0b167,dvds_blu_ray,ce11f5eb434bd8e7c26fdfaf25a0b167,仅5月销售,1,0,1990,0,19.9,0.0,19.9,,-1990,-19.9,-100.0,,,-1990,,,-19.9
2017,bed_bath_table,ce28d6520fdd554a54b818fce6ed0808,bed_bath_table,ce28d6520fdd554a54b818fce6ed0808,仅5月销售,1,0,5990,0,59.9,0.0,59.9,,-5990,-59.9,-100.0,,,-5990,,,-59.9
2017,telephony,ce374bee07166a6ac0a9bb103c8046f0,telephony,ce374bee07166a6ac0a9bb103c8046f0,仅5月销售,1,0,14900,0,149.0,0.0,149.0,,-14900,-149.0,-100.0,,,-14900,,,-149.0
2017,fashion_bags_accessories,ce710fd2f106cf7570a07aa47ee7395b,fashion_bags_accessories,ce710fd2f106cf7570a07aa47ee7395b,仅5月销售,1,0,89900,0,899.0,0.0,899.0,,-89900,-899.0,-100.0,,,-89900,,,-899.0
2017,bed_bath_table,ce846b23f06e1c42afbc68efc1d35b82,bed_bath_table,ce846b23f06e1c42afbc68efc1d35b82,仅6月销售,0,1,0,5699,0.0,56.99,,56.99,5699,56.99,,,,5699,,,56.99
2017,housewares,ce9b5e2f3503d1142f9c9866db452633,housewares,ce9b5e2f3503d1142f9c9866db452633,仅5月销售,2,0,11980,0,119.8,0.0,59.9,,-11980,-119.8,-100.0,,,-11980,,,-119.8
2017,auto,cea3e34396621bb2677f5969c11316bc,auto,cea3e34396621bb2677f5969c11316bc,仅6月销售,0,1,0,15575,0.0,155.75,,155.75,15575,155.75,,,,15575,,,155.75
2017,health_beauty,ceb9134650bd7cae74affc51800f309a,health_beauty,ceb9134650bd7cae74affc51800f309a,仅5月销售,1,0,12990,0,129.9,0.0,129.9,,-12990,-129.9,-100.0,,,-12990,,,-129.9
2017,sports_leisure,cec09725da5ed01471d9a505e7389d37,sports_leisure,cec09725da5ed01471d9a505e7389d37,两月均有销量,9,8,60910,55920,609.1,559.2,67.67777777777778,69.9,-4990,-49.9,-8.192415038581514,-6879,1889,,-68.79,18.89,
2017,computers_accessories,cedf309ce95b4a69d153dd219dd1cef8,computers_accessories,cedf309ce95b4a69d153dd219dd1cef8,两月均有销量,1,1,4990,4690,49.9,46.9,49.9,46.9,-300,-3.0,-6.012024048096192,0,-300,,0.0,-3.0,
2017,auto,cf06bd732f93e9b3780b28268b740d8c,auto,cf06bd732f93e9b3780b28268b740d8c,仅5月销售,1,0,6999,0,69.99,0.0,69.99,,-6999,-69.99,-100.0,,,-6999,,,-69.99
2017,telephony,cf0d29a0ea1464f4c3e5594d0746c51b,telephony,cf0d29a0ea1464f4c3e5594d0746c51b,仅5月销售,1,0,1890,0,18.9,0.0,18.9,,-1890,-18.9,-100.0,,,-1890,,,-18.9
2017,market_place,cf1d8e226162a1d0ad61f29b7ed72d82,market_place,cf1d8e226162a1d0ad61f29b7ed72d82,仅5月销售,2,0,5200,0,52.0,0.0,26.0,,-5200,-52.0,-100.0,,,-5200,,,-52.0
2017,perfumery,cf45cea95e6b4d46e80fe098eda10c8f,perfumery,cf45cea95e6b4d46e80fe098eda10c8f,仅5月销售,2,0,16998,0,169.98,0.0,84.99,,-16998,-169.98,-100.0,,,-16998,,,-169.98
2017,bed_bath_table,cf583a690e5ac989acc4694f35093975,bed_bath_table,cf583a690e5ac989acc4694f35093975,仅5月销售,1,0,1990,0,19.9,0.0,19.9,,-1990,-19.9,-100.0,,,-1990,,,-19.9
2017,bed_bath_table,cf6514025ef5d3a93d69d2a7bfa4036b,bed_bath_table,cf6514025ef5d3a93d69d2a7bfa4036b,仅5月销售,1,0,1790,0,17.9,0.0,17.9,,-1790,-17.9,-100.0,,,-1790,,,-17.9
2017,furniture_decor,cf78006a2a6b0429b9663edd99bb38f9,furniture_decor,cf78006a2a6b0429b9663edd99bb38f9,仅6月销售,0,2,0,59998,0.0,599.98,,299.99,59998,599.98,,,,59998,,,599.98
2017,watches_gifts,cf8587a915960e2a8b57c5db574239ad,watches_gifts,cf8587a915960e2a8b57c5db574239ad,仅5月销售,1,0,96160,0,961.6,0.0,961.6,,-96160,-961.6,-100.0,,,-96160,,,-961.6
2017,bed_bath_table,cf8c83ef74f69705d1bec196473b1b45,bed_bath_table,cf8c83ef74f69705d1bec196473b1b45,两月均有销量,2,1,4000,2000,40.0,20.0,20.0,20.0,-2000,-20.0,-50.0,-2000,0,,-20.0,0.0,
2017,bed_bath_table,cfa2bd05555fbec9767d053b9e457d0d,bed_bath_table,cfa2bd05555fbec9767d053b9e457d0d,仅6月销售,0,1,0,7074,0.0,70.74,,70.74,7074,70.74,,,,7074,,,70.74
2017,bed_bath_table,cfb763496d9fc48751a27db4fd02aa2d,bed_bath_table,cfb763496d9fc48751a27db4fd02aa2d,仅6月销售,0,2,0,9990,0.0,99.9,,49.95,9990,99.9,,,,9990,,,99.9
2017,musical_instruments,cfc37213adcf7bc0a35084f70a312b13,musical_instruments,cfc37213adcf7bc0a35084f70a312b13,仅5月销售,1,0,47990,0,479.9,0.0,479.9,,-47990,-479.9,-100.0,,,-47990,,,-479.9
2017,health_beauty,cfd414b4463647f58c7775eaae06893d,health_beauty,cfd414b4463647f58c7775eaae06893d,两月均有销量,2,2,19780,19780,197.8,197.8,98.9,98.9,0,0.0,0.0,0,0,,0.0,0.0,
2017,cool_stuff,cfd652b39b87b4e06cf4ea106a32db47,cool_stuff,cfd652b39b87b4e06cf4ea106a32db47,两月均有销量,1,2,11999,23998,119.99,239.98,119.99,119.99,11999,119.99,100.0,11999,0,,119.99,0.0,
2017,baby,cfe6e9c01d0bbb5df9a75f0e3286baa9,baby,cfe6e9c01d0bbb5df9a75f0e3286baa9,仅6月销售,0,3,0,33000,0.0,330.0,,110.0,33000,330.0,,,,33000,,,330.0
2017,housewares,d00f6c52d2730de05fb409f09ab6e732,housewares,d00f6c52d2730de05fb409f09ab6e732,两月均有销量,2,2,6980,6980,69.8,69.8,34.9,34.9,0,0.0,0.0,0,0,,0.0,0.0,
2017,stationery,d01361dc1752562049e33f0456109c7e,stationery,d01361dc1752562049e33f0456109c7e,仅5月销售,1,0,5990,0,59.9,0.0,59.9,,-5990,-59.9,-100.0,,,-5990,,,-59.9
2017,fashion_male_clothing,d0168e734683113fd73658071715084a,fashion_male_clothing,d0168e734683113fd73658071715084a,仅5月销售,2,0,22180,0,221.8,0.0,110.9,,-22180,-221.8,-100.0,,,-22180,,,-221.8
2017,fashion_bags_accessories,d017a2151d543a9885604dc62a3d9dcc,fashion_bags_accessories,d017a2151d543a9885604dc62a3d9dcc,两月均有销量,1,8,4900,39200,49.0,392.0,49.0,49.0,34300,343.0,700.0,34300,0,,343.0,0.0,
2017,sports_leisure,d018f2e6c1571b5b9aa3358c7b2261c9,sports_leisure,d018f2e6c1571b5b9aa3358c7b2261c9,仅5月销售,1,0,27290,0,272.9,0.0,272.9,,-27290,-272.9,-100.0,,,-27290,,,-272.9
2017,sports_leisure,d05d4a7430d1293367ba2ffbedcdef05,sports_leisure,d05d4a7430d1293367ba2ffbedcdef05,仅5月销售,1,0,179900,0,1799.0,0.0,1799.0,,-179900,-1799.0,-100.0,,,-179900,,,-1799.0
2017,office_furniture,d0877f0094337c414d23f5a3c7bad20c,office_furniture,d0877f0094337c414d23f5a3c7bad20c,仅5月销售,1,0,43000,0,430.0,0.0,430.0,,-43000,-430.0,-100.0,,,-43000,,,-430.0
2017,health_beauty,d0885d40d75c08cf3c44d7ae88897e11,health_beauty,d0885d40d75c08cf3c44d7ae88897e11,仅6月销售,0,1,0,11995,0.0,119.95,,119.95,11995,119.95,,,,11995,,,119.95
2017,housewares,d0a672bae47ae7c26b8e1e2ec152edcf,housewares,d0a672bae47ae7c26b8e1e2ec152edcf,两月均有销量,7,1,112430,14990,1124.3,149.9,160.6142857142857,149.9,-97440,-974.4,-86.66725962821312,-93154,-4286,,-931.54,-42.86,
2017,health_beauty,d0b183d64a31b20c18de673e6e1edd9d,health_beauty,d0b183d64a31b20c18de673e6e1edd9d,仅6月销售,0,1,0,7990,0.0,79.9,,79.9,7990,79.9,,,,7990,,,79.9
2017,books_general_interest,d0b9d3d449a97f582b325f11b512bfd2,books_general_interest,d0b9d3d449a97f582b325f11b512bfd2,仅5月销售,1,0,12490,0,124.9,0.0,124.9,,-12490,-124.9,-100.0,,,-12490,,,-124.9
2017,health_beauty,d0c7f4863cf1497a8bc855b8b09116bf,health_beauty,d0c7f4863cf1497a8bc855b8b09116bf,仅6月销售,0,1,0,8796,0.0,87.96,,87.96,8796,87.96,,,,8796,,,87.96
2017,bed_bath_table,d0efdc4a1cc12f88f6a290fda8861fa7,bed_bath_table,d0efdc4a1cc12f88f6a290fda8861fa7,仅6月销售,0,2,0,8000,0.0,80.0,,40.0,8000,80.0,,,,8000,,,80.0
2017,auto,d0fac709247e97e9b44a5351891ef9f3,auto,d0fac709247e97e9b44a5351891ef9f3,两月均有销量,1,1,4990,4490,49.9,44.9,49.9,44.9,-500,-5.0,-10.02004008016032,0,-500,,0.0,-5.0,
2017,computers_accessories,d0fe4295267f15ccaceac4fb233d8c9a,computers_accessories,d0fe4295267f15ccaceac4fb233d8c9a,两月均有销量,1,1,4990,4990,49.9,49.9,49.9,49.9,0,0.0,0.0,0,0,,0.0,0.0,
2017,furniture_decor,d0ff65b2782e494c2c5b66e19a6e2902,furniture_decor,d0ff65b2782e494c2c5b66e19a6e2902,仅6月销售,0,2,0,5920,0.0,59.2,,29.6,5920,59.2,,,,5920,,,59.2
2017,perfumery,d1040cea3114b6e9f7e2170dc39af1db,perfumery,d1040cea3114b6e9f7e2170dc39af1db,仅6月销售,0,1,0,4400,0.0,44.0,,44.0,4400,44.0,,,,4400,,,44.0
2017,watches_gifts,d1133fab4bf2da55f3ebdd4de51d8587,watches_gifts,d1133fab4bf2da55f3ebdd4de51d8587,仅6月销售,0,1,0,5699,0.0,56.99,,56.99,5699,56.99,,,,5699,,,56.99
2017,bed_bath_table,d1180aba69fb6030500e0f31034779e3,bed_bath_table,d1180aba69fb6030500e0f31034779e3,仅5月销售,1,0,4990,0,49.9,0.0,49.9,,-4990,-49.9,-100.0,,,-4990,,,-49.9
2017,furniture_living_room,d13816a79f03bf978283d80fbeae06f8,furniture_living_room,d13816a79f03bf978283d80fbeae06f8,仅5月销售,1,0,65500,0,655.0,0.0,655.0,,-65500,-655.0,-100.0,,,-65500,,,-655.0
2017,computers_accessories,d1793ff6ccc9b6845e09a4f376903274,computers_accessories,d1793ff6ccc9b6845e09a4f376903274,仅5月销售,1,0,999,0,9.99,0.0,9.99,,-999,-9.99,-100.0,,,-999,,,-9.99
2017,cool_stuff,d17fe0484ccf901623bfbcae6ab4aac8,cool_stuff,d17fe0484ccf901623bfbcae6ab4aac8,仅6月销售,0,2,0,2960,0.0,29.6,,14.8,2960,29.6,,,,2960,,,29.6
2017,stationery,d189fbf8b5d79a670cebcaaad68d77b2,stationery,d189fbf8b5d79a670cebcaaad68d77b2,仅5月销售,2,0,12980,0,129.8,0.0,64.9,,-12980,-129.8,-100.0,,,-12980,,,-129.8
2017,auto,d19d6968c8fa843da04bf9c9d23c312f,auto,d19d6968c8fa843da04bf9c9d23c312f,仅6月销售,0,1,0,8290,0.0,82.9,,82.9,8290,82.9,,,,8290,,,82.9
2017,computers_accessories,d1c427060a0f73f6b889a5c7c61f2ac4,computers_accessories,d1c427060a0f73f6b889a5c7c61f2ac4,仅6月销售,0,3,0,47997,0.0,479.97,,159.99,47997,479.97,,,,47997,,,479.97
2017,auto,d1e76288230900ffd92f91ef0fe1b509,auto,d1e76288230900ffd92f91ef0fe1b509,仅6月销售,0,2,0,11498,0.0,114.98,,57.49,11498,114.98,,,,11498,,,114.98
2017,housewares,d20f41d8b70e59cb4c63d68b1dcfc0a4,housewares,d20f41d8b70e59cb4c63d68b1dcfc0a4,仅6月销售,0,1,0,4290,0.0,42.9,,42.9,4290,42.9,,,,4290,,,42.9
2017,housewares,d239ed6ed6dabbcbfd8a3b776e1ca50c,housewares,d239ed6ed6dabbcbfd8a3b776e1ca50c,仅5月销售,1,0,33990,0,339.9,0.0,339.9,,-33990,-339.9,-100.0,,,-33990,,,-339.9
2017,furniture_decor,d249f9dc99c68bbd2e4301672e0f97c5,furniture_decor,d249f9dc99c68bbd2e4301672e0f97c5,仅5月销售,1,0,2490,0,24.9,0.0,24.9,,-2490,-24.9,-100.0,,,-2490,,,-24.9
2017,housewares,d25d3b1359378602e34e19ab2fab5c61,housewares,d25d3b1359378602e34e19ab2fab5c61,仅5月销售,1,0,7590,0,75.9,0.0,75.9,,-7590,-75.9,-100.0,,,-7590,,,-75.9
2017,housewares,d26580768894ea0cdc9f19dc672956c2,housewares,d26580768894ea0cdc9f19dc672956c2,两月均有销量,1,3,16999,50997,169.99,509.97,169.99,169.99,33998,339.98,200.0,33998,0,,339.98,0.0,
2017,computers_accessories,d267d19dabd3e26083fc8529fdc35ea3,computers_accessories,d267d19dabd3e26083fc8529fdc35ea3,仅5月销售,2,0,9998,0,99.98,0.0,49.99,,-9998,-99.98,-100.0,,,-9998,,,-99.98
2017,toys,d2806dfb8e3474bcba8b5bcd771ff12c,toys,d2806dfb8e3474bcba8b5bcd771ff12c,仅5月销售,1,0,16899,0,168.99,0.0,168.99,,-16899,-168.99,-100.0,,,-16899,,,-168.99
2017,sports_leisure,d2b0f9cd5e31ed47dbf92b157c0cda96,sports_leisure,d2b0f9cd5e31ed47dbf92b157c0cda96,仅5月销售,1,0,19000,0,190.0,0.0,190.0,,-19000,-190.0,-100.0,,,-19000,,,-190.0
2017,watches_gifts,d2e131d6f19ae0d665fc1a6c420b4f4c,watches_gifts,d2e131d6f19ae0d665fc1a6c420b4f4c,仅5月销售,2,0,156899,0,1568.99,0.0,784.495,,-156899,-1568.99,-100.0,,,-156899,,,-1568.99
2017,housewares,d2e1eee81b5ff42f0f1f4693e1182349,housewares,d2e1eee81b5ff42f0f1f4693e1182349,仅6月销售,0,1,0,2990,0.0,29.9,,29.9,2990,29.9,,,,2990,,,29.9
2017,computers_accessories,d2f5484cbffe4ca766301b21ab9246dd,computers_accessories,d2f5484cbffe4ca766301b21ab9246dd,仅5月销售,2,0,2576,0,25.76,0.0,12.88,,-2576,-25.76,-100.0,,,-2576,,,-25.76
2017,furniture_decor,d2f682fdb39628d58f64ca02d3cb580f,furniture_decor,d2f682fdb39628d58f64ca02d3cb580f,仅5月销售,1,0,7999,0,79.99,0.0,79.99,,-7999,-79.99,-100.0,,,-7999,,,-79.99
2017,housewares,d2f99bafeba89693c208b6f7a82168e5,housewares,d2f99bafeba89693c208b6f7a82168e5,仅6月销售,0,1,0,9090,0.0,90.9,,90.9,9090,90.9,,,,9090,,,90.9
2017,pet_shop,d3060c543b1b88a647cc284ed7a9dd4a,pet_shop,d3060c543b1b88a647cc284ed7a9dd4a,两月均有销量,1,5,10999,54995,109.99,549.95,109.99,109.99,43996,439.96,400.0,43996,0,,439.96,0.0,
2017,baby,d321d5e90b24cba895f0564fc3e15a84,baby,d321d5e90b24cba895f0564fc3e15a84,仅6月销售,0,2,0,11980,0.0,119.8,,59.9,11980,119.8,,,,11980,,,119.8
2017,watches_gifts,d3257d83b50d04301c9d969a0e2ec4ee,watches_gifts,d3257d83b50d04301c9d969a0e2ec4ee,仅5月销售,1,0,6900,0,69.0,0.0,69.0,,-6900,-69.0,-100.0,,,-6900,,,-69.0
2017,computers_accessories,d328fcf582df161878940a0edb77761a,computers_accessories,d328fcf582df161878940a0edb77761a,仅5月销售,1,0,5299,0,52.99,0.0,52.99,,-5299,-52.99,-100.0,,,-5299,,,-52.99
2017,furniture_decor,d32c445df9d36f1cdfc915ed14ee44cd,furniture_decor,d32c445df9d36f1cdfc915ed14ee44cd,仅5月销售,1,0,7390,0,73.9,0.0,73.9,,-7390,-73.9,-100.0,,,-7390,,,-73.9
2017,housewares,d34761aaa1f96394cd795fd65e9b68e2,housewares,d34761aaa1f96394cd795fd65e9b68e2,仅6月销售,0,1,0,2500,0.0,25.0,,25.0,2500,25.0,,,,2500,,,25.0
2017,housewares,d34efb58e1930773fcde9b951892b1b1,housewares,d34efb58e1930773fcde9b951892b1b1,仅6月销售,0,1,0,3740,0.0,37.4,,37.4,3740,37.4,,,,3740,,,37.4
2017,health_beauty,d357105bd504c78d8470ffd247747eab,health_beauty,d357105bd504c78d8470ffd247747eab,仅5月销售,1,0,1500,0,15.0,0.0,15.0,,-1500,-15.0,-100.0,,,-1500,,,-15.0
2017,sports_leisure,d370e908175e2f3b39bb7fd33fd4c530,sports_leisure,d370e908175e2f3b39bb7fd33fd4c530,仅6月销售,0,1,0,1999,0.0,19.99,,19.99,1999,19.99,,,,1999,,,19.99
2017,bed_bath_table,d3796e73f7d260e45f5d5b9dc1c5a7a1,bed_bath_table,d3796e73f7d260e45f5d5b9dc1c5a7a1,仅5月销售,1,0,13990,0,139.9,0.0,139.9,,-13990,-139.9,-100.0,,,-13990,,,-139.9
2017,stationery,d37abf50cce5bcd682830a357783622e,stationery,d37abf50cce5bcd682830a357783622e,两月均有销量,1,2,9790,19580,97.9,195.8,97.9,97.9,9790,97.9,100.0,9790,0,,97.9,0.0,
2017,watches_gifts,d389bacae4eb98af95b782dae3b7f03a,watches_gifts,d389bacae4eb98af95b782dae3b7f03a,仅5月销售,2,0,151800,0,1518.0,0.0,759.0,,-151800,-1518.0,-100.0,,,-151800,,,-1518.0
2017,auto,d38a6b2305a426ee95a1b270cafc39f1,auto,d38a6b2305a426ee95a1b270cafc39f1,仅5月销售,1,0,2479,0,24.79,0.0,24.79,,-2479,-24.79,-100.0,,,-2479,,,-24.79
2017,sports_leisure,d392a00a8d96150a649853d20d63e8ba,sports_leisure,d392a00a8d96150a649853d20d63e8ba,仅6月销售,0,2,0,27600,0.0,276.0,,138.0,27600,276.0,,,,27600,,,276.0
2017,toys,d3a45de279a0bde9b598a181bd2a9815,toys,d3a45de279a0bde9b598a181bd2a9815,仅5月销售,2,0,18980,0,189.8,0.0,94.9,,-18980,-189.8,-100.0,,,-18980,,,-189.8
2017,watches_gifts,d3a735e40a3d006beb83b9b0594d3765,watches_gifts,d3a735e40a3d006beb83b9b0594d3765,仅5月销售,1,0,19800,0,198.0,0.0,198.0,,-19800,-198.0,-100.0,,,-19800,,,-198.0
2017,bed_bath_table,d3ab527ab0d134eb8a034cab8e52a589,bed_bath_table,d3ab527ab0d134eb8a034cab8e52a589,仅5月销售,1,0,6999,0,69.99,0.0,69.99,,-6999,-69.99,-100.0,,,-6999,,,-69.99
2017,sports_leisure,d3abd6fb1e0f4add4d6f466dc32accc8,sports_leisure,d3abd6fb1e0f4add4d6f466dc32accc8,仅5月销售,1,0,19900,0,199.0,0.0,199.0,,-19900,-199.0,-100.0,,,-19900,,,-199.0
2017,stationery,d3b023772520cd1c6ea58f6701679d4b,stationery,d3b023772520cd1c6ea58f6701679d4b,仅5月销售,1,0,7900,0,79.0,0.0,79.0,,-7900,-79.0,-100.0,,,-7900,,,-79.0
2017,fashion_bags_accessories,d3b24c68466ec241b98cddd7861bce4a,fashion_bags_accessories,d3b24c68466ec241b98cddd7861bce4a,仅6月销售,0,1,0,3500,0.0,35.0,,35.0,3500,35.0,,,,3500,,,35.0
2017,art,d3d10495159bcc41173e3d26a273529a,art,d3d10495159bcc41173e3d26a273529a,两月均有销量,1,2,4865,9730,48.65,97.3,48.65,48.65,4865,48.65,100.0,4865,0,,48.65,0.0,
2017,luggage_accessories,d3d5a1d52abe9a7d234908d873fc377b,luggage_accessories,d3d5a1d52abe9a7d234908d873fc377b,仅5月销售,1,0,22990,0,229.9,0.0,229.9,,-22990,-229.9,-100.0,,,-22990,,,-229.9
2017,furniture_decor,d41a23bd2bc3ec10cfffc66c0611a290,furniture_decor,d41a23bd2bc3ec10cfffc66c0611a290,两月均有销量,2,1,4980,2490,49.8,24.9,24.9,24.9,-2490,-24.9,-50.0,-2490,0,,-24.9,0.0,
2017,consoles_games,d41dc2f2979f52d75d78714b378d4068,consoles_games,d41dc2f2979f52d75d78714b378d4068,仅6月销售,0,1,0,899,0.0,8.99,,8.99,899,8.99,,,,899,,,8.99
2017,computers_accessories,d41e71b34a15f8bc2c7ed84561ebb600,computers_accessories,d41e71b34a15f8bc2c7ed84561ebb600,仅5月销售,1,0,52900,0,529.0,0.0,529.0,,-52900,-529.0,-100.0,,,-52900,,,-529.0
2017,watches_gifts,d4548e7ab697993ec51d864766a8ea4f,watches_gifts,d4548e7ab697993ec51d864766a8ea4f,仅6月销售,0,1,0,20000,0.0,200.0,,200.0,20000,200.0,,,,20000,,,200.0
2017,bed_bath_table,d455f7ee2636294c52a691b98c06247f,bed_bath_table,d455f7ee2636294c52a691b98c06247f,仅5月销售,1,0,4990,0,49.9,0.0,49.9,,-4990,-49.9,-100.0,,,-4990,,,-49.9
2017,stationery,d458378a178cd7cae60052319cebf235,stationery,d458378a178cd7cae60052319cebf235,仅5月销售,1,0,13100,0,131.0,0.0,131.0,,-13100,-131.0,-100.0,,,-13100,,,-131.0
2017,health_beauty,d4604111a0a16806f51aec592303d857,health_beauty,d4604111a0a16806f51aec592303d857,仅6月销售,0,1,0,4000,0.0,40.0,,40.0,4000,40.0,,,,4000,,,40.0
2017,luggage_accessories,d46169ff14ef99286a176b5391a7a1c8,luggage_accessories,d46169ff14ef99286a176b5391a7a1c8,仅5月销售,1,0,119790,0,1197.9,0.0,1197.9,,-119790,-1197.9,-100.0,,,-119790,,,-1197.9
2017,watches_gifts,d46fd2913d3e97327005905cb5eda90b,watches_gifts,d46fd2913d3e97327005905cb5eda90b,仅5月销售,1,0,14400,0,144.0,0.0,144.0,,-14400,-144.0,-100.0,,,-14400,,,-144.0
2017,health_beauty,d47821b10559fffaefcf3e57d2b5ff76,health_beauty,d47821b10559fffaefcf3e57d2b5ff76,两月均有销量,1,1,20890,18990,208.9,189.9,208.9,189.9,-1900,-19.0,-9.09526089037817,0,-1900,,0.0,-19.0,
2017,computers_accessories,d480c8ac2b14450ec3429f878a525143,computers_accessories,d480c8ac2b14450ec3429f878a525143,仅6月销售,0,1,0,34900,0.0,349.0,,349.0,34900,349.0,,,,34900,,,349.0
2017,garden_tools,d487634085fb3d1a632265c1e3de08c1,garden_tools,d487634085fb3d1a632265c1e3de08c1,仅5月销售,1,0,2290,0,22.9,0.0,22.9,,-2290,-22.9,-100.0,,,-2290,,,-22.9
2017,health_beauty,d49f9f12cae797620ffae81f5cdf0f79,health_beauty,d49f9f12cae797620ffae81f5cdf0f79,仅6月销售,0,1,0,1990,0.0,19.9,,19.9,1990,19.9,,,,1990,,,19.9
2017,telephony,d4a56b9816c864d22d8b40c16999208b,telephony,d4a56b9816c864d22d8b40c16999208b,仅5月销售,1,0,12555,0,125.55,0.0,125.55,,-12555,-125.55,-100.0,,,-12555,,,-125.55
2017,furniture_decor,d4a8ab90e626911fa92af68c07228390,furniture_decor,d4a8ab90e626911fa92af68c07228390,仅5月销售,2,0,9180,0,91.8,0.0,45.9,,-9180,-91.8,-100.0,,,-9180,,,-91.8
2017,baby,d4b65aedaa1a847abd993dced5ed2e30,baby,d4b65aedaa1a847abd993dced5ed2e30,仅6月销售,0,1,0,3897,0.0,38.97,,38.97,3897,38.97,,,,3897,,,38.97
2017,bed_bath_table,d4bf1e29f41deda5c71da49e4d39fb1d,bed_bath_table,d4bf1e29f41deda5c71da49e4d39fb1d,仅6月销售,0,1,0,1290,0.0,12.9,,12.9,1290,12.9,,,,1290,,,12.9
2017,computers_accessories,d4d1de9db08cae166ea1a506ea87769b,computers_accessories,d4d1de9db08cae166ea1a506ea87769b,仅5月销售,1,0,2100,0,21.0,0.0,21.0,,-2100,-21.0,-100.0,,,-2100,,,-21.0
2017,toys,d4f91ac96799dc3d9221293e29892e30,toys,d4f91ac96799dc3d9221293e29892e30,仅6月销售,0,1,0,13999,0.0,139.99,,139.99,13999,139.99,,,,13999,,,139.99
2017,furniture_decor,d4fa7c305b2ffd07d12ae5a886b6cb0f,furniture_decor,d4fa7c305b2ffd07d12ae5a886b6cb0f,仅6月销售,0,1,0,4435,0.0,44.35,,44.35,4435,44.35,,,,4435,,,44.35
2017,fixed_telephony,d556492cb91418b6a9d9613592b4367f,fixed_telephony,d556492cb91418b6a9d9613592b4367f,仅5月销售,2,0,3798,0,37.98,0.0,18.99,,-3798,-37.98,-100.0,,,-3798,,,-37.98
2017,auto,d566c6f148d426bff95179d7e2e91d61,auto,d566c6f148d426bff95179d7e2e91d61,仅5月销售,1,0,7900,0,79.0,0.0,79.0,,-7900,-79.0,-100.0,,,-7900,,,-79.0
2017,housewares,d5766f73a7ac018222201ecba2b79018,housewares,d5766f73a7ac018222201ecba2b79018,仅5月销售,1,0,3498,0,34.98,0.0,34.98,,-3498,-34.98,-100.0,,,-3498,,,-34.98
2017,computers_accessories,d5991653e037ccb7af6ed7d94246b249,computers_accessories,d5991653e037ccb7af6ed7d94246b249,两月均有销量,15,15,271570,224772,2715.7,2247.72,181.04666666666668,149.84799999999998,-46798,-467.98,-17.23238943918695,0,-46798,,0.0,-467.98,
2017,furniture_decor,d5ad1429503cdb3871407ed2e8fbf859,furniture_decor,d5ad1429503cdb3871407ed2e8fbf859,两月均有销量,1,1,14090,14090,140.9,140.9,140.9,140.9,0,0.0,0.0,0,0,,0.0,0.0,
2017,toys,d5b703c271f43f9c588a6f512a00f77e,toys,d5b703c271f43f9c588a6f512a00f77e,两月均有销量,4,8,13960,27920,139.6,279.2,34.9,34.9,13960,139.6,100.0,13960,0,,139.6,0.0,
2017,computers_accessories,d5c6f370cae2b55a234255c110feb95b,computers_accessories,d5c6f370cae2b55a234255c110feb95b,仅5月销售,2,0,7180,0,71.8,0.0,35.9,,-7180,-71.8,-100.0,,,-7180,,,-71.8
2017,furniture_living_room,d5e157caef73dc3e8b4ab5c7e6b9aa67,furniture_living_room,d5e157caef73dc3e8b4ab5c7e6b9aa67,两月均有销量,1,1,9799,9799,97.99,97.99,97.99,97.99,0,0.0,0.0,0,0,,0.0,0.0,
2017,health_beauty,d5f4f441812a9a67cf8fa6d6019192c8,health_beauty,d5f4f441812a9a67cf8fa6d6019192c8,仅5月销售,1,0,17490,0,174.9,0.0,174.9,,-17490,-174.9,-100.0,,,-17490,,,-174.9
2017,bed_bath_table,d64a5abc068bfa0e7e1b7ad7f64fe96c,bed_bath_table,d64a5abc068bfa0e7e1b7ad7f64fe96c,两月均有销量,1,1,4999,5699,49.99,56.99,49.99,56.99,700,7.0,14.002800560112023,0,700,,0.0,7.0,
2017,health_beauty,d64a657e6b0860d638e61086e3a3d372,health_beauty,d64a657e6b0860d638e61086e3a3d372,仅5月销售,1,0,1156,0,11.56,0.0,11.56,,-1156,-11.56,-100.0,,,-1156,,,-11.56
2017,telephony,d65fd7eff38689490b9831828dac8866,telephony,d65fd7eff38689490b9831828dac8866,仅5月销售,2,0,6980,0,69.8,0.0,34.9,,-6980,-69.8,-100.0,,,-6980,,,-69.8
2017,stationery,d66a99b585f1db4d54930362c24882da,stationery,d66a99b585f1db4d54930362c24882da,仅6月销售,0,1,0,5190,0.0,51.9,,51.9,5190,51.9,,,,5190,,,51.9
2017,computers_accessories,d68bd4dedccc5545b1ff6629de8fb021,computers_accessories,d68bd4dedccc5545b1ff6629de8fb021,仅6月销售,0,1,0,4990,0.0,49.9,,49.9,4990,49.9,,,,4990,,,49.9
2017,housewares,d696750e550fd0f733979dd7e5dff921,housewares,d696750e550fd0f733979dd7e5dff921,两月均有销量,4,5,67895,83995,678.95,839.95,169.7375,167.99,16100,161.0,23.71308638338611,16886,-786,,168.86,-7.86,
2017,cool_stuff,d6ae8069e4a78b1dc1bfafc891a5c164,cool_stuff,d6ae8069e4a78b1dc1bfafc891a5c164,仅5月销售,1,0,19900,0,199.0,0.0,199.0,,-19900,-199.0,-100.0,,,-19900,,,-199.0
2017,office_furniture,d6fe3b4ddecd4a8393c6a1385de3bfb6,office_furniture,d6fe3b4ddecd4a8393c6a1385de3bfb6,两月均有销量,1,1,22999,21999,229.99,219.99,229.99,219.99,-1000,-10.0,-4.348015131092656,0,-1000,,0.0,-10.0,
2017,telephony,d70a73b4d166dd09290e3b484ff14b82,telephony,d70a73b4d166dd09290e3b484ff14b82,两月均有销量,1,1,1398,1250,13.98,12.5,13.98,12.5,-148,-1.48,-10.586552217453505,0,-148,,0.0,-1.48,
2017,fashion_bags_accessories,d70c831282615555625658baeb52eaa6,fashion_bags_accessories,d70c831282615555625658baeb52eaa6,仅5月销售,1,0,3490,0,34.9,0.0,34.9,,-3490,-34.9,-100.0,,,-3490,,,-34.9
2017,health_beauty,d728859ed699df890281fe11d7b81673,health_beauty,d728859ed699df890281fe11d7b81673,仅6月销售,0,1,0,2550,0.0,25.5,,25.5,2550,25.5,,,,2550,,,25.5
2017,bed_bath_table,d730058d1bde41dd32e054abe2fe015f,bed_bath_table,d730058d1bde41dd32e054abe2fe015f,仅5月销售,1,0,7390,0,73.9,0.0,73.9,,-7390,-73.9,-100.0,,,-7390,,,-73.9
2017,sports_leisure,d7324d4c913e7b424cb61675dafc8c10,sports_leisure,d7324d4c913e7b424cb61675dafc8c10,仅5月销售,1,0,279900,0,2799.0,0.0,2799.0,,-279900,-2799.0,-100.0,,,-279900,,,-2799.0
2017,kitchen_dining_laundry_garden_furniture,d73378cc66536ea4da8b4026e23ec2cf,kitchen_dining_laundry_garden_furniture,d73378cc66536ea4da8b4026e23ec2cf,仅6月销售,0,1,0,4800,0.0,48.0,,48.0,4800,48.0,,,,4800,,,48.0
2017,(unknown),d73f1e4ad0322d8442fc9591505381aa,(unknown),d73f1e4ad0322d8442fc9591505381aa,仅5月销售,1,0,5150,0,51.5,0.0,51.5,,-5150,-51.5,-100.0,,,-5150,,,-51.5
2017,telephony,d787de6a880320609e500adbb90fb9c7,telephony,d787de6a880320609e500adbb90fb9c7,仅6月销售,0,2,0,3198,0.0,31.98,,15.99,3198,31.98,,,,3198,,,31.98
2017,(unknown),d7b39598905ba8e791fe3f1f376d59f9,(unknown),d7b39598905ba8e791fe3f1f376d59f9,仅6月销售,0,1,0,478,0.0,4.78,,4.78,478,4.78,,,,478,,,4.78
2017,computers_accessories,d7b6379f142a6f28f8fc5af7b33d4b70,computers_accessories,d7b6379f142a6f28f8fc5af7b33d4b70,仅6月销售,0,1,0,19910,0.0,199.1,,199.1,19910,199.1,,,,19910,,,199.1
2017,housewares,d7d4469347b566ef611163dc0b9cee2c,housewares,d7d4469347b566ef611163dc0b9cee2c,仅6月销售,0,2,0,11940,0.0,119.4,,59.7,11940,119.4,,,,11940,,,119.4
2017,cool_stuff,d7d5562fce331ad958ca6f57057b3526,cool_stuff,d7d5562fce331ad958ca6f57057b3526,仅6月销售,0,5,0,29995,0.0,299.95,,59.99,29995,299.95,,,,29995,,,299.95
2017,toys,d8193dc34b71b1144f1c945f01f0e2cc,toys,d8193dc34b71b1144f1c945f01f0e2cc,仅6月销售,0,1,0,16499,0.0,164.99,,164.99,16499,164.99,,,,16499,,,164.99
2017,furniture_decor,d8342ac8b27a03e8d25280c296dfa830,furniture_decor,d8342ac8b27a03e8d25280c296dfa830,仅5月销售,1,0,17900,0,179.0,0.0,179.0,,-17900,-179.0,-100.0,,,-17900,,,-179.0
2017,sports_leisure,d83509907a19c72e1e4cdde78b8177ec,sports_leisure,d83509907a19c72e1e4cdde78b8177ec,仅6月销售,0,1,0,3990,0.0,39.9,,39.9,3990,39.9,,,,3990,,,39.9
2017,sports_leisure,d84895a804248d73a16480c0b2e18604,sports_leisure,d84895a804248d73a16480c0b2e18604,仅6月销售,0,1,0,15800,0.0,158.0,,158.0,15800,158.0,,,,15800,,,158.0
2017,(unknown),d85783d7c896fdb2fadbbc19c6a1c58e,(unknown),d85783d7c896fdb2fadbbc19c6a1c58e,仅5月销售,1,0,3000,0,30.0,0.0,30.0,,-3000,-30.0,-100.0,,,-3000,,,-30.0
2017,toys,d86a6c48f83b045cbba6df84926a1f25,toys,d86a6c48f83b045cbba6df84926a1f25,仅5月销售,1,0,3990,0,39.9,0.0,39.9,,-3990,-39.9,-100.0,,,-3990,,,-39.9
2017,furniture_decor,d86db9a9e478ff057c0541537639a10e,furniture_decor,d86db9a9e478ff057c0541537639a10e,仅6月销售,0,1,0,2190,0.0,21.9,,21.9,2190,21.9,,,,2190,,,21.9
2017,auto,d8722b339cfc97d60ea267aaab121c39,auto,d8722b339cfc97d60ea267aaab121c39,仅5月销售,1,0,9990,0,99.9,0.0,99.9,,-9990,-99.9,-100.0,,,-9990,,,-99.9
2017,telephony,d8737a754ac6dd6d2d255b9bae326388,telephony,d8737a754ac6dd6d2d255b9bae326388,仅5月销售,1,0,3990,0,39.9,0.0,39.9,,-3990,-39.9,-100.0,,,-3990,,,-39.9
2017,baby,d87815e398ce1204e5981c427c03291f,baby,d87815e398ce1204e5981c427c03291f,仅5月销售,1,0,5120,0,51.2,0.0,51.2,,-5120,-51.2,-100.0,,,-5120,,,-51.2
2017,housewares,d88a09e1deacfdf7d5f5a7baa73055ce,housewares,d88a09e1deacfdf7d5f5a7baa73055ce,仅5月销售,2,0,7200,0,72.0,0.0,36.0,,-7200,-72.0,-100.0,,,-7200,,,-72.0
2017,toys,d88a953f5d1e00cbfb5785dcb8a9f81f,toys,d88a953f5d1e00cbfb5785dcb8a9f81f,仅5月销售,2,0,7980,0,79.8,0.0,39.9,,-7980,-79.8,-100.0,,,-7980,,,-79.8
2017,fashion_bags_accessories,d8bec459af8ceb11a8177037828ad1a2,fashion_bags_accessories,d8bec459af8ceb11a8177037828ad1a2,仅6月销售,0,1,0,57599,0.0,575.99,,575.99,57599,575.99,,,,57599,,,575.99
2017,auto,d8c83b90d022e897454430e70afdc5d3,auto,d8c83b90d022e897454430e70afdc5d3,仅6月销售,0,1,0,15990,0.0,159.9,,159.9,15990,159.9,,,,15990,,,159.9
2017,sports_leisure,d8de812ed5d981fc6a3984f4caa2aa05,sports_leisure,d8de812ed5d981fc6a3984f4caa2aa05,仅5月销售,1,0,5999,0,59.99,0.0,59.99,,-5999,-59.99,-100.0,,,-5999,,,-59.99
2017,sports_leisure,d8f621c2b03d05f32d7a5a856db76953,sports_leisure,d8f621c2b03d05f32d7a5a856db76953,仅6月销售,0,1,0,4990,0.0,49.9,,49.9,4990,49.9,,,,4990,,,49.9
2017,furniture_decor,d902ca64b614964dc31d6b0372e800ac,furniture_decor,d902ca64b614964dc31d6b0372e800ac,两月均有销量,1,1,5230,5230,52.3,52.3,52.3,52.3,0,0.0,0.0,0,0,,0.0,0.0,
2017,sports_leisure,d918b3f4aa5272c2c3cd088d087ca069,sports_leisure,d918b3f4aa5272c2c3cd088d087ca069,两月均有销量,1,6,12690,83640,126.9,836.4,126.9,139.4,70950,709.5,559.1016548463357,66575,4375,,665.75,43.75,
2017,furniture_decor,d919227cdbfeb24430df4170b7367f2b,furniture_decor,d919227cdbfeb24430df4170b7367f2b,仅5月销售,1,0,4290,0,42.9,0.0,42.9,,-4290,-42.9,-100.0,,,-4290,,,-42.9
2017,health_beauty,d950ce1f38b6772552be4523baf94c7a,health_beauty,d950ce1f38b6772552be4523baf94c7a,两月均有销量,1,1,7490,7490,74.9,74.9,74.9,74.9,0,0.0,0.0,0,0,,0.0,0.0,
2017,telephony,d952c09021388fd5b1e5f914f559fb10,telephony,d952c09021388fd5b1e5f914f559fb10,两月均有销量,3,2,5697,3798,56.97,37.98,18.99,18.99,-1899,-18.99,-33.333333333333336,-1899,0,,-18.99,0.0,
2017,electronics,d95cb21837d0498ccfa0943b03808f79,electronics,d95cb21837d0498ccfa0943b03808f79,两月均有销量,1,1,5250,6550,52.5,65.5,52.5,65.5,1300,13.0,24.761904761904763,0,1300,,0.0,13.0,
2017,consoles_games,d966205671b5b10dd91ce7a8abde38af,consoles_games,d966205671b5b10dd91ce7a8abde38af,仅5月销售,1,0,1590,0,15.9,0.0,15.9,,-1590,-15.9,-100.0,,,-1590,,,-15.9
2017,fashion_bags_accessories,d97cfa719a6198d4a66453e0c6ed596c,fashion_bags_accessories,d97cfa719a6198d4a66453e0c6ed596c,仅5月销售,1,0,7390,0,73.9,0.0,73.9,,-7390,-73.9,-100.0,,,-7390,,,-73.9
2017,housewares,d97f2d7642b06661e99578b3455f5d58,housewares,d97f2d7642b06661e99578b3455f5d58,两月均有销量,3,2,7770,5180,77.7,51.8,25.9,25.9,-2590,-25.9,-33.333333333333336,-2590,0,,-25.9,0.0,
2017,sports_leisure,d986e4bd747ca20b348abcd013cd1303,sports_leisure,d986e4bd747ca20b348abcd013cd1303,两月均有销量,3,1,46470,15490,464.7,154.9,154.9,154.9,-30980,-309.8,-66.66666666666667,-30980,0,,-309.8,0.0,
2017,furniture_decor,d99a9035db5875b38e59f9f55b9548f1,furniture_decor,d99a9035db5875b38e59f9f55b9548f1,仅5月销售,1,0,22990,0,229.9,0.0,229.9,,-22990,-229.9,-100.0,,,-22990,,,-229.9
2017,sports_leisure,d9c2eaccfa617895e2720f212e592de1,sports_leisure,d9c2eaccfa617895e2720f212e592de1,仅6月销售,0,2,0,23000,0.0,230.0,,115.0,23000,230.0,,,,23000,,,230.0
2017,housewares,d9cb2ed0c6d5ccdd1da7ae9e8cad120c,housewares,d9cb2ed0c6d5ccdd1da7ae9e8cad120c,仅6月销售,0,1,0,9500,0.0,95.0,,95.0,9500,95.0,,,,9500,,,95.0
2017,bed_bath_table,d9d2b0bf83edf2fe776c707efe5d0b41,bed_bath_table,d9d2b0bf83edf2fe776c707efe5d0b41,仅5月销售,1,0,19399,0,193.99,0.0,193.99,,-19399,-193.99,-100.0,,,-19399,,,-193.99
2017,cool_stuff,d9dc092dbac81302d24f47d21c716365,cool_stuff,d9dc092dbac81302d24f47d21c716365,仅6月销售,0,1,0,27490,0.0,274.9,,274.9,27490,274.9,,,,27490,,,274.9
2017,fashion_bags_accessories,da1cfaaffa7720fe28f26f18d52f5ad9,fashion_bags_accessories,da1cfaaffa7720fe28f26f18d52f5ad9,仅5月销售,2,0,7980,0,79.8,0.0,39.9,,-7980,-79.8,-100.0,,,-7980,,,-79.8
2017,telephony,da50dec868ce62321c803e54cf86bb67,telephony,da50dec868ce62321c803e54cf86bb67,仅6月销售,0,1,0,5190,0.0,51.9,,51.9,5190,51.9,,,,5190,,,51.9
2017,housewares,da7e1b2f8c91cbf61a22b55e8cd49bcd,housewares,da7e1b2f8c91cbf61a22b55e8cd49bcd,仅5月销售,1,0,7610,0,76.1,0.0,76.1,,-7610,-76.1,-100.0,,,-7610,,,-76.1
2017,health_beauty,da86f3242cb55a55dd9cd7b19d951685,health_beauty,da86f3242cb55a55dd9cd7b19d951685,仅5月销售,1,0,450,0,4.5,0.0,4.5,,-450,-4.5,-100.0,,,-450,,,-4.5
2017,telephony,da893368e67b2e521b3f04da43f4b57a,telephony,da893368e67b2e521b3f04da43f4b57a,仅5月销售,1,0,9000,0,90.0,0.0,90.0,,-9000,-90.0,-100.0,,,-9000,,,-90.0
2017,auto,da97969972a524bca894f97ea6bcff90,auto,da97969972a524bca894f97ea6bcff90,仅6月销售,0,1,0,2990,0.0,29.9,,29.9,2990,29.9,,,,2990,,,29.9
2017,toys,dabbb10b2f36548cf2aff2993f4cf5e2,toys,dabbb10b2f36548cf2aff2993f4cf5e2,仅5月销售,1,0,14590,0,145.9,0.0,145.9,,-14590,-145.9,-100.0,,,-14590,,,-145.9
2017,consoles_games,dac2eb7c1ddae28171b16e13c80a9730,consoles_games,dac2eb7c1ddae28171b16e13c80a9730,仅5月销售,2,0,14600,0,146.0,0.0,73.0,,-14600,-146.0,-100.0,,,-14600,,,-146.0
2017,auto,daca0700540caccd14072597536e3632,auto,daca0700540caccd14072597536e3632,仅5月销售,2,0,3998,0,39.98,0.0,19.99,,-3998,-39.98,-100.0,,,-3998,,,-39.98
2017,cool_stuff,db12039c7ff4e850d48e0312fa9b3473,cool_stuff,db12039c7ff4e850d48e0312fa9b3473,仅5月销售,1,0,5099,0,50.99,0.0,50.99,,-5099,-50.99,-100.0,,,-5099,,,-50.99
2017,stationery,db135cb6b62b43f71eda83dc6daff2fc,stationery,db135cb6b62b43f71eda83dc6daff2fc,仅6月销售,0,2,0,13780,0.0,137.8,,68.9,13780,137.8,,,,13780,,,137.8
2017,(unknown),db1d1a4569fdbae28a0d3340d907f7af,(unknown),db1d1a4569fdbae28a0d3340d907f7af,仅6月销售,0,1,0,1890,0.0,18.9,,18.9,1890,18.9,,,,1890,,,18.9
2017,bed_bath_table,db1e6fed56643b852af3132d255d9ddc,bed_bath_table,db1e6fed56643b852af3132d255d9ddc,仅5月销售,1,0,24490,0,244.9,0.0,244.9,,-24490,-244.9,-100.0,,,-24490,,,-244.9
2017,small_appliances,db25a58a5da5dfe2fd19f2604491bd27,small_appliances,db25a58a5da5dfe2fd19f2604491bd27,仅6月销售,0,1,0,4950,0.0,49.5,,49.5,4950,49.5,,,,4950,,,49.5
2017,bed_bath_table,db26a82710b642e5d25b7ae009cdcff3,bed_bath_table,db26a82710b642e5d25b7ae009cdcff3,仅6月销售,0,1,0,12490,0.0,124.9,,124.9,12490,124.9,,,,12490,,,124.9
2017,cool_stuff,db34e1e6f14cc3755d9149fe8a1de9fd,cool_stuff,db34e1e6f14cc3755d9149fe8a1de9fd,两月均有销量,1,1,49990,49990,499.9,499.9,499.9,499.9,0,0.0,0.0,0,0,,0.0,0.0,
2017,fixed_telephony,db51982bc43b26164c29605b8ed140d6,fixed_telephony,db51982bc43b26164c29605b8ed140d6,两月均有销量,2,3,6598,9897,65.98,98.97,32.99,32.99,3299,32.99,50.0,3299,0,,32.99,0.0,
2017,computers_accessories,db52f11139e4d3f00cfe4cdb3242a7c2,computers_accessories,db52f11139e4d3f00cfe4cdb3242a7c2,仅5月销售,1,0,5990,0,59.9,0.0,59.9,,-5990,-59.9,-100.0,,,-5990,,,-59.9
2017,computers_accessories,db5d54ce439fae2ae1f34749ab1acebd,computers_accessories,db5d54ce439fae2ae1f34749ab1acebd,仅5月销售,1,0,4099,0,40.99,0.0,40.99,,-4099,-40.99,-100.0,,,-4099,,,-40.99
2017,audio,db5efde3ad0cc579b130d71c4b2db522,audio,db5efde3ad0cc579b130d71c4b2db522,两月均有销量,2,4,49800,107600,498.0,1076.0,249.0,269.0,57800,578.0,116.06425702811245,51800,6000,,518.0,60.0,
2017,cool_stuff,db6612711588e8be758dc6cb66d031d2,cool_stuff,db6612711588e8be758dc6cb66d031d2,仅5月销售,1,0,12000,0,120.0,0.0,120.0,,-12000,-120.0,-100.0,,,-12000,,,-120.0
2017,sports_leisure,db6b576f5ccc24add9999afe03841cf3,sports_leisure,db6b576f5ccc24add9999afe03841cf3,两月均有销量,1,1,19900,19900,199.0,199.0,199.0,199.0,0,0.0,0.0,0,0,,0.0,0.0,
2017,furniture_decor,db9e2ea2789762e3b0ecb627eb70696d,furniture_decor,db9e2ea2789762e3b0ecb627eb70696d,仅6月销售,0,1,0,11990,0.0,119.9,,119.9,11990,119.9,,,,11990,,,119.9
2017,small_appliances,dbb30c7e02f55cd884ff1b7c3be53d83,small_appliances,dbb30c7e02f55cd884ff1b7c3be53d83,仅5月销售,1,0,10080,0,100.8,0.0,100.8,,-10080,-100.8,-100.0,,,-10080,,,-100.8
2017,housewares,dbb4ce89c8ed5fb6fd901e2e51093179,housewares,dbb4ce89c8ed5fb6fd901e2e51093179,两月均有销量,9,7,80491,62930,804.91,629.3,89.43444444444445,89.9,-17561,-175.61,-21.817346038687557,-17933,372,,-179.33,3.72,
2017,furniture_decor,dbbada1d22d372b560848616267ef291,furniture_decor,dbbada1d22d372b560848616267ef291,仅5月销售,2,0,4698,0,46.98,0.0,23.49,,-4698,-46.98,-100.0,,,-4698,,,-46.98
2017,home_appliances,dbc7aaf61b2639b1f282509ff1349bec,home_appliances,dbc7aaf61b2639b1f282509ff1349bec,仅5月销售,2,0,32800,0,328.0,0.0,164.0,,-32800,-328.0,-100.0,,,-32800,,,-328.0
2017,perfumery,dbd91d7511ed7f4e61be3a191082644e,perfumery,dbd91d7511ed7f4e61be3a191082644e,两月均有销量,1,1,15990,17990,159.9,179.9,159.9,179.9,2000,20.0,12.507817385866167,0,2000,,0.0,20.0,
2017,telephony,dbfc3878e8b8a96816236363e132e6e3,telephony,dbfc3878e8b8a96816236363e132e6e3,两月均有销量,1,1,1999,1999,19.99,19.99,19.99,19.99,0,0.0,0.0,0,0,,0.0,0.0,
2017,sports_leisure,dc0fe1906bacc99199eb46fce442e1de,sports_leisure,dc0fe1906bacc99199eb46fce442e1de,两月均有销量,3,2,17700,11800,177.0,118.0,59.0,59.0,-5900,-59.0,-33.333333333333336,-5900,0,,-59.0,0.0,
2017,garden_tools,dc1b52066a98303e1b82d19fa6bd33f9,garden_tools,dc1b52066a98303e1b82d19fa6bd33f9,仅5月销售,2,0,9980,0,99.8,0.0,49.9,,-9980,-99.8,-100.0,,,-9980,,,-99.8
2017,computers_accessories,dc2410804cf782c5d87dbcd201b74e9b,computers_accessories,dc2410804cf782c5d87dbcd201b74e9b,仅5月销售,2,0,39200,0,392.0,0.0,196.0,,-39200,-392.0,-100.0,,,-39200,,,-392.0
2017,office_furniture,dc2cab354de46ca82b8cf4cb24e16614,office_furniture,dc2cab354de46ca82b8cf4cb24e16614,仅5月销售,1,0,12699,0,126.99,0.0,126.99,,-12699,-126.99,-100.0,,,-12699,,,-126.99
2017,toys,dc404a1496a08f9f5540c8b5d4b92925,toys,dc404a1496a08f9f5540c8b5d4b92925,两月均有销量,1,5,34999,169977,349.99,1699.77,349.99,339.954,134978,1349.78,385.66244749849994,137989,-3011,,1379.89,-30.11,
2017,telephony,dc491f9f25ee589f7daee8c44672b8ee,telephony,dc491f9f25ee589f7daee8c44672b8ee,仅5月销售,2,0,3780,0,37.8,0.0,18.9,,-3780,-37.8,-100.0,,,-3780,,,-37.8
2017,computers_accessories,dc6040ee940ab73a2fdb3b90c6513ed9,computers_accessories,dc6040ee940ab73a2fdb3b90c6513ed9,仅5月销售,1,0,13990,0,139.9,0.0,139.9,,-13990,-139.9,-100.0,,,-13990,,,-139.9
2017,furniture_decor,dc68ee0fcb033a1ab6714fbb5db60c15,furniture_decor,dc68ee0fcb033a1ab6714fbb5db60c15,仅6月销售,0,1,0,24900,0.0,249.0,,249.0,24900,249.0,,,,24900,,,249.0
2017,pet_shop,dc751b73cf0f6958dc9c7cabb1a38902,pet_shop,dc751b73cf0f6958dc9c7cabb1a38902,两月均有销量,1,1,6190,5990,61.9,59.9,61.9,59.9,-200,-2.0,-3.231017770597738,0,-200,,0.0,-2.0,
2017,health_beauty,dc861f18267cce21f3b70f9f7990b8ce,health_beauty,dc861f18267cce21f3b70f9f7990b8ce,仅6月销售,0,1,0,99000,0.0,990.0,,990.0,99000,990.0,,,,99000,,,990.0
2017,computers_accessories,dc893c795714d2a64a0d4f188dea51bc,computers_accessories,dc893c795714d2a64a0d4f188dea51bc,仅6月销售,0,1,0,8900,0.0,89.0,,89.0,8900,89.0,,,,8900,,,89.0
2017,toys,dc93254d4d00a9ff3b05490e585e5376,toys,dc93254d4d00a9ff3b05490e585e5376,仅5月销售,1,0,13880,0,138.8,0.0,138.8,,-13880,-138.8,-100.0,,,-13880,,,-138.8
2017,telephony,dca18a6e2fb6da75092ed874094ed7b6,telephony,dca18a6e2fb6da75092ed874094ed7b6,仅5月销售,4,0,12756,0,127.56,0.0,31.89,,-12756,-127.56,-100.0,,,-12756,,,-127.56
2017,audio,dca8cbb1c9d8a2db0fbc0c36b8d1a7bc,audio,dca8cbb1c9d8a2db0fbc0c36b8d1a7bc,两月均有销量,3,5,24700,44500,247.0,445.0,82.33333333333334,89.0,19800,198.0,80.16194331983806,17133,2667,,171.33,26.67,
2017,stationery,dcd7a14115098925c83dd54daab99cbd,stationery,dcd7a14115098925c83dd54daab99cbd,仅5月销售,1,0,6300,0,63.0,0.0,63.0,,-6300,-63.0,-100.0,,,-6300,,,-63.0
2017,garden_tools,dceb3f67aef3484498a7caa4ba50f484,garden_tools,dceb3f67aef3484498a7caa4ba50f484,仅5月销售,3,0,134700,0,1347.0,0.0,449.0,,-134700,-1347.0,-100.0,,,-134700,,,-1347.0
2017,health_beauty,dcebc51f6a02993ffaa4167c339a3d79,health_beauty,dcebc51f6a02993ffaa4167c339a3d79,仅6月销售,0,1,0,1890,0.0,18.9,,18.9,1890,18.9,,,,1890,,,18.9
2017,perfumery,dd1759836cc99a88be1a42bf6673abe0,perfumery,dd1759836cc99a88be1a42bf6673abe0,两月均有销量,8,3,135200,50700,1352.0,507.0,169.0,169.0,-84500,-845.0,-62.5,-84500,0,,-845.0,0.0,
2017,consoles_games,dd3575a8c5e2139f680a9816a15c8f2a,consoles_games,dd3575a8c5e2139f680a9816a15c8f2a,仅5月销售,1,0,23000,0,230.0,0.0,230.0,,-23000,-230.0,-100.0,,,-23000,,,-230.0
2017,perfumery,dd413b2e015e9f610983d1132574f895,perfumery,dd413b2e015e9f610983d1132574f895,仅5月销售,1,0,6990,0,69.9,0.0,69.9,,-6990,-69.9,-100.0,,,-6990,,,-69.9
2017,watches_gifts,dd469c03ad67e201bc2179ef077dcd48,watches_gifts,dd469c03ad67e201bc2179ef077dcd48,仅6月销售,0,1,0,73600,0.0,736.0,,736.0,73600,736.0,,,,73600,,,736.0
2017,computers_accessories,dd47440cb56de3ab674f9208ff0edc3e,computers_accessories,dd47440cb56de3ab674f9208ff0edc3e,仅6月销售,0,2,0,13980,0.0,139.8,,69.9,13980,139.8,,,,13980,,,139.8
2017,housewares,dd60cac04e6bcbc919cb1c7dcc473211,housewares,dd60cac04e6bcbc919cb1c7dcc473211,仅5月销售,1,0,2990,0,29.9,0.0,29.9,,-2990,-29.9,-100.0,,,-2990,,,-29.9
2017,perfumery,dd61e943598eec72351633dd6a72d5dc,perfumery,dd61e943598eec72351633dd6a72d5dc,两月均有销量,7,6,55993,47994,559.93,479.94,79.99,79.99,-7999,-79.99,-14.285714285714286,-7999,0,,-79.99,0.0,
2017,bed_bath_table,dd66beca916c169c2a77e40ae2858623,bed_bath_table,dd66beca916c169c2a77e40ae2858623,仅5月销售,1,0,22000,0,220.0,0.0,220.0,,-22000,-220.0,-100.0,,,-22000,,,-220.0
2017,toys,dd6a505f83dd3c6326aa9856519e0978,toys,dd6a505f83dd3c6326aa9856519e0978,两月均有销量,5,3,24950,14970,249.5,149.7,49.9,49.9,-9980,-99.8,-40.0,-9980,0,,-99.8,0.0,
2017,furniture_decor,dd7c7650c31d56afe11234bfd0a1e1ea,furniture_decor,dd7c7650c31d56afe11234bfd0a1e1ea,仅5月销售,1,0,4900,0,49.0,0.0,49.0,,-4900,-49.0,-100.0,,,-4900,,,-49.0
2017,furniture_decor,ddad89d4353753d93ac500b1caa5bf09,furniture_decor,ddad89d4353753d93ac500b1caa5bf09,仅5月销售,1,0,11875,0,118.75,0.0,118.75,,-11875,-118.75,-100.0,,,-11875,,,-118.75
2017,furniture_decor,ddb282389fb7c7594479b90a76e4d884,furniture_decor,ddb282389fb7c7594479b90a76e4d884,仅6月销售,0,2,0,11980,0.0,119.8,,59.9,11980,119.8,,,,11980,,,119.8
2017,sports_leisure,ddc1d8513943b57455b160acf77e6507,sports_leisure,ddc1d8513943b57455b160acf77e6507,仅5月销售,1,0,8299,0,82.99,0.0,82.99,,-8299,-82.99,-100.0,,,-8299,,,-82.99
2017,consoles_games,ddc46156c31a0339508eecfab975f4f6,consoles_games,ddc46156c31a0339508eecfab975f4f6,仅5月销售,1,0,899,0,8.99,0.0,8.99,,-899,-8.99,-100.0,,,-899,,,-8.99
2017,pet_shop,ddc81cd8c7351f13c000bd8294c3201b,pet_shop,ddc81cd8c7351f13c000bd8294c3201b,仅5月销售,1,0,6999,0,69.99,0.0,69.99,,-6999,-69.99,-100.0,,,-6999,,,-69.99
2017,cool_stuff,ddebc97ddf43a9787d1ee7012e394ccc,cool_stuff,ddebc97ddf43a9787d1ee7012e394ccc,仅6月销售,0,1,0,59840,0.0,598.4,,598.4,59840,598.4,,,,59840,,,598.4
2017,bed_bath_table,de115e41e8332aa7b5a04e027243fcbf,bed_bath_table,de115e41e8332aa7b5a04e027243fcbf,仅6月销售,0,1,0,4199,0.0,41.99,,41.99,4199,41.99,,,,4199,,,41.99
2017,housewares,de17feec1983829fec4bc58cadaa43f3,housewares,de17feec1983829fec4bc58cadaa43f3,仅6月销售,0,1,0,6990,0.0,69.9,,69.9,6990,69.9,,,,6990,,,69.9
2017,sports_leisure,de1dab31e5f3737cd024f5fe44743fa9,sports_leisure,de1dab31e5f3737cd024f5fe44743fa9,仅5月销售,2,0,25496,0,254.96,0.0,127.48,,-25496,-254.96,-100.0,,,-25496,,,-254.96
2017,health_beauty,de26d4014234181730a1143f75dad0e7,health_beauty,de26d4014234181730a1143f75dad0e7,仅5月销售,1,0,1290,0,12.9,0.0,12.9,,-1290,-12.9,-100.0,,,-1290,,,-12.9
2017,watches_gifts,de29e502ba5174dcddbd4da728616533,watches_gifts,de29e502ba5174dcddbd4da728616533,两月均有销量,1,1,5250,5250,52.5,52.5,52.5,52.5,0,0.0,0.0,0,0,,0.0,0.0,
2017,watches_gifts,de2ac390da8e5e9cc2c6bc88d5c5357f,watches_gifts,de2ac390da8e5e9cc2c6bc88d5c5357f,两月均有销量,1,1,59082,59082,590.82,590.82,590.82,590.82,0,0.0,0.0,0,0,,0.0,0.0,
2017,bed_bath_table,de35b12d754d29dc6d48ae30cfe1c23f,bed_bath_table,de35b12d754d29dc6d48ae30cfe1c23f,仅6月销售,0,1,0,15990,0.0,159.9,,159.9,15990,159.9,,,,15990,,,159.9
2017,fashion_shoes,de4a736d3f2df1266774822d9a4762a8,fashion_shoes,de4a736d3f2df1266774822d9a4762a8,仅5月销售,1,0,2990,0,29.9,0.0,29.9,,-2990,-29.9,-100.0,,,-2990,,,-29.9
2017,(unknown),de6702c748c719cbd13bb814f006ba22,(unknown),de6702c748c719cbd13bb814f006ba22,仅6月销售,0,1,0,2990,0.0,29.9,,29.9,2990,29.9,,,,2990,,,29.9
2017,bed_bath_table,de68fdc66141ead95fd569f01245e523,bed_bath_table,de68fdc66141ead95fd569f01245e523,仅5月销售,1,0,19990,0,199.9,0.0,199.9,,-19990,-199.9,-100.0,,,-19990,,,-199.9
2017,telephony,de72026142ffc78ea7a8d6ce739056b1,telephony,de72026142ffc78ea7a8d6ce739056b1,仅5月销售,3,0,33000,0,330.0,0.0,110.0,,-33000,-330.0,-100.0,,,-33000,,,-330.0
2017,sports_leisure,de9305867467640bebc680708d43f27a,sports_leisure,de9305867467640bebc680708d43f27a,仅5月销售,1,0,129999,0,1299.99,0.0,1299.99,,-129999,-1299.99,-100.0,,,-129999,,,-1299.99
2017,furniture_decor,dea1ae8abcd2a440ab30613558fbfc66,furniture_decor,dea1ae8abcd2a440ab30613558fbfc66,仅5月销售,1,0,17490,0,174.9,0.0,174.9,,-17490,-174.9,-100.0,,,-17490,,,-174.9
2017,computers_accessories,dee07ca8877390638a4f9b9143352284,computers_accessories,dee07ca8877390638a4f9b9143352284,仅5月销售,1,0,4499,0,44.99,0.0,44.99,,-4499,-44.99,-100.0,,,-4499,,,-44.99
2017,toys,dee88ebd74f8109d7dab6d12d77a7a64,toys,dee88ebd74f8109d7dab6d12d77a7a64,仅5月销售,1,0,13190,0,131.9,0.0,131.9,,-13190,-131.9,-100.0,,,-13190,,,-131.9
2017,pet_shop,def59eb2e17b32b980b5341984f6b500,pet_shop,def59eb2e17b32b980b5341984f6b500,仅5月销售,2,0,4580,0,45.8,0.0,22.9,,-4580,-45.8,-100.0,,,-4580,,,-45.8
2017,toys,df10a782c44fcfb00afa5bba65777d74,toys,df10a782c44fcfb00afa5bba65777d74,仅5月销售,1,0,18290,0,182.9,0.0,182.9,,-18290,-182.9,-100.0,,,-18290,,,-182.9
2017,cool_stuff,df3a82b424a1bb351c314547f6644066,cool_stuff,df3a82b424a1bb351c314547f6644066,仅6月销售,0,1,0,7500,0.0,75.0,,75.0,7500,75.0,,,,7500,,,75.0
2017,telephony,df73a8f4ff200bb4571bbb961c6f6987,telephony,df73a8f4ff200bb4571bbb961c6f6987,仅6月销售,0,1,0,1499,0.0,14.99,,14.99,1499,14.99,,,,1499,,,14.99
2017,market_place,df7dd741f55a686edccf22700954e1d5,market_place,df7dd741f55a686edccf22700954e1d5,仅6月销售,0,1,0,10990,0.0,109.9,,109.9,10990,109.9,,,,10990,,,109.9
2017,(unknown),dfa3272f8e1bad4867677dfca2d061f3,(unknown),dfa3272f8e1bad4867677dfca2d061f3,仅5月销售,1,0,25800,0,258.0,0.0,258.0,,-25800,-258.0,-100.0,,,-25800,,,-258.0
2017,fashion_shoes,dfb68ce52d4975e692909a1bf9d59f1b,fashion_shoes,dfb68ce52d4975e692909a1bf9d59f1b,仅5月销售,1,0,3790,0,37.9,0.0,37.9,,-3790,-37.9,-100.0,,,-3790,,,-37.9
2017,auto,dfb97c88e066dc22165f31648efe1312,auto,dfb97c88e066dc22165f31648efe1312,仅5月销售,4,0,55600,0,556.0,0.0,139.0,,-55600,-556.0,-100.0,,,-55600,,,-556.0
2017,toys,dfeb7c8b7bede7a7bab2d4eefdebd5ac,toys,dfeb7c8b7bede7a7bab2d4eefdebd5ac,仅6月销售,0,1,0,8990,0.0,89.9,,89.9,8990,89.9,,,,8990,,,89.9
2017,bed_bath_table,dff2d533131f407db58a34fd3f832821,bed_bath_table,dff2d533131f407db58a34fd3f832821,仅5月销售,1,0,8700,0,87.0,0.0,87.0,,-8700,-87.0,-100.0,,,-8700,,,-87.0
2017,perfumery,e003b894dd7927f3e2de2dd927b174a4,perfumery,e003b894dd7927f3e2de2dd927b174a4,仅6月销售,0,1,0,28515,0.0,285.15,,285.15,28515,285.15,,,,28515,,,285.15
2017,watches_gifts,e0104b143b87f5f1e013446c12add851,watches_gifts,e0104b143b87f5f1e013446c12add851,仅5月销售,1,0,67900,0,679.0,0.0,679.0,,-67900,-679.0,-100.0,,,-67900,,,-679.0
2017,computers_accessories,e02468b92277cf781a87051ff6d80e1c,computers_accessories,e02468b92277cf781a87051ff6d80e1c,仅5月销售,1,0,29400,0,294.0,0.0,294.0,,-29400,-294.0,-100.0,,,-29400,,,-294.0
2017,health_beauty,e034c021254ff4d8da4e936e047967af,health_beauty,e034c021254ff4d8da4e936e047967af,两月均有销量,1,2,2370,4740,23.7,47.4,23.7,23.7,2370,23.7,100.0,2370,0,,23.7,0.0,
2017,(unknown),e034d967d446f193a9d72f30a282c312,(unknown),e034d967d446f193a9d72f30a282c312,仅6月销售,0,1,0,57000,0.0,570.0,,570.0,57000,570.0,,,,57000,,,570.0
2017,office_furniture,e0352fc1b2c93712f1772fc4b0204db7,office_furniture,e0352fc1b2c93712f1772fc4b0204db7,仅5月销售,1,0,12999,0,129.99,0.0,129.99,,-12999,-129.99,-100.0,,,-12999,,,-129.99
2017,sports_leisure,e039dcab487fb6c6901fcc65bfa82593,sports_leisure,e039dcab487fb6c6901fcc65bfa82593,仅6月销售,0,1,0,14600,0.0,146.0,,146.0,14600,146.0,,,,14600,,,146.0
2017,fashio_female_clothing,e03f4e4044f06ae9349b2f891e614923,fashio_female_clothing,e03f4e4044f06ae9349b2f891e614923,仅5月销售,1,0,5490,0,54.9,0.0,54.9,,-5490,-54.9,-100.0,,,-5490,,,-54.9
2017,computers_accessories,e052d2aebe5b1887f31d80b47c2aa3c0,computers_accessories,e052d2aebe5b1887f31d80b47c2aa3c0,仅5月销售,1,0,33900,0,339.0,0.0,339.0,,-33900,-339.0,-100.0,,,-33900,,,-339.0
2017,health_beauty,e074a31cddeee80c21fc613445def7bc,health_beauty,e074a31cddeee80c21fc613445def7bc,仅6月销售,0,1,0,56900,0.0,569.0,,569.0,56900,569.0,,,,56900,,,569.0
2017,bed_bath_table,e082a9cbbc454309a78654e6699f387c,bed_bath_table,e082a9cbbc454309a78654e6699f387c,仅5月销售,1,0,1799,0,17.99,0.0,17.99,,-1799,-17.99,-100.0,,,-1799,,,-17.99
2017,cool_stuff,e09b95d6c02bf2a7831c8edc25c57843,cool_stuff,e09b95d6c02bf2a7831c8edc25c57843,仅5月销售,1,0,12799,0,127.99,0.0,127.99,,-12799,-127.99,-100.0,,,-12799,,,-127.99
2017,fashion_bags_accessories,e0a554e92afe71fd7f9380b7b135175b,fashion_bags_accessories,e0a554e92afe71fd7f9380b7b135175b,仅6月销售,0,1,0,3490,0.0,34.9,,34.9,3490,34.9,,,,3490,,,34.9
2017,furniture_decor,e0ab3fcfb0c3a63324f2797e03bc4199,furniture_decor,e0ab3fcfb0c3a63324f2797e03bc4199,仅5月销售,1,0,3500,0,35.0,0.0,35.0,,-3500,-35.0,-100.0,,,-3500,,,-35.0
2017,housewares,e0bb3159111d86828b5caef8725ff055,housewares,e0bb3159111d86828b5caef8725ff055,仅6月销售,0,1,0,10100,0.0,101.0,,101.0,10100,101.0,,,,10100,,,101.0
2017,sports_leisure,e0bfab1a66b1f0fb4b1cbf7273121a6a,sports_leisure,e0bfab1a66b1f0fb4b1cbf7273121a6a,仅5月销售,1,0,5400,0,54.0,0.0,54.0,,-5400,-54.0,-100.0,,,-5400,,,-54.0
2017,watches_gifts,e0d64dcfaa3b6db5c54ca298ae101d05,watches_gifts,e0d64dcfaa3b6db5c54ca298ae101d05,仅6月销售,0,5,0,92500,0.0,925.0,,185.0,92500,925.0,,,,92500,,,925.0
2017,sports_leisure,e0e83e0b538dc1d9a1c6568d3a94034a,sports_leisure,e0e83e0b538dc1d9a1c6568d3a94034a,仅6月销售,0,1,0,6990,0.0,69.9,,69.9,6990,69.9,,,,6990,,,69.9
2017,(unknown),e0f33a3329af6716a0bb47fd7a664439,(unknown),e0f33a3329af6716a0bb47fd7a664439,两月均有销量,1,2,4980,9960,49.8,99.6,49.8,49.8,4980,49.8,100.0,4980,0,,49.8,0.0,
2017,housewares,e1002b42a99dd5cc7558e0ca58729bcc,housewares,e1002b42a99dd5cc7558e0ca58729bcc,仅6月销售,0,1,0,5290,0.0,52.9,,52.9,5290,52.9,,,,5290,,,52.9
2017,toys,e107fefc8820ce1d438d2d6543464955,toys,e107fefc8820ce1d438d2d6543464955,仅5月销售,1,0,6498,0,64.98,0.0,64.98,,-6498,-64.98,-100.0,,,-6498,,,-64.98
2017,telephony,e112bafe6285b42e5a1d51790dde0a74,telephony,e112bafe6285b42e5a1d51790dde0a74,仅5月销售,2,0,5998,0,59.98,0.0,29.99,,-5998,-59.98,-100.0,,,-5998,,,-59.98
2017,furniture_decor,e11b7abd9eb82a586a144e97594bc05f,furniture_decor,e11b7abd9eb82a586a144e97594bc05f,仅5月销售,2,0,41412,0,414.12,0.0,207.06,,-41412,-414.12,-100.0,,,-41412,,,-414.12
2017,fashion_male_clothing,e12569a1ad365c9f77fb1ae6d5de26e8,fashion_male_clothing,e12569a1ad365c9f77fb1ae6d5de26e8,仅6月销售,0,1,0,9990,0.0,99.9,,99.9,9990,99.9,,,,9990,,,99.9
2017,furniture_decor,e1300b5f677ce8eba14ab147080d6a68,furniture_decor,e1300b5f677ce8eba14ab147080d6a68,仅5月销售,1,0,6499,0,64.99,0.0,64.99,,-6499,-64.99,-100.0,,,-6499,,,-64.99
2017,fashion_bags_accessories,e13f46cf68d356e0ac0f32058af20911,fashion_bags_accessories,e13f46cf68d356e0ac0f32058af20911,两月均有销量,2,1,4980,2490,49.8,24.9,24.9,24.9,-2490,-24.9,-50.0,-2490,0,,-24.9,0.0,
2017,toys,e14736de1aa61cedecf657207bce5ffa,toys,e14736de1aa61cedecf657207bce5ffa,仅6月销售,0,1,0,3700,0.0,37.0,,37.0,3700,37.0,,,,3700,,,37.0
2017,furniture_decor,e15cee02291017f6f12b4115ffb417e6,furniture_decor,e15cee02291017f6f12b4115ffb417e6,两月均有销量,2,1,4950,2475,49.5,24.75,24.75,24.75,-2475,-24.75,-50.0,-2475,0,,-24.75,0.0,
2017,stationery,e168af8b2f0d9319737c6a7a37904f9e,stationery,e168af8b2f0d9319737c6a7a37904f9e,两月均有销量,4,1,10860,2990,108.6,29.9,27.15,29.9,-7870,-78.7,-72.46777163904235,-8558,688,,-85.58,6.88,
2017,sports_leisure,e169dcec1f41c7d588f6648886492792,sports_leisure,e169dcec1f41c7d588f6648886492792,仅6月销售,0,1,0,13900,0.0,139.0,,139.0,13900,139.0,,,,13900,,,139.0
2017,furniture_decor,e19ddcc85537b41f22116c8d5425ef46,furniture_decor,e19ddcc85537b41f22116c8d5425ef46,两月均有销量,2,3,5998,8997,59.98,89.97,29.99,29.99,2999,29.99,50.0,2999,0,,29.99,0.0,
2017,baby,e1bf73a530f7e6ea9df12e1238ab7600,baby,e1bf73a530f7e6ea9df12e1238ab7600,仅6月销售,0,1,0,3590,0.0,35.9,,35.9,3590,35.9,,,,3590,,,35.9
2017,bed_bath_table,e1d6e56531bd9c3dfad4f905f81072c7,bed_bath_table,e1d6e56531bd9c3dfad4f905f81072c7,仅5月销售,1,0,8990,0,89.9,0.0,89.9,,-8990,-89.9,-100.0,,,-8990,,,-89.9
2017,housewares,e1dc23d88d327fefb34f58df7d6be272,housewares,e1dc23d88d327fefb34f58df7d6be272,仅6月销售,0,1,0,8990,0.0,89.9,,89.9,8990,89.9,,,,8990,,,89.9
2017,electronics,e1ea2e133d4ca99d20c365d4e3173989,electronics,e1ea2e133d4ca99d20c365d4e3173989,仅5月销售,1,0,2900,0,29.0,0.0,29.0,,-2900,-29.0,-100.0,,,-2900,,,-29.0
2017,sports_leisure,e1ef8c2b8bbfe112673cc1ca044f630a,sports_leisure,e1ef8c2b8bbfe112673cc1ca044f630a,仅6月销售,0,1,0,5661,0.0,56.61,,56.61,5661,56.61,,,,5661,,,56.61
2017,(unknown),e20be15ef3888b958c8a76a2f0edfc25,(unknown),e20be15ef3888b958c8a76a2f0edfc25,仅6月销售,0,1,0,3499,0.0,34.99,,34.99,3499,34.99,,,,3499,,,34.99
2017,sports_leisure,e213c4ab14d85a5a4a987bb6c543a952,sports_leisure,e213c4ab14d85a5a4a987bb6c543a952,仅6月销售,0,1,0,176900,0.0,1769.0,,1769.0,176900,1769.0,,,,176900,,,1769.0
2017,sports_leisure,e236a6527b89f3e6dacab326f7a33fd9,sports_leisure,e236a6527b89f3e6dacab326f7a33fd9,仅5月销售,1,0,15000,0,150.0,0.0,150.0,,-15000,-150.0,-100.0,,,-15000,,,-150.0
2017,fashion_bags_accessories,e24f73b7631ee3fbb2ab700a9acaa258,fashion_bags_accessories,e24f73b7631ee3fbb2ab700a9acaa258,仅5月销售,1,0,14200,0,142.0,0.0,142.0,,-14200,-142.0,-100.0,,,-14200,,,-142.0
2017,garden_tools,e251ebd2858be1aa7d9b2087a6992580,garden_tools,e251ebd2858be1aa7d9b2087a6992580,两月均有销量,2,8,25100,89600,251.0,896.0,125.5,112.0,64500,645.0,256.9721115537849,71250,-6750,,712.5,-67.5,
2017,computers_accessories,e256d05115f9eb3766f3ab752132a4e2,computers_accessories,e256d05115f9eb3766f3ab752132a4e2,两月均有销量,2,1,69800,34900,698.0,349.0,349.0,349.0,-34900,-349.0,-50.0,-34900,0,,-349.0,0.0,
2017,computers_accessories,e272c7b6c21c38e8ee510666a28460d4,computers_accessories,e272c7b6c21c38e8ee510666a28460d4,两月均有销量,3,1,359700,119900,3597.0,1199.0,1199.0,1199.0,-239800,-2398.0,-66.66666666666667,-239800,0,,-2398.0,0.0,
2017,furniture_living_room,e27c4dd075a521097a085bced0631ce7,furniture_living_room,e27c4dd075a521097a085bced0631ce7,两月均有销量,4,4,41588,41588,415.88,415.88,103.97,103.97,0,0.0,0.0,0,0,,0.0,0.0,
2017,telephony,e282624d8c82e04983f125e167eb4521,telephony,e282624d8c82e04983f125e167eb4521,两月均有销量,2,1,3798,1899,37.98,18.99,18.99,18.99,-1899,-18.99,-50.0,-1899,0,,-18.99,0.0,
2017,sports_leisure,e294d8786e16a7a67e98e5fd412e2e2e,sports_leisure,e294d8786e16a7a67e98e5fd412e2e2e,仅5月销售,1,0,5500,0,55.0,0.0,55.0,,-5500,-55.0,-100.0,,,-5500,,,-55.0
2017,computers_accessories,e2ba1ff659ac980030fe15554828f2eb,computers_accessories,e2ba1ff659ac980030fe15554828f2eb,仅5月销售,1,0,2691,0,26.91,0.0,26.91,,-2691,-26.91,-100.0,,,-2691,,,-26.91
2017,bed_bath_table,e2e426d1332240070b0a836a854d057b,bed_bath_table,e2e426d1332240070b0a836a854d057b,两月均有销量,1,5,3490,17450,34.9,174.5,34.9,34.9,13960,139.6,400.0,13960,0,,139.6,0.0,
2017,home_confort,e2fcaac49de7a3a90f0dc74d7b1e9f10,home_confort,e2fcaac49de7a3a90f0dc74d7b1e9f10,仅5月销售,2,0,59800,0,598.0,0.0,299.0,,-59800,-598.0,-100.0,,,-59800,,,-598.0
2017,consoles_games,e306ca54c91b21392317d5b4632c9fe3,consoles_games,e306ca54c91b21392317d5b4632c9fe3,两月均有销量,1,1,13530,13530,135.3,135.3,135.3,135.3,0,0.0,0.0,0,0,,0.0,0.0,
2017,telephony,e30a6d4fa7a954f72a0392de4c613243,telephony,e30a6d4fa7a954f72a0392de4c613243,仅6月销售,0,1,0,3490,0.0,34.9,,34.9,3490,34.9,,,,3490,,,34.9
2017,sports_leisure,e3236035f7e0c05a72c94efd538abf1e,sports_leisure,e3236035f7e0c05a72c94efd538abf1e,仅6月销售,0,1,0,5870,0.0,58.7,,58.7,5870,58.7,,,,5870,,,58.7
2017,fashion_male_clothing,e336c656869480e20d04ca9389b12167,fashion_male_clothing,e336c656869480e20d04ca9389b12167,仅6月销售,0,2,0,11980,0.0,119.8,,59.9,11980,119.8,,,,11980,,,119.8
2017,fashion_bags_accessories,e338f548cda0b52650b9acfd317a74db,fashion_bags_accessories,e338f548cda0b52650b9acfd317a74db,两月均有销量,2,1,10980,5490,109.8,54.9,54.9,54.9,-5490,-54.9,-50.0,-5490,0,,-54.9,0.0,
2017,watches_gifts,e3425df9bd51be69917273c9dd92ed5e,watches_gifts,e3425df9bd51be69917273c9dd92ed5e,两月均有销量,1,3,6689,20067,66.89,200.67,66.89,66.89,13378,133.78,200.0,13378,0,,133.78,0.0,
2017,computers_accessories,e35f45a92b1a28c527d6e9edfec12af9,computers_accessories,e35f45a92b1a28c527d6e9edfec12af9,仅5月销售,1,0,24900,0,249.0,0.0,249.0,,-24900,-249.0,-100.0,,,-24900,,,-249.0
2017,toys,e38bfda757257dee1985af625f8911fc,toys,e38bfda757257dee1985af625f8911fc,仅5月销售,1,0,39999,0,399.99,0.0,399.99,,-39999,-399.99,-100.0,,,-39999,,,-399.99
2017,fashion_bags_accessories,e3a23a99f074226ad690393a840c3244,fashion_bags_accessories,e3a23a99f074226ad690393a840c3244,仅5月销售,1,0,6999,0,69.99,0.0,69.99,,-6999,-69.99,-100.0,,,-6999,,,-69.99
2017,(unknown),e3b4b906fc11fd64318e4923a3d4594f,(unknown),e3b4b906fc11fd64318e4923a3d4594f,仅5月销售,1,0,62990,0,629.9,0.0,629.9,,-62990,-629.9,-100.0,,,-62990,,,-629.9
2017,perfumery,e3c46f9bda3b7060a8d3b9515bffc639,perfumery,e3c46f9bda3b7060a8d3b9515bffc639,仅5月销售,1,0,22199,0,221.99,0.0,221.99,,-22199,-221.99,-100.0,,,-22199,,,-221.99
2017,health_beauty,e3e020af31d4d89d2602272b315c3f6e,health_beauty,e3e020af31d4d89d2602272b315c3f6e,仅5月销售,1,0,2990,0,29.9,0.0,29.9,,-2990,-29.9,-100.0,,,-2990,,,-29.9
2017,health_beauty,e3ea1102502e62696f6f37a4d9f22535,health_beauty,e3ea1102502e62696f6f37a4d9f22535,仅6月销售,0,1,0,1495,0.0,14.95,,14.95,1495,14.95,,,,1495,,,14.95
2017,health_beauty,e41879396cfe504fa2e6951eb7e5a76c,health_beauty,e41879396cfe504fa2e6951eb7e5a76c,仅5月销售,1,0,9584,0,95.84,0.0,95.84,,-9584,-95.84,-100.0,,,-9584,,,-95.84
2017,office_furniture,e41a6ac2f57a273eb0d214c7cbab5db9,office_furniture,e41a6ac2f57a273eb0d214c7cbab5db9,仅6月销售,0,2,0,24998,0.0,249.98,,124.99,24998,249.98,,,,24998,,,249.98
2017,furniture_decor,e43311c5b307c31b994c47588c59b168,furniture_decor,e43311c5b307c31b994c47588c59b168,仅5月销售,1,0,2490,0,24.9,0.0,24.9,,-2490,-24.9,-100.0,,,-2490,,,-24.9
2017,home_confort,e43da23e8c063291ca4e887e6ee98107,home_confort,e43da23e8c063291ca4e887e6ee98107,仅5月销售,1,0,26900,0,269.0,0.0,269.0,,-26900,-269.0,-100.0,,,-26900,,,-269.0
2017,fashion_bags_accessories,e456721fdab66b576664c035ad183965,fashion_bags_accessories,e456721fdab66b576664c035ad183965,仅5月销售,3,0,8970,0,89.7,0.0,29.9,,-8970,-89.7,-100.0,,,-8970,,,-89.7
2017,furniture_decor,e478d0bd1efbc9329837d30c174bb850,furniture_decor,e478d0bd1efbc9329837d30c174bb850,仅5月销售,1,0,2990,0,29.9,0.0,29.9,,-2990,-29.9,-100.0,,,-2990,,,-29.9
2017,furniture_decor,e493b6001e292d2cdb2c6172bac9d0a4,furniture_decor,e493b6001e292d2cdb2c6172bac9d0a4,仅5月销售,1,0,4999,0,49.99,0.0,49.99,,-4999,-49.99,-100.0,,,-4999,,,-49.99
2017,stationery,e4ad97ce352e46bebac92018f6ed976d,stationery,e4ad97ce352e46bebac92018f6ed976d,仅5月销售,1,0,7900,0,79.0,0.0,79.0,,-7900,-79.0,-100.0,,,-7900,,,-79.0
2017,perfumery,e4c9d4670d5132aeded7f187fe4de0cc,perfumery,e4c9d4670d5132aeded7f187fe4de0cc,两月均有销量,2,1,35700,17850,357.0,178.5,178.5,178.5,-17850,-178.5,-50.0,-17850,0,,-178.5,0.0,
2017,sports_leisure,e4d1cdc6559e08672c98c73a21305521,sports_leisure,e4d1cdc6559e08672c98c73a21305521,两月均有销量,1,1,1550,1550,15.5,15.5,15.5,15.5,0,0.0,0.0,0,0,,0.0,0.0,
2017,cool_stuff,e4e48eb0d37d47a169208324e8e4d6ba,cool_stuff,e4e48eb0d37d47a169208324e8e4d6ba,仅6月销售,0,1,0,6333,0.0,63.33,,63.33,6333,63.33,,,,6333,,,63.33
2017,furniture_decor,e4e81849dd9ccdefe1e7398792a6a4b4,furniture_decor,e4e81849dd9ccdefe1e7398792a6a4b4,仅5月销售,3,0,14700,0,147.0,0.0,49.0,,-14700,-147.0,-100.0,,,-14700,,,-147.0
2017,sports_leisure,e4e9fa024c5f014419b395452a41987c,sports_leisure,e4e9fa024c5f014419b395452a41987c,仅6月销售,0,2,0,23980,0.0,239.8,,119.9,23980,239.8,,,,23980,,,239.8
2017,housewares,e4ef515e041ce5062868aacf106df8b3,housewares,e4ef515e041ce5062868aacf106df8b3,仅5月销售,2,0,19660,0,196.6,0.0,98.3,,-19660,-196.6,-100.0,,,-19660,,,-196.6
2017,computers_accessories,e502a4cfd9526d141774f8f7b3d2f782,computers_accessories,e502a4cfd9526d141774f8f7b3d2f782,仅5月销售,1,0,3990,0,39.9,0.0,39.9,,-3990,-39.9,-100.0,,,-3990,,,-39.9
2017,furniture_decor,e503a0c255ccb611962015bac936f938,furniture_decor,e503a0c255ccb611962015bac936f938,仅5月销售,1,0,38900,0,389.0,0.0,389.0,,-38900,-389.0,-100.0,,,-38900,,,-389.0
2017,sports_leisure,e5063ce7fff1cf7cd528dc4c1e7dcba8,sports_leisure,e5063ce7fff1cf7cd528dc4c1e7dcba8,仅6月销售,0,1,0,3590,0.0,35.9,,35.9,3590,35.9,,,,3590,,,35.9
2017,stationery,e5094db34f0aa5153f620cf2f1b22dad,stationery,e5094db34f0aa5153f620cf2f1b22dad,仅5月销售,1,0,4890,0,48.9,0.0,48.9,,-4890,-48.9,-100.0,,,-4890,,,-48.9
2017,bed_bath_table,e5196a46c6c0e0874d6e41ed149dcf20,bed_bath_table,e5196a46c6c0e0874d6e41ed149dcf20,仅6月销售,0,1,0,1590,0.0,15.9,,15.9,1590,15.9,,,,1590,,,15.9
2017,toys,e5220f9798ae3f322484c60a48ec67f9,toys,e5220f9798ae3f322484c60a48ec67f9,仅5月销售,1,0,6490,0,64.9,0.0,64.9,,-6490,-64.9,-100.0,,,-6490,,,-64.9
2017,cool_stuff,e526c01c04bb7ef5ba2773baffcc85e9,cool_stuff,e526c01c04bb7ef5ba2773baffcc85e9,仅6月销售,0,1,0,7990,0.0,79.9,,79.9,7990,79.9,,,,7990,,,79.9
2017,toys,e54464e95c9fb80e4edefa0ba49133c1,toys,e54464e95c9fb80e4edefa0ba49133c1,两月均有销量,1,1,5490,5490,54.9,54.9,54.9,54.9,0,0.0,0.0,0,0,,0.0,0.0,
2017,kitchen_dining_laundry_garden_furniture,e54c0428a8cf1b79f63823b92e20aacc,kitchen_dining_laundry_garden_furniture,e54c0428a8cf1b79f63823b92e20aacc,仅5月销售,1,0,16599,0,165.99,0.0,165.99,,-16599,-165.99,-100.0,,,-16599,,,-165.99
2017,bed_bath_table,e56b42f71554ce1f5b7dbd07ec8dca6d,bed_bath_table,e56b42f71554ce1f5b7dbd07ec8dca6d,仅5月销售,2,0,6998,0,69.98,0.0,34.99,,-6998,-69.98,-100.0,,,-6998,,,-69.98
2017,watches_gifts,e57eb018e37376580079825eb29a3419,watches_gifts,e57eb018e37376580079825eb29a3419,仅5月销售,1,0,8999,0,89.99,0.0,89.99,,-8999,-89.99,-100.0,,,-8999,,,-89.99
2017,cool_stuff,e5a19f25b139394121110bbaab05087c,cool_stuff,e5a19f25b139394121110bbaab05087c,仅5月销售,1,0,28950,0,289.5,0.0,289.5,,-28950,-289.5,-100.0,,,-28950,,,-289.5
2017,computers_accessories,e5ae72c62ebfa708624f5029d609b160,computers_accessories,e5ae72c62ebfa708624f5029d609b160,仅6月销售,0,3,0,18570,0.0,185.7,,61.9,18570,185.7,,,,18570,,,185.7
2017,electronics,e5cfaed5125bd848f496ca11de0ce00d,electronics,e5cfaed5125bd848f496ca11de0ce00d,仅5月销售,1,0,27225,0,272.25,0.0,272.25,,-27225,-272.25,-100.0,,,-27225,,,-272.25
2017,stationery,e5cfe28c9837136280f5f3e5e260e858,stationery,e5cfe28c9837136280f5f3e5e260e858,仅6月销售,0,1,0,33999,0.0,339.99,,339.99,33999,339.99,,,,33999,,,339.99
2017,telephony,e5da60b217874889dd4becf29412d793,telephony,e5da60b217874889dd4becf29412d793,仅6月销售,0,6,0,17994,0.0,179.94,,29.99,17994,179.94,,,,17994,,,179.94
2017,home_appliances,e5eadf9be70a4a9fa514019542fc330a,home_appliances,e5eadf9be70a4a9fa514019542fc330a,仅5月销售,1,0,6990,0,69.9,0.0,69.9,,-6990,-69.9,-100.0,,,-6990,,,-69.9
2017,furniture_decor,e5f4167c170ccd8777cbf51841b6f7f3,furniture_decor,e5f4167c170ccd8777cbf51841b6f7f3,两月均有销量,3,1,20370,6790,203.7,67.9,67.9,67.9,-13580,-135.8,-66.66666666666667,-13580,0,,-135.8,0.0,
2017,furniture_decor,e61f95fe83b531f0d8c152b6ad798eba,furniture_decor,e61f95fe83b531f0d8c152b6ad798eba,仅6月销售,0,1,0,6990,0.0,69.9,,69.9,6990,69.9,,,,6990,,,69.9
2017,fashion_bags_accessories,e6609e94d7b022fd6abf6142401618f9,fashion_bags_accessories,e6609e94d7b022fd6abf6142401618f9,两月均有销量,1,1,2199,4890,21.99,48.9,21.99,48.9,2691,26.91,122.37380627557981,0,2691,,0.0,26.91,
2017,bed_bath_table,e66b4ebb16777b24037fe7eda706add9,bed_bath_table,e66b4ebb16777b24037fe7eda706add9,仅6月销售,0,2,0,15980,0.0,159.8,,79.9,15980,159.8,,,,15980,,,159.8
2017,cool_stuff,e66c00a9093ec6803dc123140914b5e5,cool_stuff,e66c00a9093ec6803dc123140914b5e5,仅6月销售,0,1,0,7990,0.0,79.9,,79.9,7990,79.9,,,,7990,,,79.9
2017,toys,e66daaafff14b87ad5ebf02f6bf4dc42,toys,e66daaafff14b87ad5ebf02f6bf4dc42,仅6月销售,0,1,0,5990,0.0,59.9,,59.9,5990,59.9,,,,5990,,,59.9
2017,cool_stuff,e672fbe634ad07cce9d85f412becb2c0,cool_stuff,e672fbe634ad07cce9d85f412becb2c0,仅5月销售,2,0,25998,0,259.98,0.0,129.99,,-25998,-259.98,-100.0,,,-25998,,,-259.98
2017,health_beauty,e67307ff0f15ade43fcb6e670be7a74c,health_beauty,e67307ff0f15ade43fcb6e670be7a74c,两月均有销量,10,10,18990,18990,189.9,189.9,18.99,18.99,0,0.0,0.0,0,0,,0.0,0.0,
2017,cool_stuff,e68a5a5626c4b1bfc5ca78202f898300,cool_stuff,e68a5a5626c4b1bfc5ca78202f898300,两月均有销量,3,2,59997,39998,599.97,399.98,199.99,199.99,-19999,-199.99,-33.333333333333336,-19999,0,,-199.99,0.0,
2017,stationery,e68e475e0e1fa8744c2aef0f9864d679,stationery,e68e475e0e1fa8744c2aef0f9864d679,仅5月销售,1,0,21490,0,214.9,0.0,214.9,,-21490,-214.9,-100.0,,,-21490,,,-214.9
2017,audio,e6b6e13cf71449a457269f425b89dc74,audio,e6b6e13cf71449a457269f425b89dc74,仅5月销售,5,0,44950,0,449.5,0.0,89.9,,-44950,-449.5,-100.0,,,-44950,,,-449.5
2017,toys,e706d603c40437249cea9606699273a7,toys,e706d603c40437249cea9606699273a7,仅5月销售,1,0,11990,0,119.9,0.0,119.9,,-11990,-119.9,-100.0,,,-11990,,,-119.9
2017,fashion_bags_accessories,e706fb211285b40b3555b302920e61fd,fashion_bags_accessories,e706fb211285b40b3555b302920e61fd,仅6月销售,0,1,0,2490,0.0,24.9,,24.9,2490,24.9,,,,2490,,,24.9
2017,home_confort,e7597059b9e4eca21a96eed55693b31b,home_confort,e7597059b9e4eca21a96eed55693b31b,仅5月销售,1,0,22900,0,229.0,0.0,229.0,,-22900,-229.0,-100.0,,,-22900,,,-229.0
2017,perfumery,e78506414d2563b6414cfd84b7fa0802,perfumery,e78506414d2563b6414cfd84b7fa0802,仅6月销售,0,1,0,17900,0.0,179.0,,179.0,17900,179.0,,,,17900,,,179.0
2017,watches_gifts,e7890707ac0e4e190a74aa46c92e2c94,watches_gifts,e7890707ac0e4e190a74aa46c92e2c94,仅5月销售,1,0,5900,0,59.0,0.0,59.0,,-5900,-59.0,-100.0,,,-5900,,,-59.0
2017,computers_accessories,e79755f8622cb7f42ca6f7b72284a7af,computers_accessories,e79755f8622cb7f42ca6f7b72284a7af,仅5月销售,1,0,13500,0,135.0,0.0,135.0,,-13500,-135.0,-100.0,,,-13500,,,-135.0
2017,furniture_decor,e7bae0ddf5866c9dec4a6b0be57e0534,furniture_decor,e7bae0ddf5866c9dec4a6b0be57e0534,仅6月销售,0,1,0,5990,0.0,59.9,,59.9,5990,59.9,,,,5990,,,59.9
2017,furniture_decor,e7be44ed7d763eb6ca1fa75279ddcee9,furniture_decor,e7be44ed7d763eb6ca1fa75279ddcee9,仅5月销售,1,0,1990,0,19.9,0.0,19.9,,-1990,-19.9,-100.0,,,-1990,,,-19.9
2017,musical_instruments,e7be84ea9462aac5e2b0b08eb35ba7f1,musical_instruments,e7be84ea9462aac5e2b0b08eb35ba7f1,仅6月销售,0,1,0,490,0.0,4.9,,4.9,490,4.9,,,,490,,,4.9
2017,garden_tools,e7c8819338fc9a87e81ea2d90898f612,garden_tools,e7c8819338fc9a87e81ea2d90898f612,仅5月销售,4,0,179600,0,1796.0,0.0,449.0,,-179600,-1796.0,-100.0,,,-179600,,,-1796.0
2017,luggage_accessories,e7d26dd6742baca292020c158e6720c3,luggage_accessories,e7d26dd6742baca292020c158e6720c3,仅6月销售,0,3,0,16470,0.0,164.7,,54.9,16470,164.7,,,,16470,,,164.7
2017,baby,e7db7c40ea6647c808d48581f1308d88,baby,e7db7c40ea6647c808d48581f1308d88,仅5月销售,3,0,32970,0,329.7,0.0,109.9,,-32970,-329.7,-100.0,,,-32970,,,-329.7
2017,consoles_games,e7e03e8b1be7be77130e8f6e719fae5f,consoles_games,e7e03e8b1be7be77130e8f6e719fae5f,仅6月销售,0,1,0,899,0.0,8.99,,8.99,899,8.99,,,,899,,,8.99
2017,home_appliances_2,e7e0728e9e488b0a67ef4d95e98ee4c8,home_appliances_2,e7e0728e9e488b0a67ef4d95e98ee4c8,仅5月销售,1,0,20999,0,209.99,0.0,209.99,,-20999,-209.99,-100.0,,,-20999,,,-209.99
2017,pet_shop,e7f7fb397625c18bb0f39cfaf88168ed,pet_shop,e7f7fb397625c18bb0f39cfaf88168ed,仅5月销售,2,0,3360,0,33.6,0.0,16.8,,-3360,-33.6,-100.0,,,-3360,,,-33.6
2017,fashion_underwear_beach,e7f85596b92f92cb501855897696f66b,fashion_underwear_beach,e7f85596b92f92cb501855897696f66b,仅5月销售,1,0,6200,0,62.0,0.0,62.0,,-6200,-62.0,-100.0,,,-6200,,,-62.0
2017,computers_accessories,e81c3966e44d9ffb21a94481be3613d0,computers_accessories,e81c3966e44d9ffb21a94481be3613d0,仅5月销售,1,0,19990,0,199.9,0.0,199.9,,-19990,-199.9,-100.0,,,-19990,,,-199.9
2017,auto,e870001ffe8a98a3318c48957bd271ca,auto,e870001ffe8a98a3318c48957bd271ca,仅5月销售,1,0,2449,0,24.49,0.0,24.49,,-2449,-24.49,-100.0,,,-2449,,,-24.49
2017,toys,e87b2200e1df21f624eea3e9bd087dc0,toys,e87b2200e1df21f624eea3e9bd087dc0,两月均有销量,1,2,8990,17980,89.9,179.8,89.9,89.9,8990,89.9,100.0,8990,0,,89.9,0.0,
2017,bed_bath_table,e8978d476d166c952ffba0ba4b94097e,bed_bath_table,e8978d476d166c952ffba0ba4b94097e,仅6月销售,0,2,0,11980,0.0,119.8,,59.9,11980,119.8,,,,11980,,,119.8
2017,fashion_shoes,e8f22df5fa5b454907286aa61d6216a8,fashion_shoes,e8f22df5fa5b454907286aa61d6216a8,仅6月销售,0,1,0,7182,0.0,71.82,,71.82,7182,71.82,,,,7182,,,71.82
2017,fashion_sport,e8f7d2639ff8caa8b86e5973295898b7,fashion_sport,e8f7d2639ff8caa8b86e5973295898b7,仅6月销售,0,1,0,3990,0.0,39.9,,39.9,3990,39.9,,,,3990,,,39.9
2017,housewares,e920f7b4d8d5aea075445edf274ef24f,housewares,e920f7b4d8d5aea075445edf274ef24f,仅6月销售,0,1,0,1700,0.0,17.0,,17.0,1700,17.0,,,,1700,,,17.0
2017,baby,e93009b6d983b9f87a984b7fc9e67240,baby,e93009b6d983b9f87a984b7fc9e67240,仅5月销售,1,0,2399,0,23.99,0.0,23.99,,-2399,-23.99,-100.0,,,-2399,,,-23.99
2017,toys,e939d1e099a84143323ac0e7e90992de,toys,e939d1e099a84143323ac0e7e90992de,仅5月销售,1,0,16999,0,169.99,0.0,169.99,,-16999,-169.99,-100.0,,,-16999,,,-169.99
2017,pet_shop,e94df75b2e9a8b056be0c144a731f55c,pet_shop,e94df75b2e9a8b056be0c144a731f55c,两月均有销量,1,1,8450,8450,84.5,84.5,84.5,84.5,0,0.0,0.0,0,0,,0.0,0.0,
2017,pet_shop,e9880042522806f124fdd4f8c8514d0d,pet_shop,e9880042522806f124fdd4f8c8514d0d,仅6月销售,0,1,0,8860,0.0,88.6,,88.6,8860,88.6,,,,8860,,,88.6
2017,sports_leisure,e9b2560544c293e02f2b966041e10f24,sports_leisure,e9b2560544c293e02f2b966041e10f24,仅5月销售,1,0,15500,0,155.0,0.0,155.0,,-15500,-155.0,-100.0,,,-15500,,,-155.0
2017,health_beauty,e9c1abcc7126360336d8f56d49041a8c,health_beauty,e9c1abcc7126360336d8f56d49041a8c,仅5月销售,1,0,34900,0,349.0,0.0,349.0,,-34900,-349.0,-100.0,,,-34900,,,-349.0
2017,toys,e9def91e99c8ecb7c5cef5e31506a056,toys,e9def91e99c8ecb7c5cef5e31506a056,两月均有销量,4,2,23996,12998,239.96,129.98,59.99,64.99,-10998,-109.98,-45.832638773128856,-12498,1500,,-124.98,15.0,
2017,health_beauty,ea0698c943d7a9133e6d36de68654750,health_beauty,ea0698c943d7a9133e6d36de68654750,仅5月销售,1,0,13600,0,136.0,0.0,136.0,,-13600,-136.0,-100.0,,,-13600,,,-136.0
2017,baby,ea44caac707f7f1325182a538007f838,baby,ea44caac707f7f1325182a538007f838,两月均有销量,5,2,25000,10000,250.0,100.0,50.0,50.0,-15000,-150.0,-60.0,-15000,0,,-150.0,0.0,
2017,housewares,ea825f519217acda066b1f5cc7ba06b3,housewares,ea825f519217acda066b1f5cc7ba06b3,仅5月销售,2,0,4780,0,47.8,0.0,23.9,,-4780,-47.8,-100.0,,,-4780,,,-47.8
2017,la_cuisine,ea9b0b855335919945731f9368f83dc9,la_cuisine,ea9b0b855335919945731f9368f83dc9,仅5月销售,1,0,19300,0,193.0,0.0,193.0,,-19300,-193.0,-100.0,,,-19300,,,-193.0
2017,sports_leisure,eab1309765ca0c3ba5c2ae2b85b28b00,sports_leisure,eab1309765ca0c3ba5c2ae2b85b28b00,仅6月销售,0,1,0,19990,0.0,199.9,,199.9,19990,199.9,,,,19990,,,199.9
2017,housewares,eac611ce220f095680e35c1c1124bcb3,housewares,eac611ce220f095680e35c1c1124bcb3,仅5月销售,2,0,16580,0,165.8,0.0,82.9,,-16580,-165.8,-100.0,,,-16580,,,-165.8
2017,toys,eac894f4cb6bb0f613f80bdbfb18fa57,toys,eac894f4cb6bb0f613f80bdbfb18fa57,仅6月销售,0,2,0,22780,0.0,227.8,,113.9,22780,227.8,,,,22780,,,227.8
2017,bed_bath_table,eace264775d7cb8c0ec565d7746f661c,bed_bath_table,eace264775d7cb8c0ec565d7746f661c,仅5月销售,2,0,7980,0,79.8,0.0,39.9,,-7980,-79.8,-100.0,,,-7980,,,-79.8
2017,bed_bath_table,eaf2df1ba085ead0c130576b6ad37b2c,bed_bath_table,eaf2df1ba085ead0c130576b6ad37b2c,两月均有销量,1,1,7990,7990,79.9,79.9,79.9,79.9,0,0.0,0.0,0,0,,0.0,0.0,
2017,stationery,eaf3ca98b28c4329251a46380c8473c5,stationery,eaf3ca98b28c4329251a46380c8473c5,仅5月销售,1,0,18500,0,185.0,0.0,185.0,,-18500,-185.0,-100.0,,,-18500,,,-185.0
2017,sports_leisure,eafe7084b1d20c58faacfe86983c73ad,sports_leisure,eafe7084b1d20c58faacfe86983c73ad,仅6月销售,0,1,0,43900,0.0,439.0,,439.0,43900,439.0,,,,43900,,,439.0
2017,sports_leisure,eb005badd08b68a6361449b18b6e13bb,sports_leisure,eb005badd08b68a6361449b18b6e13bb,两月均有销量,1,1,4499,4499,44.99,44.99,44.99,44.99,0,0.0,0.0,0,0,,0.0,0.0,
2017,cool_stuff,eb0db7338f21fb5467875d41aaebe7b3,cool_stuff,eb0db7338f21fb5467875d41aaebe7b3,仅5月销售,2,0,27600,0,276.0,0.0,138.0,,-27600,-276.0,-100.0,,,-27600,,,-276.0
2017,telephony,eb25b740bfb245e32eb540c22c479adb,telephony,eb25b740bfb245e32eb540c22c479adb,仅5月销售,1,0,1499,0,14.99,0.0,14.99,,-1499,-14.99,-100.0,,,-1499,,,-14.99
2017,bed_bath_table,eb2b562ff5f5dd3af46e13264146f0c0,bed_bath_table,eb2b562ff5f5dd3af46e13264146f0c0,仅6月销售,0,1,0,18999,0.0,189.99,,189.99,18999,189.99,,,,18999,,,189.99
2017,computers_accessories,eb2ef5be3d5deff674149b9465d44738,computers_accessories,eb2ef5be3d5deff674149b9465d44738,两月均有销量,1,3,1990,5970,19.9,59.7,19.9,19.9,3980,39.8,200.0,3980,0,,39.8,0.0,
2017,telephony,eb551aa4ed7eb5e2839d5b7d2896bece,telephony,eb551aa4ed7eb5e2839d5b7d2896bece,仅6月销售,0,1,0,1899,0.0,18.99,,18.99,1899,18.99,,,,1899,,,18.99
2017,toys,eb7172d8a3c64298d2d767f6603c231e,toys,eb7172d8a3c64298d2d767f6603c231e,两月均有销量,4,1,17980,4495,179.8,44.95,44.95,44.95,-13485,-134.85,-75.0,-13485,0,,-134.85,0.0,
2017,sports_leisure,eb8dbe7d2dd22ab3547925e49a78feb3,sports_leisure,eb8dbe7d2dd22ab3547925e49a78feb3,仅5月销售,1,0,13300,0,133.0,0.0,133.0,,-13300,-133.0,-100.0,,,-13300,,,-133.0
2017,housewares,ebb7ccdb2a728a4188759bfa3cbd1fc0,housewares,ebb7ccdb2a728a4188759bfa3cbd1fc0,两月均有销量,1,2,9999,19998,99.99,199.98,99.99,99.99,9999,99.99,100.0,9999,0,,99.99,0.0,
2017,consoles_games,ebee6703e867082f455a058a8bd04092,consoles_games,ebee6703e867082f455a058a8bd04092,两月均有销量,3,1,11700,3900,117.0,39.0,39.0,39.0,-7800,-78.0,-66.66666666666667,-7800,0,,-78.0,0.0,
2017,toys,ebf19d90623587fde1eff2a222d8b177,toys,ebf19d90623587fde1eff2a222d8b177,两月均有销量,1,1,8900,8900,89.0,89.0,89.0,89.0,0,0.0,0.0,0,0,,0.0,0.0,
2017,bed_bath_table,ebf7d9b8166c02eb72e573eebd630458,bed_bath_table,ebf7d9b8166c02eb72e573eebd630458,仅6月销售,0,1,0,6000,0.0,60.0,,60.0,6000,60.0,,,,6000,,,60.0
2017,bed_bath_table,ebf969336461d98e41d31673d8af75ba,bed_bath_table,ebf969336461d98e41d31673d8af75ba,仅6月销售,0,1,0,4000,0.0,40.0,,40.0,4000,40.0,,,,4000,,,40.0
2017,housewares,ebfe7a4ca40dd34375e373405a114c32,housewares,ebfe7a4ca40dd34375e373405a114c32,仅6月销售,0,1,0,4889,0.0,48.89,,48.89,4889,48.89,,,,4889,,,48.89
2017,bed_bath_table,ec242882027ee23182f0e790e4117128,bed_bath_table,ec242882027ee23182f0e790e4117128,仅6月销售,0,1,0,7990,0.0,79.9,,79.9,7990,79.9,,,,7990,,,79.9
2017,sports_leisure,ec268f069320a08af47861967e4d7bee,sports_leisure,ec268f069320a08af47861967e4d7bee,仅6月销售,0,1,0,11280,0.0,112.8,,112.8,11280,112.8,,,,11280,,,112.8
2017,audio,ec2f95440d5e5376e3a25c8106f5ba76,audio,ec2f95440d5e5376e3a25c8106f5ba76,仅5月销售,2,0,35980,0,359.8,0.0,179.9,,-35980,-359.8,-100.0,,,-35980,,,-359.8
2017,computers_accessories,ec3f8e78677c7e0395b155bc67417158,computers_accessories,ec3f8e78677c7e0395b155bc67417158,仅5月销售,6,0,16980,0,169.8,0.0,28.3,,-16980,-169.8,-100.0,,,-16980,,,-169.8
2017,health_beauty,ec538f9435c2c6da3874121d51c5c556,health_beauty,ec538f9435c2c6da3874121d51c5c556,仅5月销售,1,0,19900,0,199.0,0.0,199.0,,-19900,-199.0,-100.0,,,-19900,,,-199.0
2017,housewares,ec57a06e82b65a87a440f8b31b987993,housewares,ec57a06e82b65a87a440f8b31b987993,仅5月销售,1,0,6900,0,69.0,0.0,69.0,,-6900,-69.0,-100.0,,,-6900,,,-69.0
2017,home_comfort_2,ec5b3c8bb77ad22278f6e9d719a83de3,home_comfort_2,ec5b3c8bb77ad22278f6e9d719a83de3,仅6月销售,0,1,0,1290,0.0,12.9,,12.9,1290,12.9,,,,1290,,,12.9
2017,furniture_decor,ec87fe7c217a713732b71344bc43274b,furniture_decor,ec87fe7c217a713732b71344bc43274b,仅5月销售,1,0,4055,0,40.55,0.0,40.55,,-4055,-40.55,-100.0,,,-4055,,,-40.55
2017,baby,ec8ae427905e10052ee4f1e9993b6763,baby,ec8ae427905e10052ee4f1e9993b6763,仅6月销售,0,1,0,11000,0.0,110.0,,110.0,11000,110.0,,,,11000,,,110.0
2017,sports_leisure,ecab3fa721d1b06c225f23c30f02eb5e,sports_leisure,ecab3fa721d1b06c225f23c30f02eb5e,仅6月销售,0,1,0,11949,0.0,119.49,,119.49,11949,119.49,,,,11949,,,119.49
2017,health_beauty,ecb6e29c8e01d5fbc73da1d0f12c088e,health_beauty,ecb6e29c8e01d5fbc73da1d0f12c088e,仅6月销售,0,1,0,9790,0.0,97.9,,97.9,9790,97.9,,,,9790,,,97.9
2017,electronics,ecbe401f10ecd3b822d940d63cc3311e,electronics,ecbe401f10ecd3b822d940d63cc3311e,仅5月销售,4,0,34600,0,346.0,0.0,86.5,,-34600,-346.0,-100.0,,,-34600,,,-346.0
2017,telephony,ecc7e6fab3b3398b08af2baf86214af6,telephony,ecc7e6fab3b3398b08af2baf86214af6,两月均有销量,1,1,9900,8000,99.0,80.0,99.0,80.0,-1900,-19.0,-19.19191919191919,0,-1900,,0.0,-19.0,
2017,housewares,ecf11081ba69df87eeaa46e5c3de564e,housewares,ecf11081ba69df87eeaa46e5c3de564e,仅5月销售,1,0,1414,0,14.14,0.0,14.14,,-1414,-14.14,-100.0,,,-1414,,,-14.14
2017,bed_bath_table,ecfb5255f55715e1faec3e6a316da6c3,bed_bath_table,ecfb5255f55715e1faec3e6a316da6c3,仅6月销售,0,1,0,6490,0.0,64.9,,64.9,6490,64.9,,,,6490,,,64.9
2017,construction_tools_construction,ed00a8453145186b3f071f1e3edef33d,construction_tools_construction,ed00a8453145186b3f071f1e3edef33d,仅6月销售,0,3,0,11670,0.0,116.7,,38.9,11670,116.7,,,,11670,,,116.7
2017,housewares,ed1d57799b8b974641a1acb3fd994016,housewares,ed1d57799b8b974641a1acb3fd994016,仅6月销售,0,1,0,4010,0.0,40.1,,40.1,4010,40.1,,,,4010,,,40.1
2017,furniture_mattress_and_upholstery,ed5783fe4b2194c66043e77b648ff4cb,furniture_mattress_and_upholstery,ed5783fe4b2194c66043e77b648ff4cb,仅5月销售,1,0,8650,0,86.5,0.0,86.5,,-8650,-86.5,-100.0,,,-8650,,,-86.5
2017,consoles_games,ed5f0d58e27cf65a07283c251747936f,consoles_games,ed5f0d58e27cf65a07283c251747936f,两月均有销量,1,1,5490,5490,54.9,54.9,54.9,54.9,0,0.0,0.0,0,0,,0.0,0.0,
2017,cool_stuff,ed6fbe9d8190ee9110b95ce820fc9f02,cool_stuff,ed6fbe9d8190ee9110b95ce820fc9f02,仅6月销售,0,1,0,3790,0.0,37.9,,37.9,3790,37.9,,,,3790,,,37.9
2017,computers_accessories,ed7090839f8e749840a20f1c1cc78717,computers_accessories,ed7090839f8e749840a20f1c1cc78717,两月均有销量,1,1,19990,18989,199.9,189.89,199.9,189.89,-1001,-10.01,-5.007503751875938,0,-1001,,0.0,-10.01,
2017,telephony,ed71a85647afea9562cd2a14b1ac8622,telephony,ed71a85647afea9562cd2a14b1ac8622,仅6月销售,0,1,0,24900,0.0,249.0,,249.0,24900,249.0,,,,24900,,,249.0
2017,housewares,ed7f66fbbc819ef7aa1894d2c34065f1,housewares,ed7f66fbbc819ef7aa1894d2c34065f1,仅6月销售,0,2,0,1980,0.0,19.8,,9.9,1980,19.8,,,,1980,,,19.8
2017,(unknown),ed906d6a6b38da71e48a5a0037939bfe,(unknown),ed906d6a6b38da71e48a5a0037939bfe,仅5月销售,1,0,6990,0,69.9,0.0,69.9,,-6990,-69.9,-100.0,,,-6990,,,-69.9
2017,audio,ed9b924bdbd0fd22c60aba6dddfbb6e5,audio,ed9b924bdbd0fd22c60aba6dddfbb6e5,仅5月销售,1,0,7900,0,79.0,0.0,79.0,,-7900,-79.0,-100.0,,,-7900,,,-79.0
2017,health_beauty,edae5a83fa229c8a7ec2d4730120bbda,health_beauty,edae5a83fa229c8a7ec2d4730120bbda,两月均有销量,2,1,3980,1990,39.8,19.9,19.9,19.9,-1990,-19.9,-50.0,-1990,0,,-19.9,0.0,
2017,telephony,edc388b2ba34de112c918ddcd465f5e9,telephony,edc388b2ba34de112c918ddcd465f5e9,仅5月销售,5,0,19995,0,199.95,0.0,39.99,,-19995,-199.95,-100.0,,,-19995,,,-199.95
2017,cool_stuff,edfbb2566914ddd223d3bd6fa1e9693c,cool_stuff,edfbb2566914ddd223d3bd6fa1e9693c,仅6月销售,0,1,0,32920,0.0,329.2,,329.2,32920,329.2,,,,32920,,,329.2
2017,sports_leisure,ee232674616de808d98d869168d6217f,sports_leisure,ee232674616de808d98d869168d6217f,仅6月销售,0,1,0,17600,0.0,176.0,,176.0,17600,176.0,,,,17600,,,176.0
2017,sports_leisure,ee37349d258101b9d573a256d1401ff7,sports_leisure,ee37349d258101b9d573a256d1401ff7,仅6月销售,0,1,0,9744,0.0,97.44,,97.44,9744,97.44,,,,9744,,,97.44
2017,housewares,ee3d41c81fc9573f585d13bd61ce58f6,housewares,ee3d41c81fc9573f585d13bd61ce58f6,仅5月销售,1,0,2975,0,29.75,0.0,29.75,,-2975,-29.75,-100.0,,,-2975,,,-29.75
2017,garden_tools,ee47f3323aacfeba9e122400e5200fe5,garden_tools,ee47f3323aacfeba9e122400e5200fe5,仅5月销售,1,0,12990,0,129.9,0.0,129.9,,-12990,-129.9,-100.0,,,-12990,,,-129.9
2017,health_beauty,ee5329ffbe604bebcf84b2fd7792024e,health_beauty,ee5329ffbe604bebcf84b2fd7792024e,仅6月销售,0,2,0,46600,0.0,466.0,,233.0,46600,466.0,,,,46600,,,466.0
2017,air_conditioning,ee5f76ffc21d34eee5edae9c8408082a,air_conditioning,ee5f76ffc21d34eee5edae9c8408082a,仅6月销售,0,1,0,16900,0.0,169.0,,169.0,16900,169.0,,,,16900,,,169.0
2017,sports_leisure,ee6540b34ea60c885c775fa9b52e81e3,sports_leisure,ee6540b34ea60c885c775fa9b52e81e3,仅6月销售,0,1,0,5630,0.0,56.3,,56.3,5630,56.3,,,,5630,,,56.3
2017,toys,ee6e15447094b902e95fa175c5695cee,toys,ee6e15447094b902e95fa175c5695cee,仅6月销售,0,1,0,19999,0.0,199.99,,199.99,19999,199.99,,,,19999,,,199.99
2017,fashion_bags_accessories,ee7cb55a3fb6c3f091ecbfcdc46359c6,fashion_bags_accessories,ee7cb55a3fb6c3f091ecbfcdc46359c6,仅5月销售,1,0,4900,0,49.0,0.0,49.0,,-4900,-49.0,-100.0,,,-4900,,,-49.0
2017,furniture_decor,ee7de8d5e813bc4c5f9f1c38ba41e7e5,furniture_decor,ee7de8d5e813bc4c5f9f1c38ba41e7e5,仅6月销售,0,1,0,2490,0.0,24.9,,24.9,2490,24.9,,,,2490,,,24.9
2017,baby,ee80ea0c69b045dea85bfb8efed4bfac,baby,ee80ea0c69b045dea85bfb8efed4bfac,仅6月销售,0,1,0,5990,0.0,59.9,,59.9,5990,59.9,,,,5990,,,59.9
2017,telephony,ee8ac61007ef85514383c4286df83fe7,telephony,ee8ac61007ef85514383c4286df83fe7,仅6月销售,0,1,0,3799,0.0,37.99,,37.99,3799,37.99,,,,3799,,,37.99
2017,baby,ee8b16196604ed47b34b094351ce68e2,baby,ee8b16196604ed47b34b094351ce68e2,仅5月销售,1,0,10990,0,109.9,0.0,109.9,,-10990,-109.9,-100.0,,,-10990,,,-109.9
2017,furniture_decor,ee8c064d6aa1ff4a130e616fab03e284,furniture_decor,ee8c064d6aa1ff4a130e616fab03e284,仅5月销售,2,0,39980,0,399.8,0.0,199.9,,-39980,-399.8,-100.0,,,-39980,,,-399.8
2017,watches_gifts,ee918a5c4e95f273708c2582a5314325,watches_gifts,ee918a5c4e95f273708c2582a5314325,仅5月销售,1,0,61000,0,610.0,0.0,610.0,,-61000,-610.0,-100.0,,,-61000,,,-610.0
2017,toys,eea7c32deef50f6da0daad60afed9567,toys,eea7c32deef50f6da0daad60afed9567,仅6月销售,0,1,0,4725,0.0,47.25,,47.25,4725,47.25,,,,4725,,,47.25
2017,bed_bath_table,eebbed5ed3b134eceb717496c47652ba,bed_bath_table,eebbed5ed3b134eceb717496c47652ba,两月均有销量,4,3,39996,29997,399.96,299.97,99.99,99.99,-9999,-99.99,-25.0,-9999,0,,-99.99,0.0,
2017,fashion_bags_accessories,eed87e4310f2dbbddf043552065b660e,fashion_bags_accessories,eed87e4310f2dbbddf043552065b660e,仅6月销售,0,1,0,2490,0.0,24.9,,24.9,2490,24.9,,,,2490,,,24.9
2017,consoles_games,eee9f2330ff9789be1480d98f060a7ae,consoles_games,eee9f2330ff9789be1480d98f060a7ae,仅6月销售,0,2,0,8000,0.0,80.0,,40.0,8000,80.0,,,,8000,,,80.0
2017,(unknown),eef398550dd9575d23eb2d8be74bd45a,(unknown),eef398550dd9575d23eb2d8be74bd45a,两月均有销量,2,1,8980,4490,89.8,44.9,44.9,44.9,-4490,-44.9,-50.0,-4490,0,,-44.9,0.0,
2017,dvds_blu_ray,eefc762f81da3ef743a44e15590c5718,dvds_blu_ray,eefc762f81da3ef743a44e15590c5718,仅5月销售,1,0,2990,0,29.9,0.0,29.9,,-2990,-29.9,-100.0,,,-2990,,,-29.9
2017,health_beauty,ef06c0458c76196646fe25444b793139,health_beauty,ef06c0458c76196646fe25444b793139,两月均有销量,1,1,2500,2500,25.0,25.0,25.0,25.0,0,0.0,0.0,0,0,,0.0,0.0,
2017,books_general_interest,ef2af887de5e84d6de178a621eb954e8,books_general_interest,ef2af887de5e84d6de178a621eb954e8,仅5月销售,1,0,3499,0,34.99,0.0,34.99,,-3499,-34.99,-100.0,,,-3499,,,-34.99
2017,sports_leisure,ef30fdd053284aaffa42dfd5612b66d8,sports_leisure,ef30fdd053284aaffa42dfd5612b66d8,仅5月销售,1,0,37900,0,379.0,0.0,379.0,,-37900,-379.0,-100.0,,,-37900,,,-379.0
2017,sports_leisure,ef4540657d5c1a50e8d348744f563d05,sports_leisure,ef4540657d5c1a50e8d348744f563d05,仅6月销售,0,1,0,79200,0.0,792.0,,792.0,79200,792.0,,,,79200,,,792.0
2017,bed_bath_table,ef59185c3acc6f127418c82873215194,bed_bath_table,ef59185c3acc6f127418c82873215194,仅5月销售,1,0,11099,0,110.99,0.0,110.99,,-11099,-110.99,-100.0,,,-11099,,,-110.99
2017,telephony,ef7de0bbb0e0b0110c270e9381719761,telephony,ef7de0bbb0e0b0110c270e9381719761,仅5月销售,1,0,1899,0,18.99,0.0,18.99,,-1899,-18.99,-100.0,,,-1899,,,-18.99
2017,housewares,ef92defde845ab8450f9d70c526ef70f,housewares,ef92defde845ab8450f9d70c526ef70f,两月均有销量,2,2,4380,4380,43.8,43.8,21.9,21.9,0,0.0,0.0,0,0,,0.0,0.0,
2017,sports_leisure,ef9ae4fb9a9005e8e463cc2616084276,sports_leisure,ef9ae4fb9a9005e8e463cc2616084276,两月均有销量,1,1,20699,22390,206.99,223.9,206.99,223.9,1691,16.91,8.16947678631818,0,1691,,0.0,16.91,
2017,furniture_decor,efa91c03c750cf82e0e9fc5523aca73c,furniture_decor,efa91c03c750cf82e0e9fc5523aca73c,仅6月销售,0,1,0,7335,0.0,73.35,,73.35,7335,73.35,,,,7335,,,73.35
2017,bed_bath_table,efaeb3361423a3cb388b7bf8741ca075,bed_bath_table,efaeb3361423a3cb388b7bf8741ca075,两月均有销量,1,1,11990,11990,119.9,119.9,119.9,119.9,0,0.0,0.0,0,0,,0.0,0.0,
2017,consoles_games,efcb9126521b2cad4902c2346168c65b,consoles_games,efcb9126521b2cad4902c2346168c65b,仅5月销售,1,0,2152,0,21.52,0.0,21.52,,-2152,-21.52,-100.0,,,-2152,,,-21.52
2017,fashion_bags_accessories,efeae7f900647c4d4e71943638b8c2d3,fashion_bags_accessories,efeae7f900647c4d4e71943638b8c2d3,仅5月销售,1,0,3990,0,39.9,0.0,39.9,,-3990,-39.9,-100.0,,,-3990,,,-39.9
2017,furniture_decor,eff955ba97941dc6837a770367d66944,furniture_decor,eff955ba97941dc6837a770367d66944,两月均有销量,1,2,4390,8780,43.9,87.8,43.9,43.9,4390,43.9,100.0,4390,0,,43.9,0.0,
2017,pet_shop,f00cc56c5df0c63515f85365d418e199,pet_shop,f00cc56c5df0c63515f85365d418e199,仅6月销售,0,2,0,7800,0.0,78.0,,39.0,7800,78.0,,,,7800,,,78.0
2017,housewares,f014ea8c6c04cc78a9e70319e351dc4b,housewares,f014ea8c6c04cc78a9e70319e351dc4b,仅5月销售,1,0,3000,0,30.0,0.0,30.0,,-3000,-30.0,-100.0,,,-3000,,,-30.0
2017,bed_bath_table,f045db2493d42bb131ef8e37c3aef061,bed_bath_table,f045db2493d42bb131ef8e37c3aef061,两月均有销量,3,2,77970,51980,779.7,519.8,259.9,259.9,-25990,-259.9,-33.333333333333336,-25990,0,,-259.9,0.0,
2017,bed_bath_table,f07dfd51b27ae763526ca43745920b7d,bed_bath_table,f07dfd51b27ae763526ca43745920b7d,仅6月销售,0,1,0,1490,0.0,14.9,,14.9,1490,14.9,,,,1490,,,14.9
2017,watches_gifts,f081174cf4cde1e4f75cd45b4518bbe6,watches_gifts,f081174cf4cde1e4f75cd45b4518bbe6,仅6月销售,0,1,0,13990,0.0,139.9,,139.9,13990,139.9,,,,13990,,,139.9
2017,furniture_decor,f08c59bc335a381d2b015c4efdc6dae3,furniture_decor,f08c59bc335a381d2b015c4efdc6dae3,仅6月销售,0,1,0,5090,0.0,50.9,,50.9,5090,50.9,,,,5090,,,50.9
2017,housewares,f0973383ec656ea00297313758897094,housewares,f0973383ec656ea00297313758897094,仅5月销售,1,0,23400,0,234.0,0.0,234.0,,-23400,-234.0,-100.0,,,-23400,,,-234.0
2017,stationery,f09b7fd613031e630e7b5cf9911c0318,stationery,f09b7fd613031e630e7b5cf9911c0318,仅6月销售,0,1,0,7900,0.0,79.0,,79.0,7900,79.0,,,,7900,,,79.0
2017,sports_leisure,f0aeff7723abbe804226f96c5b1db7ef,sports_leisure,f0aeff7723abbe804226f96c5b1db7ef,两月均有销量,2,1,3980,1890,39.8,18.9,19.9,18.9,-2090,-20.9,-52.51256281407035,-1940,-150,,-19.4,-1.5,
2017,pet_shop,f0b23cf62b44c4cbd631ee45ccb8fc60,pet_shop,f0b23cf62b44c4cbd631ee45ccb8fc60,仅5月销售,1,0,3680,0,36.8,0.0,36.8,,-3680,-36.8,-100.0,,,-3680,,,-36.8
2017,(unknown),f0ea71b6e2ab4cb3bd8f5ba522a25a56,(unknown),f0ea71b6e2ab4cb3bd8f5ba522a25a56,仅5月销售,3,0,37440,0,374.4,0.0,124.8,,-37440,-374.4,-100.0,,,-37440,,,-374.4
2017,furniture_decor,f0f25035bed5ba1a75a678c0f9f09190,furniture_decor,f0f25035bed5ba1a75a678c0f9f09190,两月均有销量,1,1,6290,6290,62.9,62.9,62.9,62.9,0,0.0,0.0,0,0,,0.0,0.0,
2017,auto,f0f3c686ec837b27ec9da08762d85317,auto,f0f3c686ec837b27ec9da08762d85317,仅5月销售,1,0,4999,0,49.99,0.0,49.99,,-4999,-49.99,-100.0,,,-4999,,,-49.99
2017,musical_instruments,f0fad8c5dfa2549bff0ca38e82823cf5,musical_instruments,f0fad8c5dfa2549bff0ca38e82823cf5,仅5月销售,1,0,39985,0,399.85,0.0,399.85,,-39985,-399.85,-100.0,,,-39985,,,-399.85
2017,furniture_decor,f15dfa318985df28b020ca9fa88552aa,furniture_decor,f15dfa318985df28b020ca9fa88552aa,仅6月销售,0,1,0,7999,0.0,79.99,,79.99,7999,79.99,,,,7999,,,79.99
2017,cool_stuff,f175811ea0e0a865f56125dfbb04a8a6,cool_stuff,f175811ea0e0a865f56125dfbb04a8a6,仅6月销售,0,1,0,6999,0.0,69.99,,69.99,6999,69.99,,,,6999,,,69.99
2017,fashion_bags_accessories,f177b434709ecb652dbee4f4b19aef2f,fashion_bags_accessories,f177b434709ecb652dbee4f4b19aef2f,两月均有销量,1,1,2499,2499,24.99,24.99,24.99,24.99,0,0.0,0.0,0,0,,0.0,0.0,
2017,sports_leisure,f18e94c9042a09a45c22444e432c0fe5,sports_leisure,f18e94c9042a09a45c22444e432c0fe5,仅5月销售,1,0,13600,0,136.0,0.0,136.0,,-13600,-136.0,-100.0,,,-13600,,,-136.0
2017,furniture_decor,f18f40e6344e72cfd537f21d9745e8cc,furniture_decor,f18f40e6344e72cfd537f21d9745e8cc,仅5月销售,1,0,39999,0,399.99,0.0,399.99,,-39999,-399.99,-100.0,,,-39999,,,-399.99
2017,bed_bath_table,f1c7f353075ce59d8a6f3cf58f419c9c,bed_bath_table,f1c7f353075ce59d8a6f3cf58f419c9c,两月均有销量,1,10,21500,209000,215.0,2090.0,215.0,209.0,187500,1875.0,872.0930232558139,190800,-3300,,1908.0,-33.0,
2017,market_place,f1d3e7a4605f6cd5f2a3cf9bde5c7845,market_place,f1d3e7a4605f6cd5f2a3cf9bde5c7845,两月均有销量,1,1,18990,18990,189.9,189.9,189.9,189.9,0,0.0,0.0,0,0,,0.0,0.0,
2017,furniture_decor,f1e297029531521190bb2312a90df567,furniture_decor,f1e297029531521190bb2312a90df567,仅6月销售,0,4,0,11996,0.0,119.96,,29.99,11996,119.96,,,,11996,,,119.96
2017,furniture_decor,f1f47f712d19a52644c70a297ee0e27c,furniture_decor,f1f47f712d19a52644c70a297ee0e27c,仅6月销售,0,1,0,1850,0.0,18.5,,18.5,1850,18.5,,,,1850,,,18.5
2017,housewares,f201c94e7d8aa11b6ab049d69730309d,housewares,f201c94e7d8aa11b6ab049d69730309d,仅6月销售,0,4,0,67760,0.0,677.6,,169.4,67760,677.6,,,,67760,,,677.6
2017,housewares,f20d17c5697e45b09853253384f0c583,housewares,f20d17c5697e45b09853253384f0c583,两月均有销量,2,2,6980,6980,69.8,69.8,34.9,34.9,0,0.0,0.0,0,0,,0.0,0.0,
2017,garden_tools,f2169c25db6a579fde210bf8ce7ce9d7,garden_tools,f2169c25db6a579fde210bf8ce7ce9d7,仅5月销售,2,0,159800,0,1598.0,0.0,799.0,,-159800,-1598.0,-100.0,,,-159800,,,-1598.0
2017,sports_leisure,f21e1de90419150c02ace62c23ed2a7d,sports_leisure,f21e1de90419150c02ace62c23ed2a7d,仅6月销售,0,1,0,2833,0.0,28.33,,28.33,2833,28.33,,,,2833,,,28.33
2017,housewares,f21f412e0f365a657f34ec9e2c124353,housewares,f21f412e0f365a657f34ec9e2c124353,仅6月销售,0,2,0,7980,0.0,79.8,,39.9,7980,79.8,,,,7980,,,79.8
2017,auto,f22c9d6ce2431ff939aad39e026cc7ef,auto,f22c9d6ce2431ff939aad39e026cc7ef,两月均有销量,2,1,239980,119990,2399.8,1199.9,1199.9,1199.9,-119990,-1199.9,-50.0,-119990,0,,-1199.9,0.0,
2017,(unknown),f2317e7dd5b1b4dea36595ff6db6f14b,(unknown),f2317e7dd5b1b4dea36595ff6db6f14b,仅5月销售,1,0,3990,0,39.9,0.0,39.9,,-3990,-39.9,-100.0,,,-3990,,,-39.9
2017,baby,f2577870331ed710015cbfb36ce2e027,baby,f2577870331ed710015cbfb36ce2e027,仅5月销售,1,0,11000,0,110.0,0.0,110.0,,-11000,-110.0,-100.0,,,-11000,,,-110.0
2017,bed_bath_table,f25b4b41194b370120c42e1b19bd2a8a,bed_bath_table,f25b4b41194b370120c42e1b19bd2a8a,仅5月销售,1,0,14490,0,144.9,0.0,144.9,,-14490,-144.9,-100.0,,,-14490,,,-144.9
2017,sports_leisure,f26157889d4e8ee5b3cbcce8e51c7d2f,sports_leisure,f26157889d4e8ee5b3cbcce8e51c7d2f,仅5月销售,1,0,16990,0,169.9,0.0,169.9,,-16990,-169.9,-100.0,,,-16990,,,-169.9
2017,cool_stuff,f264c1d9b20b5e4a340254d0405e613b,cool_stuff,f264c1d9b20b5e4a340254d0405e613b,两月均有销量,10,5,69990,34995,699.9,349.95,69.99,69.99,-34995,-349.95,-50.0,-34995,0,,-349.95,0.0,
2017,furniture_decor,f285eba83f21f018d6cf58aceb1a8285,furniture_decor,f285eba83f21f018d6cf58aceb1a8285,仅5月销售,1,0,9496,0,94.96,0.0,94.96,,-9496,-94.96,-100.0,,,-9496,,,-94.96
2017,health_beauty,f2af004352a06a99dca765596240cbc3,health_beauty,f2af004352a06a99dca765596240cbc3,两月均有销量,3,2,13470,8980,134.7,89.8,44.9,44.9,-4490,-44.9,-33.333333333333336,-4490,0,,-44.9,0.0,
2017,garden_tools,f2b264b1a4602b87d64eebefc899c1d0,garden_tools,f2b264b1a4602b87d64eebefc899c1d0,仅5月销售,1,0,7999,0,79.99,0.0,79.99,,-7999,-79.99,-100.0,,,-7999,,,-79.99
2017,furniture_decor,f2bec64d5d795250be5e5ec2d38a19b6,furniture_decor,f2bec64d5d795250be5e5ec2d38a19b6,仅6月销售,0,1,0,6990,0.0,69.9,,69.9,6990,69.9,,,,6990,,,69.9
2017,home_appliances,f2da7d1f7a4ce383542342a00f94ff25,home_appliances,f2da7d1f7a4ce383542342a00f94ff25,仅5月销售,1,0,7200,0,72.0,0.0,72.0,,-7200,-72.0,-100.0,,,-7200,,,-72.0
2017,bed_bath_table,f2e53dd1670f3c376518263b3f71424d,bed_bath_table,f2e53dd1670f3c376518263b3f71424d,仅5月销售,2,0,21980,0,219.8,0.0,109.9,,-21980,-219.8,-100.0,,,-21980,,,-219.8
2017,furniture_decor,f2e9bb932d99a4a695ebde162fcefc35,furniture_decor,f2e9bb932d99a4a695ebde162fcefc35,仅5月销售,1,0,11900,0,119.0,0.0,119.0,,-11900,-119.0,-100.0,,,-11900,,,-119.0
2017,bed_bath_table,f2f411f86bd5bd427e28e2a30771761f,bed_bath_table,f2f411f86bd5bd427e28e2a30771761f,仅6月销售,0,1,0,8990,0.0,89.9,,89.9,8990,89.9,,,,8990,,,89.9
2017,fashion_sport,f2f960ea3804c29b5e5834c34082a0f4,fashion_sport,f2f960ea3804c29b5e5834c34082a0f4,仅6月销售,0,1,0,8990,0.0,89.9,,89.9,8990,89.9,,,,8990,,,89.9
2017,bed_bath_table,f303e2cdf0967ef1a153d12f2685d280,bed_bath_table,f303e2cdf0967ef1a153d12f2685d280,仅6月销售,0,2,0,10698,0.0,106.98,,53.49,10698,106.98,,,,10698,,,106.98
2017,housewares,f353779abb6114db5f8f79fbad12e375,housewares,f353779abb6114db5f8f79fbad12e375,仅5月销售,1,0,8250,0,82.5,0.0,82.5,,-8250,-82.5,-100.0,,,-8250,,,-82.5
2017,books_general_interest,f35927953ed82e19d06ad3aac2f06353,books_general_interest,f35927953ed82e19d06ad3aac2f06353,两月均有销量,2,5,23000,57500,230.0,575.0,115.0,115.0,34500,345.0,150.0,34500,0,,345.0,0.0,
2017,auto,f361fccba568fabe00db466f80626d1e,auto,f361fccba568fabe00db466f80626d1e,两月均有销量,2,4,3180,6360,31.8,63.6,15.9,15.9,3180,31.8,100.0,3180,0,,31.8,0.0,
2017,consoles_games,f3663060e64c25fba789fe033263da67,consoles_games,f3663060e64c25fba789fe033263da67,仅6月销售,0,1,0,6700,0.0,67.0,,67.0,6700,67.0,,,,6700,,,67.0
2017,computers_accessories,f3720bc68555b1bff49b9ffd41b017ac,computers_accessories,f3720bc68555b1bff49b9ffd41b017ac,仅6月销售,0,4,0,79600,0.0,796.0,,199.0,79600,796.0,,,,79600,,,796.0
2017,computers_accessories,f37d4bcbd21078ef36fd59518e99f045,computers_accessories,f37d4bcbd21078ef36fd59518e99f045,仅5月销售,1,0,19900,0,199.0,0.0,199.0,,-19900,-199.0,-100.0,,,-19900,,,-199.0
2017,consoles_games,f39235c3486cd7ead746fc048475495c,consoles_games,f39235c3486cd7ead746fc048475495c,仅6月销售,0,1,0,4990,0.0,49.9,,49.9,4990,49.9,,,,4990,,,49.9
2017,fashion_shoes,f39288f58793ce5e6985b3f7832af88c,fashion_shoes,f39288f58793ce5e6985b3f7832af88c,仅6月销售,0,1,0,3590,0.0,35.9,,35.9,3590,35.9,,,,3590,,,35.9
2017,consoles_games,f39a8b27ce90ac582103bf36f09690dd,consoles_games,f39a8b27ce90ac582103bf36f09690dd,仅6月销售,0,1,0,39900,0.0,399.0,,399.0,39900,399.0,,,,39900,,,399.0
2017,stationery,f39e720d7174b473f81e8a7103e562fb,stationery,f39e720d7174b473f81e8a7103e562fb,仅5月销售,1,0,17490,0,174.9,0.0,174.9,,-17490,-174.9,-100.0,,,-17490,,,-174.9
2017,bed_bath_table,f3a0e8de0d8bada90f638dd837416ad7,bed_bath_table,f3a0e8de0d8bada90f638dd837416ad7,仅6月销售,0,1,0,15900,0.0,159.0,,159.0,15900,159.0,,,,15900,,,159.0
2017,watches_gifts,f3a67aed340d9b5f218c2d177cc720e3,watches_gifts,f3a67aed340d9b5f218c2d177cc720e3,仅5月销售,3,0,14370,0,143.7,0.0,47.9,,-14370,-143.7,-100.0,,,-14370,,,-143.7
2017,bed_bath_table,f3c5707e7c539ab6533e3611da02b648,bed_bath_table,f3c5707e7c539ab6533e3611da02b648,两月均有销量,2,1,32198,16099,321.98,160.99,160.99,160.99,-16099,-160.99,-50.0,-16099,0,,-160.99,0.0,
2017,art,f3c5f7d4a6b87b94a7ce5fa1c1b2ca10,art,f3c5f7d4a6b87b94a7ce5fa1c1b2ca10,仅6月销售,0,1,0,9000,0.0,90.0,,90.0,9000,90.0,,,,9000,,,90.0
2017,housewares,f3ce47ccf98da2906f6b8b1387618e07,housewares,f3ce47ccf98da2906f6b8b1387618e07,两月均有销量,1,5,11899,59495,118.99,594.95,118.99,118.99,47596,475.96,400.0,47596,0,,475.96,0.0,
2017,computers_accessories,f3dadec221142e379d7113915c1d0fa8,computers_accessories,f3dadec221142e379d7113915c1d0fa8,仅5月销售,1,0,5100,0,51.0,0.0,51.0,,-5100,-51.0,-100.0,,,-5100,,,-51.0
2017,sports_leisure,f3dbf072e817667fbde052aae313cce1,sports_leisure,f3dbf072e817667fbde052aae313cce1,仅5月销售,1,0,13500,0,135.0,0.0,135.0,,-13500,-135.0,-100.0,,,-13500,,,-135.0
2017,stationery,f3ead0dbcae5b065731b183396c1da2f,stationery,f3ead0dbcae5b065731b183396c1da2f,仅6月销售,0,1,0,4500,0.0,45.0,,45.0,4500,45.0,,,,4500,,,45.0
2017,computers_accessories,f405ca375ecf0c43fd547ed766df66cc,computers_accessories,f405ca375ecf0c43fd547ed766df66cc,仅6月销售,0,2,0,38000,0.0,380.0,,190.0,38000,380.0,,,,38000,,,380.0
2017,telephony,f40ef461e35cca158e568c17293fb5be,telephony,f40ef461e35cca158e568c17293fb5be,两月均有销量,2,1,3798,1899,37.98,18.99,18.99,18.99,-1899,-18.99,-50.0,-1899,0,,-18.99,0.0,
2017,toys,f422d0d9f8b5f7c27289382b14b61248,toys,f422d0d9f8b5f7c27289382b14b61248,两月均有销量,2,1,13398,6699,133.98,66.99,66.99,66.99,-6699,-66.99,-50.0,-6699,0,,-66.99,0.0,
2017,home_confort,f42892b40225227fe465626ff509a92e,home_confort,f42892b40225227fe465626ff509a92e,仅5月销售,1,0,8990,0,89.9,0.0,89.9,,-8990,-89.9,-100.0,,,-8990,,,-89.9
2017,sports_leisure,f43d8c92c915b3b6974ff58ed1f4d996,sports_leisure,f43d8c92c915b3b6974ff58ed1f4d996,仅6月销售,0,1,0,3190,0.0,31.9,,31.9,3190,31.9,,,,3190,,,31.9
2017,dvds_blu_ray,f44a1931c29511b4e200e4c044c83cca,dvds_blu_ray,f44a1931c29511b4e200e4c044c83cca,仅6月销售,0,1,0,1690,0.0,16.9,,16.9,1690,16.9,,,,1690,,,16.9
2017,computers_accessories,f457c5f0c72ba4cae17636c5174add2e,computers_accessories,f457c5f0c72ba4cae17636c5174add2e,仅5月销售,1,0,1800,0,18.0,0.0,18.0,,-1800,-18.0,-100.0,,,-1800,,,-18.0
2017,sports_leisure,f4621f8ad6f54a2e3c408884068be46d,sports_leisure,f4621f8ad6f54a2e3c408884068be46d,仅5月销售,1,0,10170,0,101.7,0.0,101.7,,-10170,-101.7,-100.0,,,-10170,,,-101.7
2017,toys,f47aba0548334576be219248646ff695,toys,f47aba0548334576be219248646ff695,两月均有销量,2,1,25980,12990,259.8,129.9,129.9,129.9,-12990,-129.9,-50.0,-12990,0,,-129.9,0.0,
2017,housewares,f487b1c4ef5ac6ad6d09b6f1426fb6f0,housewares,f487b1c4ef5ac6ad6d09b6f1426fb6f0,仅6月销售,0,1,0,5106,0.0,51.06,,51.06,5106,51.06,,,,5106,,,51.06
2017,perfumery,f4938e02188d323c8412d2ea07d230e4,perfumery,f4938e02188d323c8412d2ea07d230e4,仅6月销售,0,1,0,34990,0.0,349.9,,349.9,34990,349.9,,,,34990,,,349.9
2017,housewares,f494b6e2b8bd806b45b117992c959a8a,housewares,f494b6e2b8bd806b45b117992c959a8a,仅5月销售,1,0,5416,0,54.16,0.0,54.16,,-5416,-54.16,-100.0,,,-5416,,,-54.16
2017,health_beauty,f497ba62f1d6b4f6a3a3266fa8623ad3,health_beauty,f497ba62f1d6b4f6a3a3266fa8623ad3,两月均有销量,3,4,17460,23280,174.6,232.8,58.2,58.2,5820,58.2,33.333333333333336,5820,0,,58.2,0.0,
2017,toys,f49f01161658f6dac1132f4dcac4b2b9,toys,f49f01161658f6dac1132f4dcac4b2b9,仅5月销售,1,0,14090,0,140.9,0.0,140.9,,-14090,-140.9,-100.0,,,-14090,,,-140.9
2017,furniture_mattress_and_upholstery,f4b3b257580c1430e51d71dd731273c2,furniture_mattress_and_upholstery,f4b3b257580c1430e51d71dd731273c2,仅5月销售,1,0,10940,0,109.4,0.0,109.4,,-10940,-109.4,-100.0,,,-10940,,,-109.4
2017,watches_gifts,f4b952dd7ab601c02bb1bd06395f45f6,watches_gifts,f4b952dd7ab601c02bb1bd06395f45f6,仅6月销售,0,1,0,7855,0.0,78.55,,78.55,7855,78.55,,,,7855,,,78.55
2017,bed_bath_table,f4be3cfe721d891dab8f4025132fe7c5,bed_bath_table,f4be3cfe721d891dab8f4025132fe7c5,两月均有销量,1,1,3490,3490,34.9,34.9,34.9,34.9,0,0.0,0.0,0,0,,0.0,0.0,
2017,home_confort,f4cd1164757f2f82e7f949e9ba129664,home_confort,f4cd1164757f2f82e7f949e9ba129664,仅5月销售,1,0,2900,0,29.0,0.0,29.0,,-2900,-29.0,-100.0,,,-2900,,,-29.0
2017,bed_bath_table,f4d18451e6c35980e6898e36dfd6fb55,bed_bath_table,f4d18451e6c35980e6898e36dfd6fb55,仅6月销售,0,1,0,4890,0.0,48.9,,48.9,4890,48.9,,,,4890,,,48.9
2017,bed_bath_table,f4d705aa95ccca448e5b0deb6e5290ba,bed_bath_table,f4d705aa95ccca448e5b0deb6e5290ba,仅6月销售,0,2,0,4980,0.0,49.8,,24.9,4980,49.8,,,,4980,,,49.8
2017,health_beauty,f4e74dfba86d9a38ceb930c9d34bbc0d,health_beauty,f4e74dfba86d9a38ceb930c9d34bbc0d,仅5月销售,1,0,5590,0,55.9,0.0,55.9,,-5590,-55.9,-100.0,,,-5590,,,-55.9
2017,housewares,f4ebaa462d32c66438985245a9deb62d,housewares,f4ebaa462d32c66438985245a9deb62d,仅6月销售,0,1,0,24690,0.0,246.9,,246.9,24690,246.9,,,,24690,,,246.9
2017,auto,f4f67ccaece962d013a4e1d7dc3a61f7,auto,f4f67ccaece962d013a4e1d7dc3a61f7,两月均有销量,4,8,96440,192880,964.4,1928.8,241.1,241.1,96440,964.4,100.0,96440,0,,964.4,0.0,
2017,consoles_games,f5068d43799fc3243cf62b290d885d3e,consoles_games,f5068d43799fc3243cf62b290d885d3e,仅6月销售,0,1,0,6490,0.0,64.9,,64.9,6490,64.9,,,,6490,,,64.9
2017,cool_stuff,f516645f81debe9cff9416a20662dc43,cool_stuff,f516645f81debe9cff9416a20662dc43,仅6月销售,0,1,0,6733,0.0,67.33,,67.33,6733,67.33,,,,6733,,,67.33
2017,electronics,f51dde119b9a90e3c7464f0cc45c0953,electronics,f51dde119b9a90e3c7464f0cc45c0953,两月均有销量,1,1,1490,1490,14.9,14.9,14.9,14.9,0,0.0,0.0,0,0,,0.0,0.0,
2017,garden_tools,f522bb1400b17373f48c625ccdcb3a13,garden_tools,f522bb1400b17373f48c625ccdcb3a13,仅6月销售,0,2,0,105000,0.0,1050.0,,525.0,105000,1050.0,,,,105000,,,1050.0
2017,sports_leisure,f5678a0bf5120c7471890a28e7ec5189,sports_leisure,f5678a0bf5120c7471890a28e7ec5189,仅6月销售,0,1,0,18000,0.0,180.0,,180.0,18000,180.0,,,,18000,,,180.0
2017,watches_gifts,f5e3c48bff299925879d1507ab662a2b,watches_gifts,f5e3c48bff299925879d1507ab662a2b,仅6月销售,0,1,0,52800,0.0,528.0,,528.0,52800,528.0,,,,52800,,,528.0
2017,industry_commerce_and_business,f5eafd694f3a7959e352920537496c7c,industry_commerce_and_business,f5eafd694f3a7959e352920537496c7c,仅6月销售,0,1,0,14597,0.0,145.97,,145.97,14597,145.97,,,,14597,,,145.97
2017,fashion_bags_accessories,f60836d2827709716e30c6f0eae78d67,fashion_bags_accessories,f60836d2827709716e30c6f0eae78d67,仅5月销售,1,0,2490,0,24.9,0.0,24.9,,-2490,-24.9,-100.0,,,-2490,,,-24.9
2017,furniture_decor,f614b080b510187124d5e964cb35584a,furniture_decor,f614b080b510187124d5e964cb35584a,仅5月销售,2,0,11980,0,119.8,0.0,59.9,,-11980,-119.8,-100.0,,,-11980,,,-119.8
2017,electronics,f63623e4b513b69f115a2b34b9667938,electronics,f63623e4b513b69f115a2b34b9667938,仅5月销售,1,0,1190,0,11.9,0.0,11.9,,-1190,-11.9,-100.0,,,-1190,,,-11.9
2017,garden_tools,f647cb5c7b9b37aaecfaee8418a864cc,garden_tools,f647cb5c7b9b37aaecfaee8418a864cc,仅6月销售,0,1,0,3506,0.0,35.06,,35.06,3506,35.06,,,,3506,,,35.06
2017,sports_leisure,f67a0e2d24ab234b2cd6da21273710e5,sports_leisure,f67a0e2d24ab234b2cd6da21273710e5,仅6月销售,0,1,0,5990,0.0,59.9,,59.9,5990,59.9,,,,5990,,,59.9
2017,sports_leisure,f6a84928571f68635beb0f5c9333c6f3,sports_leisure,f6a84928571f68635beb0f5c9333c6f3,仅6月销售,0,3,0,269700,0.0,2697.0,,899.0,269700,2697.0,,,,269700,,,2697.0
2017,computers_accessories,f6bd73f359ad6b91076b19cc0b70b44a,computers_accessories,f6bd73f359ad6b91076b19cc0b70b44a,两月均有销量,4,2,29496,13198,294.96,131.98,73.74,65.99,-16298,-162.98,-55.25494982370491,-13973,-2325,,-139.73,-23.25,
2017,watches_gifts,f6c0bce2838cf1bdab4958c4cb8b946e,watches_gifts,f6c0bce2838cf1bdab4958c4cb8b946e,仅5月销售,1,0,18794,0,187.94,0.0,187.94,,-18794,-187.94,-100.0,,,-18794,,,-187.94
2017,books_imported,f6c69d9a3f61a0d56c49e3f7a459c57f,books_imported,f6c69d9a3f61a0d56c49e3f7a459c57f,仅6月销售,0,1,0,4950,0.0,49.5,,49.5,4950,49.5,,,,4950,,,49.5
2017,small_appliances,f6ce2f79a280fa3c1ddc114d34ab273d,small_appliances,f6ce2f79a280fa3c1ddc114d34ab273d,仅6月销售,0,3,0,19200,0.0,192.0,,64.0,19200,192.0,,,,19200,,,192.0
2017,perfumery,f6ded594ada4d7ad32d68d6c57dcb417,perfumery,f6ded594ada4d7ad32d68d6c57dcb417,仅5月销售,1,0,1990,0,19.9,0.0,19.9,,-1990,-19.9,-100.0,,,-1990,,,-19.9
2017,pet_shop,f6eda47c88d786adf6f3e3f016833927,pet_shop,f6eda47c88d786adf6f3e3f016833927,仅5月销售,1,0,8950,0,89.5,0.0,89.5,,-8950,-89.5,-100.0,,,-8950,,,-89.5
2017,bed_bath_table,f6fa93875f4a7dac03e0a22143f4d815,bed_bath_table,f6fa93875f4a7dac03e0a22143f4d815,仅6月销售,0,1,0,4995,0.0,49.95,,49.95,4995,49.95,,,,4995,,,49.95
2017,food_drink,f70dd37d94cc7026ca198b9d7574c7bc,food_drink,f70dd37d94cc7026ca198b9d7574c7bc,仅6月销售,0,1,0,3750,0.0,37.5,,37.5,3750,37.5,,,,3750,,,37.5
2017,luggage_accessories,f71973c922ccaab05514a36a8bc741b8,luggage_accessories,f71973c922ccaab05514a36a8bc741b8,两月均有销量,15,12,146850,107880,1468.5,1078.8,97.9,89.9,-38970,-389.7,-26.537282941777324,-28170,-10800,,-281.7,-108.0,
2017,furniture_decor,f71c0f4ee48321ba6b82205b2fc9e08f,furniture_decor,f71c0f4ee48321ba6b82205b2fc9e08f,两月均有销量,1,1,9999,9999,99.99,99.99,99.99,99.99,0,0.0,0.0,0,0,,0.0,0.0,
2017,computers_accessories,f71f42e2381752836563b70beb542f80,computers_accessories,f71f42e2381752836563b70beb542f80,两月均有销量,2,5,6380,15950,63.8,159.5,31.9,31.9,9570,95.7,150.0,9570,0,,95.7,0.0,
2017,bed_bath_table,f72b7888719ff77bf96e14bc97b64430,bed_bath_table,f72b7888719ff77bf96e14bc97b64430,仅5月销售,1,0,12490,0,124.9,0.0,124.9,,-12490,-124.9,-100.0,,,-12490,,,-124.9
2017,small_appliances,f74353ffeaa55836a3cf603a2dcd855e,small_appliances,f74353ffeaa55836a3cf603a2dcd855e,仅5月销售,1,0,54990,0,549.9,0.0,549.9,,-54990,-549.9,-100.0,,,-54990,,,-549.9
2017,luggage_accessories,f75eb66dc82bccecabd706bd441cfd3a,luggage_accessories,f75eb66dc82bccecabd706bd441cfd3a,仅5月销售,2,0,21980,0,219.8,0.0,109.9,,-21980,-219.8,-100.0,,,-21980,,,-219.8
2017,home_confort,f76b8eae9da79861cd75f86a1020879e,home_confort,f76b8eae9da79861cd75f86a1020879e,仅5月销售,2,0,47598,0,475.98,0.0,237.99,,-47598,-475.98,-100.0,,,-47598,,,-475.98
2017,fashion_shoes,f775e44f7a8609df5fc7a00faa8b458e,fashion_shoes,f775e44f7a8609df5fc7a00faa8b458e,仅5月销售,1,0,7182,0,71.82,0.0,71.82,,-7182,-71.82,-100.0,,,-7182,,,-71.82
2017,sports_leisure,f78279f3d11f68fffc3121f3295a5871,sports_leisure,f78279f3d11f68fffc3121f3295a5871,仅5月销售,1,0,12600,0,126.0,0.0,126.0,,-12600,-126.0,-100.0,,,-12600,,,-126.0
2017,bed_bath_table,f79503580bd375ac194bb6d145398e03,bed_bath_table,f79503580bd375ac194bb6d145398e03,仅6月销售,0,1,0,16999,0.0,169.99,,169.99,16999,169.99,,,,16999,,,169.99
2017,housewares,f7a17d2c51d9df89a4f1711c4ac17f33,housewares,f7a17d2c51d9df89a4f1711c4ac17f33,两月均有销量,3,8,15270,41320,152.7,413.2,50.9,51.65,26050,260.5,170.59593975114603,25638,412,,256.38,4.12,
2017,telephony,f7ac498363699addc5ff78eadee46977,telephony,f7ac498363699addc5ff78eadee46977,两月均有销量,2,2,9798,9798,97.98,97.98,48.99,48.99,0,0.0,0.0,0,0,,0.0,0.0,
2017,sports_leisure,f7bb503725fb4d7bb55301d5bceba728,sports_leisure,f7bb503725fb4d7bb55301d5bceba728,两月均有销量,4,5,39880,49850,398.8,498.5,99.7,99.7,9970,99.7,25.0,9970,0,,99.7,0.0,
2017,computers_accessories,f7e0fa615b386bc9a8b9eb52bc1fff76,computers_accessories,f7e0fa615b386bc9a8b9eb52bc1fff76,两月均有销量,5,1,44950,8990,449.5,89.9,89.9,89.9,-35960,-359.6,-80.0,-35960,0,,-359.6,0.0,
2017,housewares,f7f59e6186e10983a061ac7bdb3494d6,housewares,f7f59e6186e10983a061ac7bdb3494d6,两月均有销量,2,3,6980,10470,69.8,104.7,34.9,34.9,3490,34.9,50.0,3490,0,,34.9,0.0,
2017,housewares,f7f7214af35d79cb0baa6038fdc65e2c,housewares,f7f7214af35d79cb0baa6038fdc65e2c,仅6月销售,0,1,0,5416,0.0,54.16,,54.16,5416,54.16,,,,5416,,,54.16
2017,office_furniture,f80214fd7d681d1dcf12b3acaf4f0da7,office_furniture,f80214fd7d681d1dcf12b3acaf4f0da7,仅5月销售,1,0,21999,0,219.99,0.0,219.99,,-21999,-219.99,-100.0,,,-21999,,,-219.99
2017,fashion_bags_accessories,f80903ad4fa58fd23ba18f970d258cd1,fashion_bags_accessories,f80903ad4fa58fd23ba18f970d258cd1,仅6月销售,0,1,0,7990,0.0,79.9,,79.9,7990,79.9,,,,7990,,,79.9
2017,baby,f811e4e8228504bcdd34f2fe9f502c92,baby,f811e4e8228504bcdd34f2fe9f502c92,两月均有销量,1,2,1590,3180,15.9,31.8,15.9,15.9,1590,15.9,100.0,1590,0,,15.9,0.0,
2017,auto,f81a1edab43cbf08299503316612bacf,auto,f81a1edab43cbf08299503316612bacf,仅5月销售,1,0,23890,0,238.9,0.0,238.9,,-23890,-238.9,-100.0,,,-23890,,,-238.9
2017,cool_stuff,f83c9874b5b5044ea58fef1be68c1ea8,cool_stuff,f83c9874b5b5044ea58fef1be68c1ea8,两月均有销量,3,5,39810,66350,398.1,663.5,132.7,132.7,26540,265.4,66.66666666666667,26540,0,,265.4,0.0,
2017,(unknown),f849624adffb78b4cd40066ecf73aaeb,(unknown),f849624adffb78b4cd40066ecf73aaeb,仅5月销售,2,0,43980,0,439.8,0.0,219.9,,-43980,-439.8,-100.0,,,-43980,,,-439.8
2017,furniture_decor,f88585b513695493f26dbffb34c01e75,furniture_decor,f88585b513695493f26dbffb34c01e75,仅6月销售,0,2,0,1770,0.0,17.7,,8.85,1770,17.7,,,,1770,,,17.7
2017,health_beauty,f8b09faf273ab8c2cb4209378253f56a,health_beauty,f8b09faf273ab8c2cb4209378253f56a,仅6月销售,0,1,0,7390,0.0,73.9,,73.9,7390,73.9,,,,7390,,,73.9
2017,market_place,f8dc3e347e9b954a84d1d5e42b500e4c,market_place,f8dc3e347e9b954a84d1d5e42b500e4c,仅5月销售,1,0,1200,0,12.0,0.0,12.0,,-1200,-12.0,-100.0,,,-1200,,,-12.0
2017,stationery,f9025647e0a95c843a2d85c23df34c6c,stationery,f9025647e0a95c843a2d85c23df34c6c,两月均有销量,1,1,4890,4890,48.9,48.9,48.9,48.9,0,0.0,0.0,0,0,,0.0,0.0,
2017,sports_leisure,f9088946a1127f1713187e8d1e0921c2,sports_leisure,f9088946a1127f1713187e8d1e0921c2,两月均有销量,1,1,7999,7999,79.99,79.99,79.99,79.99,0,0.0,0.0,0,0,,0.0,0.0,
2017,toys,f908d3bf313a1308bfb2a46ea2685347,toys,f908d3bf313a1308bfb2a46ea2685347,仅5月销售,3,0,10500,0,105.0,0.0,35.0,,-10500,-105.0,-100.0,,,-10500,,,-105.0
2017,health_beauty,f90c81e1fa9b03873a387e7919e99b59,health_beauty,f90c81e1fa9b03873a387e7919e99b59,仅5月销售,1,0,4900,0,49.0,0.0,49.0,,-4900,-49.0,-100.0,,,-4900,,,-49.0
2017,sports_leisure,f9259c9e7c0f12c70f7a81409680a5ff,sports_leisure,f9259c9e7c0f12c70f7a81409680a5ff,仅5月销售,3,0,20970,0,209.7,0.0,69.9,,-20970,-209.7,-100.0,,,-20970,,,-209.7
2017,toys,f977e786f6d634205ef1564541706011,toys,f977e786f6d634205ef1564541706011,仅5月销售,1,0,6490,0,64.9,0.0,64.9,,-6490,-64.9,-100.0,,,-6490,,,-64.9
2017,furniture_decor,f99c1a9777ae7b608359a17bf3436d90,furniture_decor,f99c1a9777ae7b608359a17bf3436d90,仅6月销售,0,2,0,5980,0.0,59.8,,29.9,5980,59.8,,,,5980,,,59.8
2017,(unknown),f9a1a72d4069bf9570e29b9c620bef07,(unknown),f9a1a72d4069bf9570e29b9c620bef07,仅6月销售,0,1,0,115900,0.0,1159.0,,1159.0,115900,1159.0,,,,115900,,,1159.0
2017,sports_leisure,f9a7825fa51f487b8a48f67e9efced8c,sports_leisure,f9a7825fa51f487b8a48f67e9efced8c,仅5月销售,1,0,2990,0,29.9,0.0,29.9,,-2990,-29.9,-100.0,,,-2990,,,-29.9
2017,pet_shop,f9aa001a859b11fd798bb386f3d07eb0,pet_shop,f9aa001a859b11fd798bb386f3d07eb0,两月均有销量,1,1,8915,8915,89.15,89.15,89.15,89.15,0,0.0,0.0,0,0,,0.0,0.0,
2017,(unknown),f9b1795281ce51b1cf39ef6d101ae8ab,(unknown),f9b1795281ce51b1cf39ef6d101ae8ab,仅6月销售,0,2,0,7980,0.0,79.8,,39.9,7980,79.8,,,,7980,,,79.8
2017,bed_bath_table,f9be8e0e5acd947d8f49dbc390b9ab20,bed_bath_table,f9be8e0e5acd947d8f49dbc390b9ab20,两月均有销量,3,2,42900,29600,429.0,296.0,143.0,148.0,-13300,-133.0,-31.002331002331,-14550,1250,,-145.5,12.5,
2017,housewares,f9cbe8bae385034b464b9e22491ff68a,housewares,f9cbe8bae385034b464b9e22491ff68a,仅5月销售,1,0,6188,0,61.88,0.0,61.88,,-6188,-61.88,-100.0,,,-6188,,,-61.88
2017,computers_accessories,f9d151cf2fc10d41cce64b782856320f,computers_accessories,f9d151cf2fc10d41cce64b782856320f,仅6月销售,0,2,0,3948,0.0,39.48,,19.74,3948,39.48,,,,3948,,,39.48
2017,health_beauty,f9d774a1820f792952eea079a40a7c6b,health_beauty,f9d774a1820f792952eea079a40a7c6b,仅6月销售,0,1,0,15400,0.0,154.0,,154.0,15400,154.0,,,,15400,,,154.0
2017,furniture_decor,f9e5efb845b51d764b06f149eb99fc7f,furniture_decor,f9e5efb845b51d764b06f149eb99fc7f,两月均有销量,2,2,11980,9980,119.8,99.8,59.9,49.9,-2000,-20.0,-16.69449081803005,0,-2000,,0.0,-20.0,
2017,auto,f9eb3d4735a873ed48d15dea16183664,auto,f9eb3d4735a873ed48d15dea16183664,仅5月销售,1,0,10990,0,109.9,0.0,109.9,,-10990,-109.9,-100.0,,,-10990,,,-109.9
2017,fashion_bags_accessories,f9fde29df32a1dba73a3b1075c9a6f3c,fashion_bags_accessories,f9fde29df32a1dba73a3b1075c9a6f3c,仅5月销售,1,0,3000,0,30.0,0.0,30.0,,-3000,-30.0,-100.0,,,-3000,,,-30.0
2017,housewares,fa0125a234fa85a755371fa0ea37361a,housewares,fa0125a234fa85a755371fa0ea37361a,仅5月销售,2,0,19980,0,199.8,0.0,99.9,,-19980,-199.8,-100.0,,,-19980,,,-199.8
2017,baby,fa0f67a3f3863f19d435a00ecf0460d9,baby,fa0f67a3f3863f19d435a00ecf0460d9,仅6月销售,0,1,0,3880,0.0,38.8,,38.8,3880,38.8,,,,3880,,,38.8
2017,computers_accessories,fa126ff62aae83e37857ad495641c878,computers_accessories,fa126ff62aae83e37857ad495641c878,两月均有销量,7,1,139250,19550,1392.5,195.5,198.92857142857142,195.5,-119700,-1197.0,-85.9605026929982,-118329,-1371,,-1183.29,-13.71,
2017,sports_leisure,fa23bf270fb9880690b07d09b9f9ff20,sports_leisure,fa23bf270fb9880690b07d09b9f9ff20,两月均有销量,2,2,11998,11998,119.98,119.98,59.99,59.99,0,0.0,0.0,0,0,,0.0,0.0,
2017,sports_leisure,fa381a4a9af65ea5fc8f3829214045f9,sports_leisure,fa381a4a9af65ea5fc8f3829214045f9,仅6月销售,0,1,0,26000,0.0,260.0,,260.0,26000,260.0,,,,26000,,,260.0
2017,housewares,fa39c60599eb6573020f07a1b4dd38cf,housewares,fa39c60599eb6573020f07a1b4dd38cf,两月均有销量,1,1,9090,9090,90.9,90.9,90.9,90.9,0,0.0,0.0,0,0,,0.0,0.0,
2017,baby,faa69a3ce59a6d1484410df55a93444b,baby,faa69a3ce59a6d1484410df55a93444b,仅5月销售,1,0,5990,0,59.9,0.0,59.9,,-5990,-59.9,-100.0,,,-5990,,,-59.9
2017,toys,faab97003f349e10524a71ed2c2f2bde,toys,faab97003f349e10524a71ed2c2f2bde,仅5月销售,1,0,22999,0,229.99,0.0,229.99,,-22999,-229.99,-100.0,,,-22999,,,-229.99
2017,pet_shop,fab8297a9d2e7e1e756998675831f7e9,pet_shop,fab8297a9d2e7e1e756998675831f7e9,两月均有销量,1,1,13590,13590,135.9,135.9,135.9,135.9,0,0.0,0.0,0,0,,0.0,0.0,
2017,housewares,fadc89c2a60ff96b18827644074dfd70,housewares,fadc89c2a60ff96b18827644074dfd70,仅5月销售,1,0,7999,0,79.99,0.0,79.99,,-7999,-79.99,-100.0,,,-7999,,,-79.99
2017,housewares,faec279ddbbce3de75d2adf10f612a5e,housewares,faec279ddbbce3de75d2adf10f612a5e,两月均有销量,2,1,23980,11990,239.8,119.9,119.9,119.9,-11990,-119.9,-50.0,-11990,0,,-119.9,0.0,
2017,cool_stuff,fb00f51d564e36645bf7eab56ce5fd43,cool_stuff,fb00f51d564e36645bf7eab56ce5fd43,仅6月销售,0,1,0,7480,0.0,74.8,,74.8,7480,74.8,,,,7480,,,74.8
2017,electronics,fb14dbd8b5d4195d70df81f35b593889,electronics,fb14dbd8b5d4195d70df81f35b593889,仅6月销售,0,4,0,11960,0.0,119.6,,29.9,11960,119.6,,,,11960,,,119.6
2017,telephony,fb1f078a066428f00c1d71d6b9df3ff8,telephony,fb1f078a066428f00c1d71d6b9df3ff8,仅5月销售,2,0,14798,0,147.98,0.0,73.99,,-14798,-147.98,-100.0,,,-14798,,,-147.98
2017,computers_accessories,fb29f48bfea41db52e349454f433340e,computers_accessories,fb29f48bfea41db52e349454f433340e,仅6月销售,0,10,0,22000,0.0,220.0,,22.0,22000,220.0,,,,22000,,,220.0
2017,sports_leisure,fb32a0ce23fd67b9db45a4fbd9dde211,sports_leisure,fb32a0ce23fd67b9db45a4fbd9dde211,仅6月销售,0,1,0,5750,0.0,57.5,,57.5,5750,57.5,,,,5750,,,57.5
2017,stationery,fb55982be901439613a95940feefd9ee,stationery,fb55982be901439613a95940feefd9ee,仅6月销售,0,1,0,7900,0.0,79.0,,79.0,7900,79.0,,,,7900,,,79.0
2017,sports_leisure,fb694051ae63bbd9793cb8869bd96949,sports_leisure,fb694051ae63bbd9793cb8869bd96949,仅5月销售,1,0,5000,0,50.0,0.0,50.0,,-5000,-50.0,-100.0,,,-5000,,,-50.0
2017,bed_bath_table,fb783e3e545937820b57fe539b2c5a6c,bed_bath_table,fb783e3e545937820b57fe539b2c5a6c,仅6月销售,0,1,0,9990,0.0,99.9,,99.9,9990,99.9,,,,9990,,,99.9
2017,office_furniture,fb909933914c1f945839287e7c253687,office_furniture,fb909933914c1f945839287e7c253687,仅6月销售,0,2,0,15998,0.0,159.98,,79.99,15998,159.98,,,,15998,,,159.98
2017,furniture_decor,fb949f35bd1873f846cb7246d9db81b0,furniture_decor,fb949f35bd1873f846cb7246d9db81b0,两月均有销量,2,1,8780,5190,87.8,51.9,43.9,51.9,-3590,-35.9,-40.888382687927106,-4790,1200,,-47.9,12.0,
2017,(unknown),fbb1cfc2810efabf3235eccf4530f4ae,(unknown),fbb1cfc2810efabf3235eccf4530f4ae,仅5月销售,1,0,4490,0,44.9,0.0,44.9,,-4490,-44.9,-100.0,,,-4490,,,-44.9
2017,cool_stuff,fbe581b34ee461c334f769e1422eb1de,cool_stuff,fbe581b34ee461c334f769e1422eb1de,仅5月销售,1,0,19900,0,199.0,0.0,199.0,,-19900,-199.0,-100.0,,,-19900,,,-199.0
2017,bed_bath_table,fc04e723b53a7b372e081da67cf6aca2,bed_bath_table,fc04e723b53a7b372e081da67cf6aca2,仅5月销售,1,0,7490,0,74.9,0.0,74.9,,-7490,-74.9,-100.0,,,-7490,,,-74.9
2017,computers_accessories,fc1449f3ffc59fd2eb9640505aea0581,computers_accessories,fc1449f3ffc59fd2eb9640505aea0581,两月均有销量,1,1,20040,20040,200.4,200.4,200.4,200.4,0,0.0,0.0,0,0,,0.0,0.0,
2017,sports_leisure,fc3e972df7e263b301e2bee77ac2a6d3,sports_leisure,fc3e972df7e263b301e2bee77ac2a6d3,仅5月销售,1,0,6791,0,67.91,0.0,67.91,,-6791,-67.91,-100.0,,,-6791,,,-67.91
2017,home_confort,fc56c478c11ca5989e21da62cb19de16,home_confort,fc56c478c11ca5989e21da62cb19de16,仅6月销售,0,1,0,12900,0.0,129.0,,129.0,12900,129.0,,,,12900,,,129.0
2017,furniture_decor,fc84057c7ba16fe04a3c66cf104e02a6,furniture_decor,fc84057c7ba16fe04a3c66cf104e02a6,仅5月销售,1,0,17990,0,179.9,0.0,179.9,,-17990,-179.9,-100.0,,,-17990,,,-179.9
2017,watches_gifts,fc935e2845dacecf29f0555465bed91b,watches_gifts,fc935e2845dacecf29f0555465bed91b,仅5月销售,1,0,62999,0,629.99,0.0,629.99,,-62999,-629.99,-100.0,,,-62999,,,-629.99
2017,bed_bath_table,fc9f1b7e877d87c6e78cc32686a73a27,bed_bath_table,fc9f1b7e877d87c6e78cc32686a73a27,仅6月销售,0,1,0,3490,0.0,34.9,,34.9,3490,34.9,,,,3490,,,34.9
2017,bed_bath_table,fcad6e5643f855de4b616a24e6dd25e4,bed_bath_table,fcad6e5643f855de4b616a24e6dd25e4,两月均有销量,1,1,28640,28640,286.4,286.4,286.4,286.4,0,0.0,0.0,0,0,,0.0,0.0,
2017,pet_shop,fcebf00185e30ec68a53482496656b25,pet_shop,fcebf00185e30ec68a53482496656b25,仅5月销售,1,0,10990,0,109.9,0.0,109.9,,-10990,-109.9,-100.0,,,-10990,,,-109.9
2017,pet_shop,fcf6ad274391aea29f5d6e5ef9da5050,pet_shop,fcf6ad274391aea29f5d6e5ef9da5050,仅5月销售,1,0,7970,0,79.7,0.0,79.7,,-7970,-79.7,-100.0,,,-7970,,,-79.7
2017,electronics,fcf6d4fd2e97087087d61d228999d662,electronics,fcf6d4fd2e97087087d61d228999d662,仅5月销售,1,0,2190,0,21.9,0.0,21.9,,-2190,-21.9,-100.0,,,-2190,,,-21.9
2017,cool_stuff,fcffe8b68efdfe24c139e44753dc505e,cool_stuff,fcffe8b68efdfe24c139e44753dc505e,仅5月销售,1,0,21999,0,219.99,0.0,219.99,,-21999,-219.99,-100.0,,,-21999,,,-219.99
2017,auto,fd0065af7f09af4b82a0ca8f3eed1852,auto,fd0065af7f09af4b82a0ca8f3eed1852,仅6月销售,0,8,0,1599992,0.0,15999.92,,1999.99,1599992,15999.92,,,,1599992,,,15999.92
2017,luggage_accessories,fd0731561b291a28f6a3a189e86a1107,luggage_accessories,fd0731561b291a28f6a3a189e86a1107,仅5月销售,2,0,21980,0,219.8,0.0,109.9,,-21980,-219.8,-100.0,,,-21980,,,-219.8
2017,perfumery,fd1976772549ed5b4aed965293122ac8,perfumery,fd1976772549ed5b4aed965293122ac8,仅5月销售,1,0,27990,0,279.9,0.0,279.9,,-27990,-279.9,-100.0,,,-27990,,,-279.9
2017,toys,fd1e94b07608d8b4a74b0c81dd4fe10e,toys,fd1e94b07608d8b4a74b0c81dd4fe10e,仅5月销售,1,0,37999,0,379.99,0.0,379.99,,-37999,-379.99,-100.0,,,-37999,,,-379.99
2017,toys,fd2168a1a9661512d53cb23d6d23ee02,toys,fd2168a1a9661512d53cb23d6d23ee02,两月均有销量,1,1,27000,27000,270.0,270.0,270.0,270.0,0,0.0,0.0,0,0,,0.0,0.0,
2017,baby,fd220f6fd5a3f13ef9db07428f9c935d,baby,fd220f6fd5a3f13ef9db07428f9c935d,仅5月销售,4,0,31960,0,319.6,0.0,79.9,,-31960,-319.6,-100.0,,,-31960,,,-319.6
2017,bed_bath_table,fd28b464cf1660a67606f7b48c8c38c6,bed_bath_table,fd28b464cf1660a67606f7b48c8c38c6,仅5月销售,3,0,14970,0,149.7,0.0,49.9,,-14970,-149.7,-100.0,,,-14970,,,-149.7
2017,signaling_and_security,fd40f3ef9c7fb9c550619a88af47a5de,signaling_and_security,fd40f3ef9c7fb9c550619a88af47a5de,仅5月销售,2,0,42800,0,428.0,0.0,214.0,,-42800,-428.0,-100.0,,,-42800,,,-428.0
2017,computers_accessories,fd4269ef0b64a4ef82eb098107665158,computers_accessories,fd4269ef0b64a4ef82eb098107665158,仅6月销售,0,1,0,18999,0.0,189.99,,189.99,18999,189.99,,,,18999,,,189.99
2017,computers_accessories,fd4a96848f84ddaabcdc5bdbf831a194,computers_accessories,fd4a96848f84ddaabcdc5bdbf831a194,仅5月销售,1,0,9300,0,93.0,0.0,93.0,,-9300,-93.0,-100.0,,,-9300,,,-93.0
2017,baby,fd9222f5293048868b832e5179fa3ec5,baby,fd9222f5293048868b832e5179fa3ec5,仅6月销售,0,1,0,4990,0.0,49.9,,49.9,4990,49.9,,,,4990,,,49.9
2017,cool_stuff,fda8e9e4aa94f525fc48f6777ff040ea,cool_stuff,fda8e9e4aa94f525fc48f6777ff040ea,仅6月销售,0,1,0,13800,0.0,138.0,,138.0,13800,138.0,,,,13800,,,138.0
2017,computers_accessories,fdad129d8e902058f98862f23dcf6978,computers_accessories,fdad129d8e902058f98862f23dcf6978,仅6月销售,0,2,0,7780,0.0,77.8,,38.9,7780,77.8,,,,7780,,,77.8
2017,housewares,fdd209e106931a894807cb3a076e8752,housewares,fdd209e106931a894807cb3a076e8752,仅6月销售,0,1,0,8950,0.0,89.5,,89.5,8950,89.5,,,,8950,,,89.5
2017,bed_bath_table,fdd6cd13962a20732851bc7cefd37549,bed_bath_table,fdd6cd13962a20732851bc7cefd37549,两月均有销量,1,1,4990,4990,49.9,49.9,49.9,49.9,0,0.0,0.0,0,0,,0.0,0.0,
2017,computers_accessories,fdd7bd74464daed1af6c0b21d9c654d4,computers_accessories,fdd7bd74464daed1af6c0b21d9c654d4,仅6月销售,0,1,0,36090,0.0,360.9,,360.9,36090,360.9,,,,36090,,,360.9
2017,health_beauty,fdd84aefb08c8f8225e0b8c97429d53b,health_beauty,fdd84aefb08c8f8225e0b8c97429d53b,仅5月销售,4,0,20760,0,207.6,0.0,51.9,,-20760,-207.6,-100.0,,,-20760,,,-207.6
2017,bed_bath_table,fde0eff565370716f3400d2bdf4e148a,bed_bath_table,fde0eff565370716f3400d2bdf4e148a,仅5月销售,1,0,11858,0,118.58,0.0,118.58,,-11858,-118.58,-100.0,,,-11858,,,-118.58
2017,fashion_bags_accessories,fde4e97b75bd817d8c4aef8de39ed4d9,fashion_bags_accessories,fde4e97b75bd817d8c4aef8de39ed4d9,仅5月销售,1,0,7990,0,79.9,0.0,79.9,,-7990,-79.9,-100.0,,,-7990,,,-79.9
2017,musical_instruments,fdfb90feb49d2b41b8283a8ec6e95590,musical_instruments,fdfb90feb49d2b41b8283a8ec6e95590,仅6月销售,0,1,0,69000,0.0,690.0,,690.0,69000,690.0,,,,69000,,,690.0
2017,watches_gifts,fe02ad514379012c6a31b62741a3a9d4,watches_gifts,fe02ad514379012c6a31b62741a3a9d4,仅5月销售,1,0,79500,0,795.0,0.0,795.0,,-79500,-795.0,-100.0,,,-79500,,,-795.0
2017,musical_instruments,fe06d596708c590bf178cdb82aa7d48d,musical_instruments,fe06d596708c590bf178cdb82aa7d48d,仅5月销售,1,0,2990,0,29.9,0.0,29.9,,-2990,-29.9,-100.0,,,-2990,,,-29.9
2017,housewares,fe0caf78250528cec991a2462326f574,housewares,fe0caf78250528cec991a2462326f574,仅5月销售,1,0,7269,0,72.69,0.0,72.69,,-7269,-72.69,-100.0,,,-7269,,,-72.69
2017,toys,fe1cef1f560c521e9ed426383ed58ac2,toys,fe1cef1f560c521e9ed426383ed58ac2,仅5月销售,1,0,6999,0,69.99,0.0,69.99,,-6999,-69.99,-100.0,,,-6999,,,-69.99
2017,housewares,fe1ee1f8bfbb79fe10856189a0c35229,housewares,fe1ee1f8bfbb79fe10856189a0c35229,仅6月销售,0,1,0,2926,0.0,29.26,,29.26,2926,29.26,,,,2926,,,29.26
2017,housewares,fe220782f267bca8c056308cba6c8807,housewares,fe220782f267bca8c056308cba6c8807,两月均有销量,1,1,8990,8990,89.9,89.9,89.9,89.9,0,0.0,0.0,0,0,,0.0,0.0,
2017,fashion_bags_accessories,fe2f0ff75805728378c6a8fdc5be7724,fashion_bags_accessories,fe2f0ff75805728378c6a8fdc5be7724,仅6月销售,0,1,0,18999,0.0,189.99,,189.99,18999,189.99,,,,18999,,,189.99
2017,costruction_tools_garden,fe5827d110a9ba59d4ab407e86ccd6eb,costruction_tools_garden,fe5827d110a9ba59d4ab407e86ccd6eb,仅5月销售,1,0,1994,0,19.94,0.0,19.94,,-1994,-19.94,-100.0,,,-1994,,,-19.94
2017,computers_accessories,fe59a1e006df3ac42bf0ceb876d70969,computers_accessories,fe59a1e006df3ac42bf0ceb876d70969,仅5月销售,5,0,402730,0,4027.3,0.0,805.46,,-402730,-4027.3,-100.0,,,-402730,,,-4027.3
2017,sports_leisure,fe70b3d3e1523d468ece722d2de06de9,sports_leisure,fe70b3d3e1523d468ece722d2de06de9,仅5月销售,1,0,3990,0,39.9,0.0,39.9,,-3990,-39.9,-100.0,,,-3990,,,-39.9
2017,sports_leisure,fe854c3521ccdb837e2daf3b653fb929,sports_leisure,fe854c3521ccdb837e2daf3b653fb929,仅6月销售,0,1,0,13990,0.0,139.9,,139.9,13990,139.9,,,,13990,,,139.9
2017,bed_bath_table,fe95eb948375116da759c8ef60295001,bed_bath_table,fe95eb948375116da759c8ef60295001,仅6月销售,0,1,0,6590,0.0,65.9,,65.9,6590,65.9,,,,6590,,,65.9
2017,sports_leisure,feb94d995efca232513a7baffff772b8,sports_leisure,feb94d995efca232513a7baffff772b8,仅5月销售,2,0,7980,0,79.8,0.0,39.9,,-7980,-79.8,-100.0,,,-7980,,,-79.8
2017,health_beauty,feba83b90adfde26a6a944dee721e573,health_beauty,feba83b90adfde26a6a944dee721e573,仅5月销售,2,0,1680,0,16.8,0.0,8.4,,-1680,-16.8,-100.0,,,-1680,,,-16.8
2017,furniture_decor,fec85e6c0eab9b4bcddf9ccd917c80bc,furniture_decor,fec85e6c0eab9b4bcddf9ccd917c80bc,仅6月销售,0,1,0,2999,0.0,29.99,,29.99,2999,29.99,,,,2999,,,29.99
2017,(unknown),fedccbd5e370e8ddb7aae6fb4cb70347,(unknown),fedccbd5e370e8ddb7aae6fb4cb70347,仅5月销售,3,0,15290,0,152.9,0.0,50.96666666666667,,-15290,-152.9,-100.0,,,-15290,,,-152.9
2017,furniture_decor,fee2419d6d68dce0a48153a8179772ea,furniture_decor,fee2419d6d68dce0a48153a8179772ea,仅6月销售,0,1,0,6990,0.0,69.9,,69.9,6990,69.9,,,,6990,,,69.9
2017,sports_leisure,fef63ef09494166bda2812ff585be979,sports_leisure,fef63ef09494166bda2812ff585be979,仅5月销售,1,0,5800,0,58.0,0.0,58.0,,-5800,-58.0,-100.0,,,-5800,,,-58.0
2017,watches_gifts,fef80a5fb121b63bedd4096ff28f6aaa,watches_gifts,fef80a5fb121b63bedd4096ff28f6aaa,仅6月销售,0,1,0,8499,0.0,84.99,,84.99,8499,84.99,,,,8499,,,84.99
2017,(unknown),ff09b38ea3889c433325e313807936ea,(unknown),ff09b38ea3889c433325e313807936ea,仅6月销售,0,2,0,7980,0.0,79.8,,39.9,7980,79.8,,,,7980,,,79.8
2017,health_beauty,ff28477a5bcb2fc34bb86a6c2eea1566,health_beauty,ff28477a5bcb2fc34bb86a6c2eea1566,两月均有销量,1,1,23990,23990,239.9,239.9,239.9,239.9,0,0.0,0.0,0,0,,0.0,0.0,
2017,toys,ff4f5b008c32f80c3f952b2b56a28e04,toys,ff4f5b008c32f80c3f952b2b56a28e04,仅5月销售,1,0,27999,0,279.99,0.0,279.99,,-27999,-279.99,-100.0,,,-27999,,,-279.99
2017,watches_gifts,ff55834c0b3272853dfe62340f2bb91b,watches_gifts,ff55834c0b3272853dfe62340f2bb91b,仅6月销售,0,1,0,4500,0.0,45.0,,45.0,4500,45.0,,,,4500,,,45.0
2017,baby,ff5f8606556b625613f069a5a9a48966,baby,ff5f8606556b625613f069a5a9a48966,仅5月销售,1,0,3500,0,35.0,0.0,35.0,,-3500,-35.0,-100.0,,,-3500,,,-35.0
2017,sports_leisure,ff7824d83aca56224fa3e3b524748ec5,sports_leisure,ff7824d83aca56224fa3e3b524748ec5,仅5月销售,1,0,10900,0,109.0,0.0,109.0,,-10900,-109.0,-100.0,,,-10900,,,-109.0
2017,sports_leisure,ff7fccf8513f360157f0660fe51d1d88,sports_leisure,ff7fccf8513f360157f0660fe51d1d88,仅6月销售,0,2,0,31980,0.0,319.8,,159.9,31980,319.8,,,,31980,,,319.8
2017,cool_stuff,ff8f6ec909e03ac8d9f6d82a10031c0c,cool_stuff,ff8f6ec909e03ac8d9f6d82a10031c0c,仅5月销售,1,0,9990,0,99.9,0.0,99.9,,-9990,-99.9,-100.0,,,-9990,,,-99.9
2017,auto,ff90ba6020fbb7d7f56613e213e9dc57,auto,ff90ba6020fbb7d7f56613e213e9dc57,仅5月销售,1,0,9200,0,92.0,0.0,92.0,,-9200,-92.0,-100.0,,,-9200,,,-92.0
2017,market_place,ff922797a6771cab4e0c51d482285ec3,market_place,ff922797a6771cab4e0c51d482285ec3,仅5月销售,1,0,28990,0,289.9,0.0,289.9,,-28990,-289.9,-100.0,,,-28990,,,-289.9
2017,cool_stuff,ff92322b0148cca0038e11e0d34f6f62,cool_stuff,ff92322b0148cca0038e11e0d34f6f62,仅5月销售,1,0,2150,0,21.5,0.0,21.5,,-2150,-21.5,-100.0,,,-2150,,,-21.5
2017,electronics,ffa255211c5d16ec8ebadcb5729c96ce,electronics,ffa255211c5d16ec8ebadcb5729c96ce,仅5月销售,1,0,1190,0,11.9,0.0,11.9,,-1190,-11.9,-100.0,,,-1190,,,-11.9
2017,cool_stuff,ffa4027b0effa4df0d5f5a9ce2788b6d,cool_stuff,ffa4027b0effa4df0d5f5a9ce2788b6d,仅5月销售,3,0,65370,0,653.7,0.0,217.9,,-65370,-653.7,-100.0,,,-65370,,,-653.7
2017,pet_shop,ffa5d8273d8e03363bb4014de3f89dce,pet_shop,ffa5d8273d8e03363bb4014de3f89dce,仅6月销售,0,1,0,7000,0.0,70.0,,70.0,7000,70.0,,,,7000,,,70.0
2017,toys,ffade53cc6541c89321fff351e04751a,toys,ffade53cc6541c89321fff351e04751a,仅6月销售,0,1,0,11880,0.0,118.8,,118.8,11880,118.8,,,,11880,,,118.8
2017,furniture_decor,ffbe169d395060d7fb975c990581a329,furniture_decor,ffbe169d395060d7fb975c990581a329,仅5月销售,2,0,7980,0,79.8,0.0,39.9,,-7980,-79.8,-100.0,,,-7980,,,-79.8
2017,fashion_bags_accessories,ffd4bf4306745865e5692f69bd237893,fashion_bags_accessories,ffd4bf4306745865e5692f69bd237893,仅5月销售,1,0,2499,0,24.99,0.0,24.99,,-2499,-24.99,-100.0,,,-2499,,,-24.99
2017,toys,ffdde3d63e889c9a9f9ec30d82a4c815,toys,ffdde3d63e889c9a9f9ec30d82a4c815,仅5月销售,1,0,144900,0,1449.0,0.0,1449.0,,-144900,-1449.0,-100.0,,,-144900,,,-1449.0
