review_id,order_id,review_score,review_title_pt,review_message_pt,review_creation_date,review_answer_timestamp,has_text,year,purchase_month,rank,category,product_id,order_purchase_timestamp,order_item_rows,order_merchandise_cents,order_mean_score,text_status,answer_before_purchase,translation_key,review_title_zh,review_message_zh,translation_status,translation_note
c1739c70298dbe46e21a825af2b984f1,00404fa7a687c8c44ca69d42695aae73,5,,,2018-05-19 00:00:00,2018-05-20 12:30:40,False,2018,5,1,watches_gifts,53b36df67ebb7c41585e8d54d6772e08,2018-05-07 22:38:21,1,9990,5.0,仅评分,False,,,,仅评分,
58350a1e14d51154edff84857490dd16,061ba2e2d7544790b6ed6b5b4dd9278c,4,,,2018-05-24 00:00:00,2018-05-28 03:53:24,False,2018,5,1,watches_gifts,53b36df67ebb7c41585e8d54d6772e08,2018-05-03 22:56:36,1,11000,4.0,仅评分,False,,,,仅评分,
a9714e0a329db57a9d88a4e4f363275b,0849ccbfff0e8fd7168be6a62ca74a0d,4,,,2018-05-17 00:00:00,2018-05-20 21:01:02,False,2018,5,1,watches_gifts,53b36df67ebb7c41585e8d54d6772e08,2018-05-08 14:38:21,1,9990,4.0,仅评分,False,,,,仅评分,
a41b4757eb355ad682a098f2189a0c53,0a0eb4fdd818ed6fb62d07792c948971,5,,,2018-05-23 00:00:00,2018-05-24 18:52:16,False,2018,5,1,watches_gifts,53b36df67ebb7c41585e8d54d6772e08,2018-05-15 21:17:37,1,11690,5.0,仅评分,False,,,,仅评分,
50da9f30d55fea7ba6f250d48a336f59,0ca64e59f59b26fb6fb2726f907bb52d,5,Excelente,,2018-05-20 00:00:00,2018-06-26 17:41:07,True,2018,5,1,watches_gifts,53b36df67ebb7c41585e8d54d6772e08,2018-05-03 16:13:44,1,9990,5.0,有文字,False,T0001,非常棒,,已翻译,
4efb7997791fd9ff406905dbb6d8094c,0d9ed9d101d80f2accbf309324fea494,4,,,2018-05-16 00:00:00,2018-05-16 21:02:01,False,2018,5,1,watches_gifts,53b36df67ebb7c41585e8d54d6772e08,2018-05-05 13:57:15,1,11000,4.0,仅评分,False,,,,仅评分,
a71b0a7d26c607b4090f72cc91173a3c,0e212b5df829280bba28382cf4aacec2,5,,,2018-05-22 00:00:00,2018-05-23 18:35:29,False,2018,5,1,watches_gifts,53b36df67ebb7c41585e8d54d6772e08,2018-05-11 12:41:47,1,11500,5.0,仅评分,False,,,,仅评分,
917acd82c9a8223a29cf3da642f38bb9,107c4b8b68f41c60258f21df32424c83,4,,Achei a pulseira um pouco fraca. Mas fora isso ele é um produto bom sim. Levinho que nem sente estar de relógio.,2018-05-21 00:00:00,2018-05-21 21:37:53,True,2018,5,1,watches_gifts,53b36df67ebb7c41585e8d54d6772e08,2018-05-03 14:54:21,1,9990,4.0,有文字,False,T0002,,我觉得表带有点单薄。不过除此之外，它确实是件不错的产品。很轻，戴着手表几乎感觉不到。,已翻译,
293e8787108d11dc2e1ade799bcfd476,12137038d3db1f38197c5d37999527dc,5,,,2018-05-17 00:00:00,2018-05-20 12:02:46,False,2018,5,1,watches_gifts,53b36df67ebb7c41585e8d54d6772e08,2018-05-03 16:59:31,1,9990,5.0,仅评分,False,,,,仅评分,
32af8bc6e5c7fec8e3816332655d79f9,1235febb7f139ccf94d83ff97ae8e889,5,,,2018-05-23 00:00:00,2018-05-26 21:24:34,False,2018,5,1,watches_gifts,53b36df67ebb7c41585e8d54d6772e08,2018-05-10 07:40:41,1,11500,5.0,仅评分,False,,,,仅评分,
6c49ba78e60cf065c90613d1b5dbf3e0,13560ce213996d123d92f607e1ed93c7,5,Boa compra! ,Adorei o produto! Veio bem embalado! Recomendo a vendedor! Obrigada!,2018-05-19 00:00:00,2018-05-21 20:12:40,True,2018,5,1,watches_gifts,53b36df67ebb7c41585e8d54d6772e08,2018-05-02 20:22:11,1,9990,5.0,有文字,False,T0003,买得不错！,我很喜欢这个产品！包装得很好！推荐这位卖家！谢谢！,已翻译,
a989110e0d74588b1da9302eb638294c,21dc00cebbf91043aad476465c49c42f,2,,"Ótimo preço, porém ainda não foi entregue.",2018-06-03 00:00:00,2018-06-03 04:28:31,True,2018,5,1,watches_gifts,53b36df67ebb7c41585e8d54d6772e08,2018-05-16 13:02:54,1,11690,2.0,有文字,False,T0004,,价格很好，不过到现在还没送到。,已翻译,
a89a2b0c2014bc49a0f87f1eedb7b269,22b1eef278d4416c1e867a55d1c39fea,5,Entrega antes do previsto,,2018-05-26 00:00:00,2018-05-28 22:46:27,True,2018,5,1,watches_gifts,53b36df67ebb7c41585e8d54d6772e08,2018-05-08 23:18:52,1,9990,5.0,有文字,False,T0005,提前送达,,已翻译,
6b3e11df5683d4d7d4369cb90a946b22,258f8f27958fb687682f90c1e5141f0b,4,,,2018-05-24 00:00:00,2018-05-26 01:05:36,False,2018,5,1,watches_gifts,53b36df67ebb7c41585e8d54d6772e08,2018-05-06 12:55:01,1,11000,4.0,仅评分,False,,,,仅评分,
55e75349772296ce03638d94f56a2551,28572ca6264628bbdcd513eb363d6b3a,5,10,,2018-05-15 00:00:00,2018-05-15 22:25:01,True,2018,5,1,watches_gifts,53b36df67ebb7c41585e8d54d6772e08,2018-05-05 21:00:57,1,11000,5.0,有文字,False,T0006,10,,已翻译,
ab924e6da0063c99e59dd2ce949c6ebf,2a0e85d19656bd0a3c61a564b010ddd1,5,,,2018-05-16 00:00:00,2018-05-16 19:53:41,False,2018,5,1,watches_gifts,53b36df67ebb7c41585e8d54d6772e08,2018-05-06 14:40:49,1,11000,5.0,仅评分,False,,,,仅评分,
4368da71f22f7c20f070e39c85fa9c2a,2cab6eabb3eaa7f0185225e89585ffdb,4,,,2018-05-23 00:00:00,2018-05-25 20:52:41,False,2018,5,1,watches_gifts,53b36df67ebb7c41585e8d54d6772e08,2018-05-09 15:49:46,1,9990,4.0,仅评分,False,,,,仅评分,
fafb73c3ebf26412c0f6c4780ebcc9e4,2cacbc4da6d979f44adb568674fe8763,1,Devolução ,"Solicitei a devolução e recebi um prazo para obter a reposta do cliente. 
O cliente simplesmente não respondeu. Fiz o pedido de devolução dentro do prazo de 7 dias conforme o codigo do consumidor.",2018-05-15 00:00:00,2018-05-20 12:27:12,True,2018,5,1,watches_gifts,53b36df67ebb7c41585e8d54d6772e08,2018-05-07 20:15:59,1,9990,1.0,有文字,False,T0007,退货,我申请退货后，得到了一个等待“客户”回复的期限；“客户”一直没有回复。我是在消费者保护法规定的 7 天期限内提出退货申请的。,待复核,原文“reposta”疑为“resposta”的笔误；“cliente”（客户）具体指谁不清楚，译文保留原称谓。
7fdaf0aac3d412c27239db8a20bce85f,2ffd4bf0fbadf9acf274c27d822697ca,5,,,2018-05-19 00:00:00,2018-05-20 14:01:35,False,2018,5,1,watches_gifts,53b36df67ebb7c41585e8d54d6772e08,2018-05-06 21:08:08,1,9990,5.0,仅评分,False,,,,仅评分,
3fd2952aae89e345a13f7a5ca0554245,34c2707d493d8e4ef72b5c8b9fcc76ee,5,,,2018-05-15 00:00:00,2018-05-15 20:49:17,False,2018,5,1,watches_gifts,53b36df67ebb7c41585e8d54d6772e08,2018-05-07 14:15:24,1,9990,5.0,仅评分,False,,,,仅评分,
e9786603cdc980a9bd740d76cdc019dc,3604c194b160cc44b8f540306dc4b644,5,,,2018-05-18 00:00:00,2018-05-20 12:58:44,False,2018,5,1,watches_gifts,53b36df67ebb7c41585e8d54d6772e08,2018-05-08 11:14:40,1,9990,5.0,仅评分,False,,,,仅评分,
5d8c19672860973a8044b6eba20a4803,365929ae2a3877d3590589ad75b39d20,5,,,2018-05-17 00:00:00,2018-05-20 13:23:31,False,2018,5,1,watches_gifts,53b36df67ebb7c41585e8d54d6772e08,2018-05-08 20:00:17,1,9990,5.0,仅评分,False,,,,仅评分,
0686c0acd2ca3d3ca808af5afb15c4dd,3b6017a55d7507badf113a558ebb9a62,3,okok,okok,2018-05-15 00:00:00,2018-05-16 13:31:27,True,2018,5,1,watches_gifts,53b36df67ebb7c41585e8d54d6772e08,2018-05-02 15:15:59,1,9990,3.0,有文字,False,T0008,好的，好的,好的，好的,已翻译,
98ddc5199a8cfe4d8fa73752878bfd56,3d04db36b662c14acf27ab0dc7057fef,5,,,2018-06-06 00:00:00,2018-06-09 01:16:59,False,2018,5,1,watches_gifts,53b36df67ebb7c41585e8d54d6772e08,2018-05-15 00:09:07,1,11690,5.0,仅评分,False,,,,仅评分,
2bc4a3d78dbae2958ca1dba6edcd3b89,41a6e516105939d8e985a14e2f9d534d,5,,,2018-05-17 00:00:00,2018-05-21 10:07:27,False,2018,5,1,watches_gifts,53b36df67ebb7c41585e8d54d6772e08,2018-05-05 17:27:52,1,11000,5.0,仅评分,False,,,,仅评分,
85cd8ee1e2af04d36f83d101969d335c,4296bf3920be4eaa22d4f0cd0c3467b9,1,Entrega incompleta,"Fui buscar o pedido nos correios mas só constavam 2 itens , faltou um a ser entregue",2018-05-19 00:00:00,2018-05-22 14:43:56,True,2018,5,1,watches_gifts,53b36df67ebb7c41585e8d54d6772e08,2018-05-08 07:20:00,3,29970,1.0,有文字,False,T0009,配送不全,我去邮局领取订单时，那里只显示有 2 件商品，少了一件还没送到。,已翻译,
34376260df767df1257625edb3fb23e9,469872bf23abc5c0ce6db24fd6fec382,5,,,2018-05-15 00:00:00,2018-05-22 14:40:54,False,2018,5,1,watches_gifts,53b36df67ebb7c41585e8d54d6772e08,2018-05-01 14:43:35,1,9990,5.0,仅评分,False,,,,仅评分,
7b21166882c5e2eff45f6d442e6fdad2,478da79acc71487110d44b06dbd8444c,3,,,2018-06-02 00:00:00,2018-06-05 01:17:06,False,2018,5,1,watches_gifts,53b36df67ebb7c41585e8d54d6772e08,2018-05-10 09:28:35,1,11500,3.0,仅评分,False,,,,仅评分,
9178483cac08254d61038a40c4b4e419,4850125b26ca8977d47c83f60df48401,5,,,2018-05-15 00:00:00,2018-05-15 15:29:18,False,2018,5,1,watches_gifts,53b36df67ebb7c41585e8d54d6772e08,2018-05-04 20:02:03,2,19980,5.0,仅评分,False,,,,仅评分,
31aa41bc6988f0e9126252f44bb6994b,49e1e1379bef42e55fbaf6c699de56e9,5,,,2018-05-11 00:00:00,2018-05-12 01:53:57,False,2018,5,1,watches_gifts,53b36df67ebb7c41585e8d54d6772e08,2018-05-01 18:54:48,1,9990,5.0,仅评分,False,,,,仅评分,
489459e6d69ee76e76579a5f0756b828,4a6779a79e8397160e34e7e005321200,5,recomendo,produto entregue antes do prazo,2018-05-23 00:00:00,2018-05-23 14:59:01,True,2018,5,1,watches_gifts,53b36df67ebb7c41585e8d54d6772e08,2018-05-10 12:46:02,2,23000,5.0,有文字,False,T0010,推荐,产品提前送达了。,已翻译,
28e0341764abcb575d4d95d91ae75332,564cffd60596c7076932fbeadbc7b898,5,,,2018-05-17 00:00:00,2018-05-20 18:57:24,False,2018,5,1,watches_gifts,53b36df67ebb7c41585e8d54d6772e08,2018-05-05 19:50:24,1,11000,5.0,仅评分,False,,,,仅评分,
d9fce1406f08f34dd28a5dd61de1c5c1,582da9422bddcddbee36fd48edfac489,5,,,2018-05-20 00:00:00,2018-05-20 23:44:28,False,2018,5,1,watches_gifts,53b36df67ebb7c41585e8d54d6772e08,2018-05-08 11:18:15,1,9990,5.0,仅评分,False,,,,仅评分,
0135e5ed947c68bdb1647edaaaefa788,5ba66d346be6e2116fed589d3d644346,5,,,2018-05-15 00:00:00,2018-05-22 00:02:36,False,2018,5,1,watches_gifts,53b36df67ebb7c41585e8d54d6772e08,2018-05-07 09:22:57,1,9990,5.0,仅评分,False,,,,仅评分,
03bf506b8db3915c1585f7b17507fb87,5bdef5e4235fe07e011df57d8ae8b041,4,,,2018-05-16 00:00:00,2018-05-25 01:08:26,False,2018,5,1,watches_gifts,53b36df67ebb7c41585e8d54d6772e08,2018-05-03 19:34:47,1,9990,4.0,仅评分,False,,,,仅评分,
78b60d1794db558c6ae574d04f1e2a77,5d813e90f3a2dcc17b05e3f7fb2d4ce6,5,Ótimo!,"Adorei o produto, tempo de entrega rápido.",2018-05-17 00:00:00,2018-05-21 11:57:12,True,2018,5,1,watches_gifts,53b36df67ebb7c41585e8d54d6772e08,2018-05-07 13:08:51,1,9990,5.0,有文字,False,T0011,太棒了！,我很喜欢这个产品，送货很快。,已翻译,
d2e2f0a5e95f6507c973043f32a4b332,62b0c2f88f7706f4873ef50d621f3a70,5,,,2018-05-17 00:00:00,2018-05-21 11:13:33,False,2018,5,1,watches_gifts,53b36df67ebb7c41585e8d54d6772e08,2018-05-05 19:44:08,1,11000,5.0,仅评分,False,,,,仅评分,
c669174d47977c23d1d3423b55b9ebb2,699a054a231f241e711b0ff3bdd1e250,1,Por enquanto está péssimo,"Não recebi o produto, vcs dizem que foi entregue dia 21 mas até agora nada, e não consigo contato com ninguém.",2018-05-22 00:00:00,2018-05-25 00:52:47,True,2018,5,1,watches_gifts,53b36df67ebb7c41585e8d54d6772e08,2018-05-09 11:20:12,2,19980,1.0,有文字,False,T0012,目前非常糟糕,我没收到产品，你们说 21 号已经送达，可到现在我什么也没收到，而且我联系不上任何人。,已翻译,
8fb76e7412212a876a47d394c0cb5b9d,6a91d0735c577044a412845a12877d7d,5,,,2018-05-15 00:00:00,2018-05-16 17:20:37,False,2018,5,1,watches_gifts,53b36df67ebb7c41585e8d54d6772e08,2018-05-05 12:27:18,1,11000,5.0,仅评分,False,,,,仅评分,
6dde0ff80b5bb0222341acdbe2469bba,6c6abb921625dd44d3d406ce4b890cac,4,Produto original ,"Produto entregue antes do prazo, o relógio é original e de ótima qualidade. Não veio na embalagem original da Casio, veio em uma caixinha de papelão escrito Casio e não veio com a garantia. Loja targaryen",2018-05-15 00:00:00,2018-05-15 20:59:16,True,2018,5,1,watches_gifts,53b36df67ebb7c41585e8d54d6772e08,2018-05-02 00:13:29,1,9990,4.0,有文字,False,T0013,正品,产品提前送达了，手表是正品，质量也很好。它没有装在卡西欧原包装里，而是装在一个写着 Casio 的纸板小盒里，也没有附带保修。Targaryen 店。,已翻译,
ef1954d1c4a81bb37a27316022587dcc,6f3e13f4ef62b348e815f6375cbdd675,5,,,2018-06-06 00:00:00,2018-06-06 23:15:20,False,2018,5,1,watches_gifts,53b36df67ebb7c41585e8d54d6772e08,2018-05-08 11:56:46,1,9990,5.0,仅评分,False,,,,仅评分,
5f4309bc2f92e6b840bcaae6202aaf1e,701b6152f4772bf004cad6741981b060,4,,,2018-06-05 00:00:00,2018-06-06 03:08:31,False,2018,5,1,watches_gifts,53b36df67ebb7c41585e8d54d6772e08,2018-05-08 12:39:36,1,9990,4.0,仅评分,False,,,,仅评分,
610be22f6f1315b6d98518793790f30d,72057e22b4e99820f18ad51861441403,5,,,2018-05-15 00:00:00,2018-05-16 02:45:27,False,2018,5,1,watches_gifts,53b36df67ebb7c41585e8d54d6772e08,2018-05-04 10:20:52,1,9990,5.0,仅评分,False,,,,仅评分,
8db14a011caa605764238c71d5e711c9,72520be5b5b4c32b2ada295436e4472e,5,Mais do que o esperado!,"Produto absolutamente bem embalado e na caixa. Pelo preço achei q seria uma réplica, mas não é. Levei em uma relojoaria e o profissional me assegurou ser uma peça original como as q ele msm fornece.",2018-05-25 00:00:00,2018-05-27 22:04:28,True,2018,5,1,watches_gifts,53b36df67ebb7c41585e8d54d6772e08,2018-05-16 14:14:03,1,11690,5.0,有文字,False,T0014,超出预期！,产品包装得非常好，还装在盒子里。按这个价格，我以为会是仿品，但并不是。我拿到一家钟表店，专业人士向我保证这是正品，和他自己供货的那些一样。,已翻译,
eee02b38ada4ea319cfe5252300e690a,759e09770aa64cad53817b9925e381d8,5,Safisfeita ,Estou muito satisfeita com a rapidez na entrega e pelo preço do produto ,2018-05-15 00:00:00,2018-05-15 20:29:15,True,2018,5,1,watches_gifts,53b36df67ebb7c41585e8d54d6772e08,2018-05-04 16:22:34,1,9990,5.0,有文字,False,T0015,满意,我非常满意送货速度和产品价格。,待复核,标题“Safisfeita”疑为“Satisfeita”（满意）的拼写错误，按此翻译。
eb8ba0080f2d7da6a5391438a8756111,767ed97fc7b0133058b858a89951972a,2,Não veio a garantia ,"Sem garantia, vou levar numa loja pra saber se é original ",2018-06-03 00:00:00,2018-06-04 02:02:45,True,2018,5,1,watches_gifts,53b36df67ebb7c41585e8d54d6772e08,2018-05-09 09:59:33,1,9990,2.0,有文字,False,T0016,没有保修,没有保修，我会拿去店里确认是不是正品。,已翻译,
3f61d852dc323a0a10c0dcb5872c30a9,7f8ea9cfc45806c663bbb7cf99b530a5,5,,,2018-05-22 00:00:00,2018-05-23 12:56:20,False,2018,5,1,watches_gifts,53b36df67ebb7c41585e8d54d6772e08,2018-05-07 09:32:19,1,9990,5.0,仅评分,False,,,,仅评分,
871681693fa9999610baa2b15c14f132,84a649c5b7af51c49e0041fb5e3486d8,5,,,2018-05-19 00:00:00,2018-05-21 10:08:52,False,2018,5,1,watches_gifts,53b36df67ebb7c41585e8d54d6772e08,2018-05-08 07:25:45,1,9990,5.0,仅评分,False,,,,仅评分,
d933211c3639f7a161357d4747275585,88d027f03744cd2419cc5f1a64a9b7d6,5,Nota 10,"Entregaram bem antes do prazo 
Super recomendo ",2018-05-17 00:00:00,2018-05-21 15:48:16,True,2018,5,1,watches_gifts,53b36df67ebb7c41585e8d54d6772e08,2018-05-08 08:10:26,1,9990,5.0,有文字,False,T0017,10分,"他们远早于预计期限送到了。
非常推荐。",已翻译,
da9a1a30e2d0d894dd69f0a7cd7c157c,8ba70ffa9e502e40f33a3f9f59d739d5,5,,maravilhoso,2018-05-23 00:00:00,2018-05-25 22:55:27,True,2018,5,1,watches_gifts,53b36df67ebb7c41585e8d54d6772e08,2018-05-02 19:51:26,1,9990,5.0,有文字,False,T0018,,太棒了,已翻译,
e8306cec4b34486be1b2ab7e40829f9d,8bab7ecb4ace6bff0ac3a7cc2dee73d5,4,",","O produto chegou antes da data prevista. Estou feliz, com minha compra. É lindo! ",2018-05-26 00:00:00,2018-05-26 23:28:33,True,2018,5,1,watches_gifts,53b36df67ebb7c41585e8d54d6772e08,2018-05-11 08:03:25,1,11500,4.0,有文字,False,T0019,，,产品比预计日期提前到了。我对这次购买很满意。它很漂亮！,已翻译,
26358a27599326be5e39b4f4b41b995f,8bf6956999b0861c3191773f28806f40,5,super recomendado,Recebi no antes do prazo combinado. ,2018-05-16 00:00:00,2018-05-16 20:03:43,True,2018,5,1,watches_gifts,53b36df67ebb7c41585e8d54d6772e08,2018-05-03 11:08:27,1,9990,5.0,有文字,False,T0020,强烈推荐,比约定期限提前收到了。,已翻译,
5b4361f26b6a626aca823fba8256868e,909848fc22bea821de7a92b2dc614338,4,,,2018-05-16 00:00:00,2018-05-17 12:31:13,False,2018,5,1,watches_gifts,53b36df67ebb7c41585e8d54d6772e08,2018-05-04 19:23:32,1,9990,4.0,仅评分,False,,,,仅评分,
ef4abdeae581711fe51cc0ca9bd4c8fe,90c7853be7f369fc75f40f920e13d883,5,,,2018-05-18 00:00:00,2018-05-21 01:31:03,False,2018,5,1,watches_gifts,53b36df67ebb7c41585e8d54d6772e08,2018-05-08 19:28:10,1,9990,5.0,仅评分,False,,,,仅评分,
d04bfe3b90e5436b03b65e86d8b6e62d,9292f2ff747a4f8c6580fc8377bb1c8b,2,Recomendo.,Apesar da demora na entrega. No mais foi tudo bem.,2018-05-26 00:00:00,2018-06-10 23:38:34,True,2018,5,1,watches_gifts,53b36df67ebb7c41585e8d54d6772e08,2018-05-05 12:33:51,1,11000,2.0,有文字,False,T0021,推荐。,虽然送货有些慢。除此之外，一切都很好。,已翻译,
2ff6d818c9fc0832abb92c1c89256dd6,93abf12999a36099e8292231caeebe18,5,Super ,,2018-05-08 00:00:00,2018-05-10 14:30:46,True,2018,5,1,watches_gifts,53b36df67ebb7c41585e8d54d6772e08,2018-05-01 13:34:02,1,9990,5.0,有文字,False,T0022,超棒,,已翻译,
d88bbdf8f46586a64900ab2c28f86e98,94072af7dce5862d93084c2494df0a38,5,,,2018-05-11 00:00:00,2018-05-17 23:54:20,False,2018,5,1,watches_gifts,53b36df67ebb7c41585e8d54d6772e08,2018-05-01 11:07:25,1,9990,5.0,仅评分,False,,,,仅评分,
7dfd15705a71c1d93257aa51768a1422,94078496f9b59a9d885f033870393097,5,Ótimo,Chegou no prazo e é bem bonito!,2018-05-26 00:00:00,2018-05-26 23:12:46,True,2018,5,1,watches_gifts,53b36df67ebb7c41585e8d54d6772e08,2018-05-01 21:34:52,1,9990,5.0,有文字,False,T0023,很棒,按时到了，而且很好看！,已翻译,
e05b19bcdb0e8e1b91bb2fc0227cfc57,971dae4156d63b465b28ce4e45afc849,5,Excelente ,"Fiquei com dúvidas por causa dos comentários, mas o produto chegou em ótimo estado na caixa",2018-05-18 00:00:00,2018-05-21 01:40:50,True,2018,5,1,watches_gifts,53b36df67ebb7c41585e8d54d6772e08,2018-05-07 12:39:10,1,9990,5.0,有文字,False,T0024,非常棒,我看了那些评论后有些疑虑，不过产品送到时状态很好，装在盒子里。,已翻译,
53a0b5d0eb1ac20fd8a82a6b2fd04c0d,9800ab70491d72cc23404e99a34986ba,4,boa,Material chegou antes do dia marcado,2018-05-22 00:00:00,2018-05-22 19:35:00,True,2018,5,1,watches_gifts,53b36df67ebb7c41585e8d54d6772e08,2018-05-08 08:13:57,1,9990,4.0,有文字,False,T0025,不错,商品在约定日期之前到了。,已翻译,
f874b397aa72ddf6d4fdb1346f269ff8,9c1a5eb0f1bff32a9846477115335d36,4,,,2018-05-22 00:00:00,2018-05-25 19:05:03,False,2018,5,1,watches_gifts,53b36df67ebb7c41585e8d54d6772e08,2018-05-07 11:05:20,1,9990,4.0,仅评分,False,,,,仅评分,
0dc9b98a821878ee11b21f1f8a827f45,9c6bf0283fbe1d66fc195f750aa3b9a3,4,Muito bom,Produto entregue certo é na data prevista,2018-05-18 00:00:00,2018-05-21 13:07:56,True,2018,5,1,watches_gifts,53b36df67ebb7c41585e8d54d6772e08,2018-05-07 13:33:16,1,9990,4.0,有文字,False,T0026,很好,产品正确无误地按预计日期送到了。,已翻译,
86339f8c8b1952a7311ff0d808d18565,9fbac5c017947f1c23fe7979ad6c4e00,5,Ótimo produto,Excelente qualidade bonito e barato e entrega antes do prazo pode comprar sem medo ,2018-05-18 00:00:00,2018-05-20 11:47:11,True,2018,5,1,watches_gifts,53b36df67ebb7c41585e8d54d6772e08,2018-05-03 09:19:47,1,9990,5.0,有文字,False,T0027,很棒的产品,质量出色，好看又便宜，而且提前送达，可以放心购买。,已翻译,
1e53228c274de53eb93e7850650dd8f0,a122cfd6bf1027781187a1fec2f24ba1,5,,,2018-05-17 00:00:00,2018-05-21 00:51:52,False,2018,5,1,watches_gifts,53b36df67ebb7c41585e8d54d6772e08,2018-05-03 18:28:52,1,9990,5.0,仅评分,False,,,,仅评分,
2fabed7b2a7ef99b6074035d5e2480c6,a2ea081c06c12c25c068089e4985745a,4,Gostei.,"O produto veio correto, perfeito e dentro do prazo.",2018-05-27 00:00:00,2018-05-28 13:08:59,True,2018,5,1,watches_gifts,53b36df67ebb7c41585e8d54d6772e08,2018-05-05 09:22:24,1,11000,4.0,有文字,False,T0028,喜欢。,产品送对了，完好无损，并在期限内到达。,已翻译,
eb8d12ee48f53fa56bcfb1d0d40e4ebf,a52ce374ecd1e12480900aa9f5944e4d,4,,👏🏾👏🏾👏🏾👏🏾,2018-05-22 00:00:00,2018-05-23 17:30:53,True,2018,5,1,watches_gifts,53b36df67ebb7c41585e8d54d6772e08,2018-05-08 23:21:06,1,9990,4.0,有文字,False,T0029,,👏🏾👏🏾👏🏾👏🏾,已翻译,
86d7e904e3b9d66b1c22b05e8d458b41,a7b1a54a2b2cf96cfabf303fccafbc3e,5,Ótimo produto ,Rápido na entrega. Produto de boa qualidade,2018-05-19 00:00:00,2018-05-22 11:30:14,True,2018,5,1,watches_gifts,53b36df67ebb7c41585e8d54d6772e08,2018-05-07 17:32:05,1,9990,5.0,有文字,False,T0030,很棒的产品,送货很快。产品质量不错。,已翻译,
3472727079370d0b22bec40b73c50361,a968af310ab09611023e0efd828ecbde,5,,,2018-06-02 00:00:00,2018-06-02 19:24:18,False,2018,5,1,watches_gifts,53b36df67ebb7c41585e8d54d6772e08,2018-05-11 17:31:58,1,11500,5.0,仅评分,False,,,,仅评分,
388fbf51a2737e85746be6da22543926,aa447b34c5c14dc2b2dfe8fc943b0687,5,recomendo,,2018-06-06 00:00:00,2018-06-06 13:46:54,True,2018,5,1,watches_gifts,53b36df67ebb7c41585e8d54d6772e08,2018-05-15 10:08:10,1,11690,5.0,有文字,False,T0031,推荐,,已翻译,
41fb3cb38f9c2696f8441426a17edb6f,adc555665c1c9b44902b5bf42d4f4c2f,5,,,2018-05-10 00:00:00,2018-05-12 22:47:10,False,2018,5,1,watches_gifts,53b36df67ebb7c41585e8d54d6772e08,2018-05-01 10:50:28,1,9990,5.0,仅评分,False,,,,仅评分,
22a2e311d038da42f8b251cc7b2e734d,b0631e643c8b1d98bfcade30d0e71e31,5,,,2018-05-22 00:00:00,2018-05-23 00:32:27,False,2018,5,1,watches_gifts,53b36df67ebb7c41585e8d54d6772e08,2018-05-14 21:50:14,1,11500,5.0,仅评分,False,,,,仅评分,
e0c7773f83f813057438df288c684601,b3f179611003f752f8beaacff7c017cd,5,Ótimo,O produto atendeu as expectativas.,2018-05-11 00:00:00,2018-05-12 12:09:46,True,2018,5,1,watches_gifts,53b36df67ebb7c41585e8d54d6772e08,2018-05-02 09:58:15,1,9990,5.0,有文字,False,T0032,很棒,产品符合预期。,已翻译,
8564d76c3b41391a40be796a863f459d,b4a53c6fa9bc78adf59983a160f5470f,5,,Gostei muito,2018-05-30 00:00:00,2018-05-31 10:41:00,True,2018,5,1,watches_gifts,53b36df67ebb7c41585e8d54d6772e08,2018-05-03 19:06:37,1,9990,5.0,有文字,False,T0033,,我非常喜欢,已翻译,
7eaca83e424f001ce8d778c97b02ac16,b5f13aa3a46ca3005d39389331866fe4,3,3,,2018-06-02 00:00:00,2018-06-02 22:57:25,True,2018,5,1,watches_gifts,53b36df67ebb7c41585e8d54d6772e08,2018-05-06 21:38:02,3,29970,3.0,有文字,False,T0034,3,,已翻译,
1284db656aa3f4fd96675dda93734a83,b925a62bfdf14b152f2fb572d1aa672c,4,,,2018-05-12 00:00:00,2018-05-16 19:16:06,False,2018,5,1,watches_gifts,53b36df67ebb7c41585e8d54d6772e08,2018-05-01 02:33:53,1,9990,4.0,仅评分,False,,,,仅评分,
3c569245c7610d9a51eff50032194ea3,bf25ff262495b0b876bc4f594f736ecf,5,,,2018-05-23 00:00:00,2018-05-26 21:24:06,False,2018,5,1,watches_gifts,53b36df67ebb7c41585e8d54d6772e08,2018-05-10 11:23:03,1,11500,5.0,仅评分,False,,,,仅评分,
71742686501241ecf69bbbcf25c535ed,c10214f41bb82f350a4a7f135c97f0b2,5,,,2018-05-08 00:00:00,2018-05-13 20:31:01,False,2018,5,1,watches_gifts,53b36df67ebb7c41585e8d54d6772e08,2018-05-01 11:24:21,1,9990,5.0,仅评分,False,,,,仅评分,
28a9c9e15f85c88c8c1b393bd86306a7,c1b556dfb56a3302a7d965e0da3d5e11,4,Muito bom o produto,,2018-05-15 00:00:00,2018-05-20 15:31:31,True,2018,5,1,watches_gifts,53b36df67ebb7c41585e8d54d6772e08,2018-05-05 21:14:48,1,11000,4.0,有文字,False,T0035,产品很好,,已翻译,
3e3fe409e12dbd132a7073e8c452cfca,c237167dd6b573071accd0996f0152b6,4,,,2018-05-26 00:00:00,2018-05-27 21:57:11,False,2018,5,1,watches_gifts,53b36df67ebb7c41585e8d54d6772e08,2018-05-11 20:36:36,1,11500,4.0,仅评分,False,,,,仅评分,
6967a9b96d0bbf2ca6568c77eb71ed82,c2e858dea271d5346de79ab8859bc5d2,5,Recomendo ! ,"Produto venho em ótimo estado 
Perfeitamente lacrado 
Chegou bem antes do prazo ! Recomendo ! ",2018-05-29 00:00:00,2018-05-29 20:59:02,True,2018,5,1,watches_gifts,53b36df67ebb7c41585e8d54d6772e08,2018-05-19 09:43:12,1,11690,5.0,有文字,False,T0036,推荐！,产品送到时状态很好，封口完好，远早于预计期限送到！推荐！,待复核,正文“venho”语法上不合常见用法，结合语境按“veio”（送到）翻译。
1faf54dfeb5d82e5218a8ca9433e90b8,c38db22a86ae94a2a5a9dd2d5700f6cb,4,Entrega demorada,A encomenda demorou muito a chegar mas chegou em perfeito estado.,2018-06-01 00:00:00,2018-06-19 15:14:22,True,2018,5,1,watches_gifts,53b36df67ebb7c41585e8d54d6772e08,2018-05-09 17:18:11,1,9990,4.0,有文字,False,T0037,送货很慢,包裹花了很久才到，不过送到时完好无损。,已翻译,
8b4717c2151868f0f6efaaf68b264cb7,c54e182c8f67aed244820428d9ca9085,5,,,2018-05-19 00:00:00,2018-05-20 21:14:00,False,2018,5,1,watches_gifts,53b36df67ebb7c41585e8d54d6772e08,2018-05-04 11:19:02,1,9990,5.0,仅评分,False,,,,仅评分,
c45423a2a7873143fc09d3448d499fb0,cb926a5abfd9b91198cb1bfaea0f4fb9,5,Ótimo! ,Produto ótimo e entrega muito rápida! Vale a pena! ,2018-05-15 00:00:00,2018-05-15 20:49:59,True,2018,5,1,watches_gifts,53b36df67ebb7c41585e8d54d6772e08,2018-05-04 08:47:00,1,11000,5.0,有文字,False,T0038,很棒！,产品很好，送货也非常快！值得买！,已翻译,
85dbee0ada837d3bcd99c5fba7b6f062,cc145c0ced2265574e7e11c71735b5ac,5,Ótimo. ,,2018-05-17 00:00:00,2018-05-20 17:30:17,True,2018,5,1,watches_gifts,53b36df67ebb7c41585e8d54d6772e08,2018-05-05 13:31:09,1,11000,5.0,有文字,False,T0039,很棒。,,已翻译,
1576c7acebbaa1cf62b399bc62130148,cd38154bf340cc6b376898bd4b82b125,5,,,2018-05-19 00:00:00,2018-05-21 03:18:06,False,2018,5,1,watches_gifts,53b36df67ebb7c41585e8d54d6772e08,2018-05-07 15:06:12,1,9990,5.0,仅评分,False,,,,仅评分,
5ba14760d4b9ffa802aca10d8a2ceaa5,ce2fb547113cbecb9d645891bdb70c66,5,,,2018-05-24 00:00:00,2018-05-28 17:36:26,False,2018,5,1,watches_gifts,53b36df67ebb7c41585e8d54d6772e08,2018-05-08 22:10:54,1,9990,5.0,仅评分,False,,,,仅评分,
954ac103fc0172f7a1a4d54884599826,d0bec96aad189992b278688279ba1511,5,,,2018-05-22 00:00:00,2018-05-22 16:55:23,False,2018,5,1,watches_gifts,53b36df67ebb7c41585e8d54d6772e08,2018-05-08 21:04:16,1,9990,5.0,仅评分,False,,,,仅评分,
854b82d196188168fa564537e02e2c37,d3ac7f284f550007e269b7d526bebd53,5,Amei!!!,"Amei meu relógio cassio, bem leve e nem precisa levar ele para diminuir a pulseira, ele tem uma trava que vc mesmo pode fazer issso.",2018-05-30 00:00:00,2018-06-04 23:53:55,True,2018,5,1,watches_gifts,53b36df67ebb7c41585e8d54d6772e08,2018-05-08 08:13:01,1,9990,5.0,有文字,False,T0040,太喜欢了！！！,我超喜欢我的卡西欧手表，它很轻，表带也不用拿去店里缩短；它有个卡扣，你自己就能调节。,待复核,原文将品牌写作“cassio”，并把“isso”多写了一个 s；按“Casio”和“isso”翻译。
1604202cc8079096e2f788f45a271674,d48863aea86f6a6ccbcf40c4d1a38a0c,5,Perfeito ,"Amei!! Recomendaria, veio perfeito ",2018-05-23 00:00:00,2018-05-23 15:25:07,True,2018,5,1,watches_gifts,53b36df67ebb7c41585e8d54d6772e08,2018-05-03 13:20:29,1,9990,5.0,有文字,False,T0041,完美,太喜欢了！！我会推荐它，送来时完好无缺。,已翻译,
68d2c1d0b9b5ecc75abca8e87d867654,d592b82802bd7cdce8d3e8b48e07cd58,5,Ótimo ,"O produto é muito bom, e a entrega foi muito antes do prazo.... ",2018-05-15 00:00:00,2018-05-15 21:20:26,True,2018,5,1,watches_gifts,53b36df67ebb7c41585e8d54d6772e08,2018-05-05 21:46:42,1,11000,5.0,有文字,False,T0042,很棒,产品非常好，而且送达时间比预计早得多……,已翻译,
bd60c4cd0a44be5f31130d6c36159088,d62387acb3914789e712406e9882e549,4,,,2018-05-15 00:00:00,2018-05-19 19:21:04,False,2018,5,1,watches_gifts,53b36df67ebb7c41585e8d54d6772e08,2018-05-08 19:48:01,1,9990,4.0,仅评分,False,,,,仅评分,
7a7cfd43f9b3c7ef29c931148e40aa61,d8bd1a832e609b5dfb2e9ff4591720b8,4,,"como eu esperaca
",2018-06-06 00:00:00,2018-06-07 00:59:50,True,2018,5,1,watches_gifts,53b36df67ebb7c41585e8d54d6772e08,2018-05-09 16:14:20,1,9990,4.0,有文字,False,T0043,,正如我所期待的。,待复核,原文“esperaca”有拼写错误，按语境推测为“esperava”（期待）。
329cff03c1cc53541e83f8eb8ec4c5d9,d9d7e5dfa3a521b26058665230c530a2,5,Ameiii,,2018-05-24 00:00:00,2018-05-24 21:24:33,True,2018,5,1,watches_gifts,53b36df67ebb7c41585e8d54d6772e08,2018-05-03 22:08:30,1,11000,5.0,有文字,False,T0044,太爱了！！！,,已翻译,
af346d69412d665b44cb881fb2b5903b,ddc162708923f29398f06661ac27c18a,5,,,2018-06-03 00:00:00,2018-06-03 10:53:51,False,2018,5,1,watches_gifts,53b36df67ebb7c41585e8d54d6772e08,2018-05-09 06:46:24,1,9990,5.0,仅评分,False,,,,仅评分,
7b18093860ca9b07dae80c7f905622f6,e669f037ffe4a64a1bd28bc8d9c97d34,4,Ótimo !!!!,ameiii dms... chegou muito antes da data prevista. ,2018-05-17 00:00:00,2018-05-21 09:44:36,True,2018,5,1,watches_gifts,53b36df67ebb7c41585e8d54d6772e08,2018-05-08 08:01:17,1,9990,4.0,有文字,False,T0045,太棒了！！！,我超喜欢……比预计日期早很多就到了。,已翻译,
d01c6e5682d258471539a5084b0425a7,e708577dce77e8e44c1bd9534419576e,5,,,2018-05-15 00:00:00,2018-05-19 20:26:39,False,2018,5,1,watches_gifts,53b36df67ebb7c41585e8d54d6772e08,2018-05-03 18:55:30,1,9990,5.0,仅评分,False,,,,仅评分,
47c4764acf36fe2ed47d3f73aa812ee5,eae7cb46499add9ed7ea74952c040ddb,5,Boa loja,"Boa loja, produto entregue no prazo.",2018-05-11 00:00:00,2018-05-13 23:46:53,True,2018,5,1,watches_gifts,53b36df67ebb7c41585e8d54d6772e08,2018-05-01 22:49:22,1,9990,5.0,有文字,False,T0046,不错的店铺,店铺不错，产品按时送达。,已翻译,
8e3a5aa228d881b9d98ef31c990fa529,eaf268a56531587a742f3fc5590999b1,5,super recomendo,"entrega super rápida, loja muito confiável.",2018-05-22 00:00:00,2018-05-25 11:15:00,True,2018,5,1,watches_gifts,53b36df67ebb7c41585e8d54d6772e08,2018-05-07 16:51:25,1,9990,5.0,有文字,False,T0047,强烈推荐,送货特别快，店铺非常可靠。,已翻译,
5bbff0a22f0ea262d7d9245b1e415932,eb11baac49ba71da35079fcbf17517a4,5,Dez,Ótima entrega. E o relógio minha filha amouuu.,2018-05-23 00:00:00,2018-05-24 00:28:51,True,2018,5,1,watches_gifts,53b36df67ebb7c41585e8d54d6772e08,2018-05-02 20:29:29,1,9990,5.0,有文字,False,T0048,10分,配送很好。我女儿特别喜欢这块手表。,已翻译,
44f9c0b307a9ba9bac7a10443ce25b97,ed4702d5c64be8a78291b25080218bea,4,,,2018-05-17 00:00:00,2018-05-21 12:03:27,False,2018,5,1,watches_gifts,53b36df67ebb7c41585e8d54d6772e08,2018-05-07 18:38:57,1,9990,4.0,仅评分,False,,,,仅评分,
79321a99ba98656f4bdb77c086ed6294,ef830fd38d5bbbd14e58c18b0459a35e,5,,,2018-06-07 00:00:00,2018-06-21 14:48:13,False,2018,5,1,watches_gifts,53b36df67ebb7c41585e8d54d6772e08,2018-05-09 12:56:56,1,9990,5.0,仅评分,False,,,,仅评分,
e8c3e45c27ccaaf8a4ab66befe28689d,efaed69a3670eec3151a31c6f19ac699,5,,,2018-05-16 00:00:00,2018-05-16 20:37:40,False,2018,5,1,watches_gifts,53b36df67ebb7c41585e8d54d6772e08,2018-05-05 00:47:56,1,9990,5.0,仅评分,False,,,,仅评分,
f353e820393c689caedd896d1750ced3,f4e4e886a056bb9c7ed4a19c013a833d,1,,,2018-05-16 00:00:00,2018-05-20 19:59:57,False,2018,5,1,watches_gifts,53b36df67ebb7c41585e8d54d6772e08,2018-05-03 16:05:40,1,9990,1.0,仅评分,False,,,,仅评分,
44267b67aa64e2523bc9b4c2ffe16585,f565be42bf5390f6cd98934cc4c17091,4,,,2018-05-26 00:00:00,2018-05-27 17:02:55,False,2018,5,1,watches_gifts,53b36df67ebb7c41585e8d54d6772e08,2018-05-09 15:22:58,1,9990,4.0,仅评分,False,,,,仅评分,
0cd1ba60370b5768b58eaef1d7b0c20c,f937ec3a717fd77710c5fb85cf5321d9,5,,,2018-05-15 00:00:00,2018-05-15 21:00:55,False,2018,5,1,watches_gifts,53b36df67ebb7c41585e8d54d6772e08,2018-05-08 21:00:18,1,9990,5.0,仅评分,False,,,,仅评分,
9b0f0c4e4203a47f7063599da3eea243,f9973a8e3b13fd415733a5068d58140d,5,Relógio Casio feminino,"Entrega dentro do prazo, tudo certinho!!",2018-05-18 00:00:00,2018-05-20 17:47:49,True,2018,5,1,watches_gifts,53b36df67ebb7c41585e8d54d6772e08,2018-05-07 00:49:45,1,9990,5.0,有文字,False,T0049,卡西欧女表,在期限内送达，一切都很妥当！！,已翻译,
8278360118b83106ae74ccda2f674525,0558d3449b449e4da4a5793f542d0785,4,7,,2018-07-11 00:00:00,2018-07-14 15:22:36,True,2018,6,1,watches_gifts,53b36df67ebb7c41585e8d54d6772e08,2018-06-28 22:49:45,1,11900,4.0,有文字,False,T0050,7,,已翻译,
f297c17f26bb62063a7de63a13a4e63a,0e52eaa92a794742da29c413a23a7b80,5,,,2018-07-10 00:00:00,2018-07-11 00:19:34,False,2018,6,1,watches_gifts,53b36df67ebb7c41585e8d54d6772e08,2018-06-26 21:23:04,1,11900,5.0,仅评分,False,,,,仅评分,
5f4930a700776b5dd55d1aeed97dfae3,6704e7402168366c804f2bc1cf9c2163,5,,,2018-07-05 00:00:00,2018-07-05 20:31:50,False,2018,6,1,watches_gifts,53b36df67ebb7c41585e8d54d6772e08,2018-06-23 11:04:44,1,11900,5.0,仅评分,False,,,,仅评分,
10e58b7baf53a6d4d12a3bc41fbe471c,8135d95a571b0c0529ad5624a7f72ddc,5,Recomento,"Minha namorado gostou demais, leve e bonito e fácil de ajustar.",2018-07-04 00:00:00,2018-07-09 18:36:40,True,2018,6,1,watches_gifts,53b36df67ebb7c41585e8d54d6772e08,2018-06-25 15:28:03,1,11900,5.0,有文字,False,T0051,推荐,我对象特别喜欢，轻巧、好看，也容易调节。,待复核,原文“Minha namorado”阴阳性不一致，无法确定具体性别，因此译为中性的“对象”。
47e8d4be83adbe95883bd4eb2c1be68f,917c51358bf547a3796e4891113062cb,5,,,2018-07-04 00:00:00,2018-07-07 13:43:06,False,2018,6,1,watches_gifts,53b36df67ebb7c41585e8d54d6772e08,2018-06-18 10:43:08,1,11900,5.0,仅评分,False,,,,仅评分,
5120cd08774ff4e59b3f0490cd3b4188,aad88050b26c8f49d2bd3c87af5b7b19,4,,,2018-07-05 00:00:00,2018-07-06 00:11:53,False,2018,6,1,watches_gifts,53b36df67ebb7c41585e8d54d6772e08,2018-06-25 14:24:26,1,11900,4.0,仅评分,False,,,,仅评分,
0a936338cac5a61234a08880c6f3e85c,c2911ae423d7c8d3766951c51723af34,5,,,2018-07-04 00:00:00,2018-07-04 23:15:44,False,2018,6,1,watches_gifts,53b36df67ebb7c41585e8d54d6772e08,2018-06-27 15:40:20,1,11900,5.0,仅评分,False,,,,仅评分,
352bbd4287a2842d324d4f82d573c546,dbc6163631edab2e963462a16fbd7e8d,5,super recomendo,chegou no prazo e era oque eu realmente esperava,2018-07-04 00:00:00,2018-09-14 20:09:05,True,2018,6,1,watches_gifts,53b36df67ebb7c41585e8d54d6772e08,2018-06-24 17:26:38,1,11900,5.0,有文字,False,T0052,强烈推荐,按时到了，确实是我原本期待的样子。,已翻译,
d894758c82ce69fd30826ed322433854,f9af40e68463ab36441bae99e215e3e0,5,,,2018-07-05 00:00:00,2018-07-05 23:26:02,False,2018,6,1,watches_gifts,53b36df67ebb7c41585e8d54d6772e08,2018-06-18 11:42:48,1,11900,5.0,仅评分,False,,,,仅评分,
c47da18cf180f20d9a8013eae6499590,ad20e4772c02fa44040fe219a2a172b6,4,Faltou o chuveirinho ,Na imagem do produtomostra o chuveirinho mas veio sem,2018-06-06 00:00:00,2018-06-07 01:27:07,True,2018,5,2,small_appliances,44fc450365728c413fefc547592626be,2018-05-24 14:41:54,2,169800,4.0,有文字,False,T0053,缺少小喷头,产品图片里显示有小喷头，但送来的却没有。,待复核,“chuveirinho”具体指哪种配件未说明；“productomostra”疑为“produto mostra”（产品图片显示）的连写笔误。
71b47d97996dcd6bf3510a7871e84614,cec0dfdf4408bef61c7d93b02a41f92c,1,péssima impressão,"A foto do KDT está com chuveirinho e o meu veio sem o chuveirinho, logo não é o mesmo produto. Houve outro problema... me pareceu má-fé da loja, mas como meu porteiro cometeu um erro, então....",2018-06-05 00:00:00,2018-06-14 20:28:38,True,2018,5,2,small_appliances,44fc450365728c413fefc547592626be,2018-05-28 15:18:56,1,84900,1.0,有文字,False,T0054,印象很差,KDT 的产品照片里有小喷头，我收到的却没有，所以这不是同一款产品。还有另一个问题……我觉得店家像是有意欺骗，但因为我家门卫出了差错，所以……,待复核,KDT 是什么未说明；后半句在“门卫出了差错，所以……”处中断，具体关联不清。
86a7f07c719e4e77c6cf10e10913f9cc,00d2559e61b9a0744a0552c35c5ecccb,5,,,2018-06-19 00:00:00,2018-06-21 20:51:53,False,2018,6,2,small_appliances,44fc450365728c413fefc547592626be,2018-06-11 12:24:48,1,84900,5.0,仅评分,False,,,,仅评分,
5f0428a03442ea31320367014dc51a50,0818699476819463109688475b808343,3,,,2018-06-10 00:00:00,2018-06-11 00:57:05,False,2018,6,2,small_appliances,44fc450365728c413fefc547592626be,2018-06-01 09:57:51,3,254700,3.0,仅评分,False,,,,仅评分,
7563de85aedd1f55fb83d8ab23729940,2cdcc5a4a3365e4e73abd4d0774f8636,5,,,2018-06-23 00:00:00,2018-06-24 03:19:34,False,2018,6,2,small_appliances,44fc450365728c413fefc547592626be,2018-06-15 14:48:35,1,84900,5.0,仅评分,False,,,,仅评分,
c5ffcd69736533dceda9e2352d471413,34cb1fc28cf67c101ee4d59b0c18da33,1,Produto errado,A ducha que comprei é o modelo com o desviador flexível. A ducha entregue veio SEM o desviador flexivel. Como devo proceder?,2018-06-21 00:00:00,2018-06-21 23:00:49,True,2018,6,2,small_appliances,44fc450365728c413fefc547592626be,2018-06-10 21:54:01,1,84900,1.0,有文字,False,T0055,发错产品,我买的花洒是带柔性转换器的型号，送到的花洒却没有柔性转换器。我该怎么处理？,已翻译,
8e9a28e03aec9af5e2c6b84b43745178,3c8aa4e17d7d0b7a6b3c5f8ea6d36038,5,,,2018-07-07 00:00:00,2018-07-09 22:00:14,False,2018,6,2,small_appliances,44fc450365728c413fefc547592626be,2018-06-30 14:41:10,1,95000,5.0,仅评分,False,,,,仅评分,
2d90bdb77533cae4c2957b2e9f315a91,622313cbbf2c6fb616025bc038e3bba6,1,,Anunciou um produto entregou diferente ,2018-07-01 00:00:00,2018-07-01 20:38:44,True,2018,6,2,small_appliances,44fc450365728c413fefc547592626be,2018-06-25 09:52:10,1,95000,1.0,有文字,False,T0056,,宣传的是一种产品，送来的却是另一种。,已翻译,
92b283529ea2371f98f5f3d5df990887,7e3da8f7ef82afccb42bb25622099fb2,4,Venda profissional ,O serviço de entrega foi rápido e o preço sem abuso ,2018-06-14 00:00:00,2018-06-14 23:20:10,True,2018,6,2,small_appliances,44fc450365728c413fefc547592626be,2018-06-09 12:38:45,1,84900,4.0,有文字,False,T0057,专业销售,配送服务很快，价格也不离谱。,待复核,标题“Venda profissional”表达不太明确，暂译为“专业销售”。
d03781964dc779efbee47ecf355f1f60,91b166cd6dd1eeedaae97f48691bf706,5,,,2018-06-16 00:00:00,2018-06-18 23:20:50,False,2018,6,2,small_appliances,44fc450365728c413fefc547592626be,2018-06-06 13:21:07,1,84900,5.0,仅评分,False,,,,仅评分,
f2ef4bab77b6670b5862b064ae04668d,00a870c6c06346e85335524935c600c0,4,,,2018-05-17 00:00:00,2018-05-21 00:22:10,False,2018,5,3,furniture_decor,aca2eb7d00ea1a7b8ebd4e68314663af,2018-05-09 00:10:08,1,6990,4.0,仅评分,False,,,,仅评分,
5e6588ade181121d6435af19291f97be,079f16689c29acb6cab92978e6af2137,4,,,2018-05-27 00:00:00,2018-05-28 21:44:42,False,2018,5,3,furniture_decor,aca2eb7d00ea1a7b8ebd4e68314663af,2018-05-09 18:01:29,1,6990,4.0,仅评分,False,,,,仅评分,
7a7afc1cb30999dac0b26da01642f8aa,08c3d8da1ee7ffc88a41cd145a4675ba,4,Muito bom,Recebi antes do prazo de entrega,2018-06-06 00:00:00,2018-06-07 15:05:08,True,2018,5,3,furniture_decor,aca2eb7d00ea1a7b8ebd4e68314663af,2018-05-07 10:48:57,1,6990,4.0,有文字,False,T0058,很好,我在预计送达期限之前就收到了。,已翻译,
8230ae975b73c78f485dd446c6d1ead3,0a2f51f07c7b99722f843490cd20ec09,5,Otimo,,2018-05-29 00:00:00,2018-05-30 00:21:05,True,2018,5,3,furniture_decor,aca2eb7d00ea1a7b8ebd4e68314663af,2018-05-23 23:51:50,1,6990,5.0,有文字,False,T0059,很好,,已翻译,
87045769d5b215def5f746bdac635bb5,0e40bd8d75ad8945ea6a9d1427142c49,5,super recomendo,chegou muito RÁPIDO....ADOREI,2018-05-15 00:00:00,2018-05-21 20:14:28,True,2018,5,3,furniture_decor,aca2eb7d00ea1a7b8ebd4e68314663af,2018-05-08 14:13:22,2,13980,5.0,有文字,False,T0060,强烈推荐,到得特别快……我太喜欢了！,已翻译,
0989af15f498c084c15eb6c8d9ce9e23,18987d9e9060c343e5ed6e796aab9189,5,,,2018-06-02 00:00:00,2018-06-03 13:34:38,False,2018,5,3,furniture_decor,aca2eb7d00ea1a7b8ebd4e68314663af,2018-05-23 08:23:15,1,6990,5.0,仅评分,False,,,,仅评分,
cc93f513b768b0abc7af5ff3948ae7c9,1a2582ca80feaaf937cc94d437ba1635,4,,"O pedido chegou antes da data prevista, satisfeitíssima",2018-06-10 00:00:00,2018-06-15 21:29:09,True,2018,5,3,furniture_decor,aca2eb7d00ea1a7b8ebd4e68314663af,2018-05-26 07:45:36,1,6990,4.0,有文字,False,T0061,,订单比预计日期提前到了，我非常满意。,已翻译,
2d54a0b8a88516735d2c07d8004f76ce,1d5912d4e665fb2a085a50fc13007c02,5,,,2018-05-20 00:00:00,2018-05-28 02:48:59,False,2018,5,3,furniture_decor,aca2eb7d00ea1a7b8ebd4e68314663af,2018-05-08 07:14:16,1,6990,5.0,仅评分,False,,,,仅评分,
d474530e097b04caed32632bf3aaa186,1f52d261d5a103a2a2375c21c99cd08d,5,,,2018-05-12 00:00:00,2018-05-15 00:29:41,False,2018,5,3,furniture_decor,aca2eb7d00ea1a7b8ebd4e68314663af,2018-05-09 12:27:01,1,6990,5.0,仅评分,False,,,,仅评分,
162178e0acf9570aa09af9ece6c91aa9,2177c4dbccb15e413419402aa089b530,5,,,2018-05-30 00:00:00,2018-05-30 23:16:13,False,2018,5,3,furniture_decor,aca2eb7d00ea1a7b8ebd4e68314663af,2018-05-25 17:53:59,1,6990,5.0,仅评分,False,,,,仅评分,
ff130b68d99d6cedd7329b13ffbe2f03,25f4376934e13d3508486352e11a5db0,5,,,2018-05-22 00:00:00,2018-05-23 15:47:22,False,2018,5,3,furniture_decor,aca2eb7d00ea1a7b8ebd4e68314663af,2018-05-17 16:59:11,1,6990,5.0,仅评分,False,,,,仅评分,
8bfd04a0ae78e6073dc6d8c7511080c8,2f9e8d64d770c904151499dd92659043,5,,,2018-06-06 00:00:00,2018-06-13 19:01:25,False,2018,5,3,furniture_decor,aca2eb7d00ea1a7b8ebd4e68314663af,2018-05-17 16:40:12,1,6990,5.0,仅评分,False,,,,仅评分,
e1f4e4ca5b0e6dd6cce403f317f8f326,32bde441c2a8669167988229bcafe2d7,5,,,2018-06-17 00:00:00,2018-06-19 21:07:20,False,2018,5,3,furniture_decor,aca2eb7d00ea1a7b8ebd4e68314663af,2018-05-26 09:27:50,1,6990,5.0,仅评分,False,,,,仅评分,
53d5d2c0713c5c75d5dc016a2eb12546,336849260da128bf88be93e5bd4d15be,5,,Recebi antes do esperado. ,2018-05-16 00:00:00,2018-05-17 21:08:39,True,2018,5,3,furniture_decor,aca2eb7d00ea1a7b8ebd4e68314663af,2018-05-09 20:08:50,1,6990,5.0,有文字,False,T0062,,比预期更早收到了。,已翻译,
598c3606958eaad2caad8dbb95eb3846,406e7d5f44dce0761a29b6a22889a98c,2,Encomenda pela metade! ,"Fiz a compra de duas araras de roupas e recebi apenas uma! Sendo que efetuei o pagamento de duas! No recebimento veio a NF com o valor de 2 e apenas 1 mercadoria , espero receber em breve a outra! ",2018-05-18 00:00:00,2018-05-20 21:49:11,True,2018,5,3,furniture_decor,aca2eb7d00ea1a7b8ebd4e68314663af,2018-05-04 21:06:29,2,13980,2.0,有文字,False,T0063,订单只到了一半！,我买了两个落地挂衣架，只收到一个！我明明付了两个的钱！收货时发票上写着 2 件的金额，却只收到 1 件商品，希望另一件很快送到！,已翻译,
8a98fae6e6d214c68f2cd92ad175c7d6,410a396b1c7bbf059e3f2d028342177b,4,,,2018-05-24 00:00:00,2018-05-25 12:16:02,False,2018,5,3,furniture_decor,aca2eb7d00ea1a7b8ebd4e68314663af,2018-05-16 17:49:57,1,6990,4.0,仅评分,False,,,,仅评分,
fc939d83392408e078904f40b703fb02,447bd8e2281ef147772c942e18c2229c,5,,,2018-05-24 00:00:00,2018-05-24 18:54:10,False,2018,5,3,furniture_decor,aca2eb7d00ea1a7b8ebd4e68314663af,2018-05-18 22:11:22,1,6990,5.0,仅评分,False,,,,仅评分,
3bd77f289a4d2546bb853548dc27dcd1,4652332a6a0d39960cdec082ef7b52b8,5,,,2018-05-30 00:00:00,2018-06-04 16:38:39,False,2018,5,3,furniture_decor,aca2eb7d00ea1a7b8ebd4e68314663af,2018-05-25 13:28:45,2,13980,5.0,仅评分,False,,,,仅评分,
1687affe4f645bb932e28ae3eb0861b5,46ca5520b760899050553edaf87845fe,5,Rapida entrega,Produto cumpre o que promete ,2018-05-19 00:00:00,2018-05-20 23:35:56,True,2018,5,3,furniture_decor,aca2eb7d00ea1a7b8ebd4e68314663af,2018-05-17 08:48:05,1,6990,5.0,有文字,False,T0064,送货很快,产品兑现了它的承诺。,已翻译,
3e1ca8d492e09887862b294346ec7bb5,484e56ded428e884844b504d37d0fbca,5,Arara,,2018-05-16 00:00:00,2018-05-20 15:15:38,True,2018,5,3,furniture_decor,aca2eb7d00ea1a7b8ebd4e68314663af,2018-05-09 00:25:48,2,13980,5.0,有文字,False,T0065,落地挂衣架,,已翻译,
50d0364ba56498addb3487d3c232b06a,488d5fc485f4624acb8132918763416c,5,Ótimo,"Gosto bastante de comprar pelo site de voces, sempre fico feliz.
Obrigada",2018-05-26 00:00:00,2018-05-29 00:47:31,True,2018,5,3,furniture_decor,aca2eb7d00ea1a7b8ebd4e68314663af,2018-05-23 11:14:52,1,6990,5.0,有文字,False,T0066,很棒,我很喜欢在你们的网站购物，每次都很开心。谢谢。,已翻译,
a284f4f21e86d2fa1ded173168ad4268,4b6c735cae2db7ba05d5e51ea8693bc6,4,,,2018-05-26 00:00:00,2018-05-27 00:46:30,False,2018,5,3,furniture_decor,aca2eb7d00ea1a7b8ebd4e68314663af,2018-05-21 14:45:56,2,13980,4.0,仅评分,False,,,,仅评分,
5c04526214f350048467f1cf521b620c,4c95e64d87f0a8e6c7e8ffc83767df0f,5,,,2018-06-03 00:00:00,2018-06-05 23:47:01,False,2018,5,3,furniture_decor,aca2eb7d00ea1a7b8ebd4e68314663af,2018-05-16 15:50:49,1,6990,5.0,仅评分,False,,,,仅评分,
aff5f54df81d2ca900b6bc577d6bd350,518a89db9918a8553dbc760454cc7634,4,,,2018-05-15 00:00:00,2018-05-18 13:21:46,False,2018,5,3,furniture_decor,aca2eb7d00ea1a7b8ebd4e68314663af,2018-05-01 18:06:41,2,13980,4.0,仅评分,False,,,,仅评分,
ac786186bcf04ed07697c973c83212ff,52213ce438ca7a21ce81bc3d48a3d4e3,5,*****,,2018-06-05 00:00:00,2018-06-07 19:28:56,True,2018,5,3,furniture_decor,aca2eb7d00ea1a7b8ebd4e68314663af,2018-05-23 12:02:38,1,6990,5.0,有文字,False,T0067,*****,,已翻译,
2a42054d2f8b715b16530702d319ccfa,57478ee9ef95eb7cdf2d930b8ff9ff80,5,,,2018-05-15 00:00:00,2018-05-15 23:33:35,False,2018,5,3,furniture_decor,aca2eb7d00ea1a7b8ebd4e68314663af,2018-05-10 16:10:47,1,6990,5.0,仅评分,False,,,,仅评分,
d3bc90256f463f1d4aae8c2e71d03925,5f8727348fdce5ad81ba441d3bf9e18c,5,,,2018-05-16 00:00:00,2018-05-16 22:42:18,False,2018,5,3,furniture_decor,aca2eb7d00ea1a7b8ebd4e68314663af,2018-05-06 12:46:07,2,13980,5.0,仅评分,False,,,,仅评分,
0d9072f588bfcbd42bbb241d1782343d,61fbef83f544ba8f4a72cc7809d44628,5,,,2018-05-17 00:00:00,2018-05-20 14:23:52,False,2018,5,3,furniture_decor,aca2eb7d00ea1a7b8ebd4e68314663af,2018-05-08 23:37:53,1,6990,5.0,仅评分,False,,,,仅评分,
248323fb4cbed00d93c9b340ccc4fde6,6554129577eff36836f1a93894b64f42,4,Recomendo,,2018-06-07 00:00:00,2018-06-07 21:25:17,True,2018,5,3,furniture_decor,aca2eb7d00ea1a7b8ebd4e68314663af,2018-05-22 14:11:51,2,13980,4.0,有文字,False,T0068,推荐,,已翻译,
2603153dd0b29d731cdba23b9a350834,67d8f4eb477222d7b5b81daa8e007bdd,1,Veio faltando PEÇAS!!!!! ,"Produto veio faltando peças, solicito outro com urgência pois já realizei o pagamento!
Gostaria do contato, com urgência. ",2018-05-17 00:00:00,2018-05-21 20:20:45,True,2018,5,3,furniture_decor,aca2eb7d00ea1a7b8ebd4e68314663af,2018-05-10 11:15:21,2,13980,1.0,有文字,False,T0069,缺了零件！！！！！,产品缺少零件，请尽快给我换一个，因为我已经付款了！请尽快联系我。,已翻译,
72d5bbb43da8ee43c616ea3890c9c9cf,67ef29c9ba12b789eb12ac5ee9743826,5,super recomendo,"muito muito bom
",2018-05-15 00:00:00,2018-05-25 02:05:46,True,2018,5,3,furniture_decor,aca2eb7d00ea1a7b8ebd4e68314663af,2018-05-10 00:40:38,2,13980,5.0,有文字,False,T0070,强烈推荐,非常非常好。,已翻译,
4ab2da1e2fc2d53145049337bfac5222,6d5e087df6cf3e6440c325e21c9a1c7c,4,,,2018-06-09 00:00:00,2018-06-09 18:24:01,False,2018,5,3,furniture_decor,aca2eb7d00ea1a7b8ebd4e68314663af,2018-05-24 15:43:12,1,6990,4.0,仅评分,False,,,,仅评分,
eed6232659b08bdb898a7b0ae7161fec,70195fea2bbb3d0d088b4d4ca7b9fc76,5,,,2018-05-18 00:00:00,2018-05-21 11:39:54,False,2018,5,3,furniture_decor,aca2eb7d00ea1a7b8ebd4e68314663af,2018-05-09 09:08:49,1,6990,5.0,仅评分,False,,,,仅评分,
455d6db7f7a662b3f49cd0b02cc99bbb,70c9e0c247d9f1e785e3a31d2a333ec6,5,,,2018-06-02 00:00:00,2018-06-05 11:09:31,False,2018,5,3,furniture_decor,aca2eb7d00ea1a7b8ebd4e68314663af,2018-05-16 19:08:50,1,6990,5.0,仅评分,False,,,,仅评分,
847c86a244345298a1db3b44289e5edd,7207091d29c0f0df59dfe6e1cb216f2b,5,Otimo,,2018-06-08 00:00:00,2018-06-09 04:07:52,True,2018,5,3,furniture_decor,aca2eb7d00ea1a7b8ebd4e68314663af,2018-05-25 01:51:58,2,13980,5.0,有文字,False,T0071,很好,,已翻译,
6c0a3719015e091b90882e071fb126d4,742cbcd370fd2e637bf3f2570ac5ed2a,4,Sim,Acho que não recebi por causa da greve dos caminhoneiros. ,2018-06-01 00:00:00,2018-06-05 14:15:56,True,2018,5,3,furniture_decor,aca2eb7d00ea1a7b8ebd4e68314663af,2018-05-07 21:46:22,1,6990,4.0,有文字,False,T0072,是的,我想我没收到，可能是因为卡车司机罢工。,已翻译,
19e370114e66c7d76fb8bc05527c91be,765f62aa9ec878cf62b1533261ae8e87,5,,,2018-06-12 00:00:00,2018-06-13 01:34:37,False,2018,5,3,furniture_decor,aca2eb7d00ea1a7b8ebd4e68314663af,2018-05-26 08:58:34,1,6990,5.0,仅评分,False,,,,仅评分,
87362944851d3b69d0a7d0adc8e82924,7a067b571c19eb71f647423ceba78fbe,3,,,2018-05-23 00:00:00,2018-05-28 22:12:08,False,2018,5,3,furniture_decor,aca2eb7d00ea1a7b8ebd4e68314663af,2018-05-17 10:31:55,3,20970,3.0,仅评分,False,,,,仅评分,
7f0700fcf9d7e701c9ee546ae5820dea,7ad26c8f2f119d81460033a51a648dc8,5,,,2018-05-18 00:00:00,2018-05-21 12:51:18,False,2018,5,3,furniture_decor,aca2eb7d00ea1a7b8ebd4e68314663af,2018-05-08 10:48:38,1,6990,5.0,仅评分,False,,,,仅评分,
708133a43669f38bf2431e59e03e902b,7de1ba35d9d0422c7129096639f316c9,5,,,2018-06-07 00:00:00,2018-06-08 01:37:00,False,2018,5,3,furniture_decor,aca2eb7d00ea1a7b8ebd4e68314663af,2018-05-19 19:46:33,1,6990,5.0,仅评分,False,,,,仅评分,
a01caa825167ab987b04f1a597a40b0e,7e680cdc973a1bda4710a1fc19e990a7,5,Bom produto!,"Bom produto, chegou no tempo certo!",2018-05-25 00:00:00,2018-05-25 15:52:18,True,2018,5,3,furniture_decor,aca2eb7d00ea1a7b8ebd4e68314663af,2018-05-01 22:57:43,1,6990,5.0,有文字,False,T0073,好产品！,好产品，按时到了！,已翻译,
a75a85f6afb0019811dc111e07027a0d,84f22866255c63a5269b53fe16d592bc,2,,"nao gostei do produto, mas ele foi entregue",2018-05-26 00:00:00,2018-05-29 02:27:56,True,2018,5,3,furniture_decor,aca2eb7d00ea1a7b8ebd4e68314663af,2018-05-08 12:30:21,1,6990,2.0,有文字,False,T0074,,我不喜欢这个产品，不过它确实送到了。,已翻译,
375bd9357a1eeef2915d90c23c249818,89d409eb62cdbeaf1aff4260e523b0c1,5,Amei,,2018-05-17 00:00:00,2018-05-20 13:12:02,True,2018,5,3,furniture_decor,aca2eb7d00ea1a7b8ebd4e68314663af,2018-05-04 22:53:19,1,6990,5.0,有文字,False,T0075,太喜欢了,,已翻译,
930ecbdb1a76f5fe92d6a896d1f2e301,8b5be28b78c96b28adca40358eed3d7b,5,"super recomendo , ","produto entregue antes do prazo , em otimas condiçoes amei agora tenho duas araras",2018-06-08 00:00:00,2018-06-09 00:17:51,True,2018,5,3,furniture_decor,aca2eb7d00ea1a7b8ebd4e68314663af,2018-05-20 13:38:25,1,6990,5.0,有文字,False,T0076,强烈推荐,产品提前送到，状况很好，我很喜欢，现在我有两个落地挂衣架了。,已翻译,
0cb6558f69ab561a121284c5b59fe824,90c76ed1638b6bf4f87d58e19b3d1349,5,,,2018-05-26 00:00:00,2018-05-28 23:38:59,False,2018,5,3,furniture_decor,aca2eb7d00ea1a7b8ebd4e68314663af,2018-05-23 12:37:05,1,6990,5.0,仅评分,False,,,,仅评分,
b55bb2f24127c0c5c365b95054d84cc9,90feb1846fa42bbfe6d411d2d018d194,5,,Sempre compro na Amercanas.com e gisto muito,2018-05-26 00:00:00,2018-05-26 20:57:09,True,2018,5,3,furniture_decor,aca2eb7d00ea1a7b8ebd4e68314663af,2018-05-23 12:38:04,1,6990,5.0,有文字,False,T0077,,我一直在 Americanas.com 购物，很喜欢。,待复核,原文“Amercanas.com”疑为网站名“Americanas.com”，“gisto”疑为“gosto”（喜欢）的笔误。
bb4153315c73257541fea6a0bd1cdeb9,93b06656d7999e4508fb835a56f85d69,5,Super recomendo,O produto chegou antes do prazo colocado no sistema e em ótimas condições!,2018-05-16 00:00:00,2018-05-20 17:12:50,True,2018,5,3,furniture_decor,aca2eb7d00ea1a7b8ebd4e68314663af,2018-05-08 22:15:04,2,13980,5.0,有文字,False,T0078,强烈推荐,产品比系统显示的期限提前送到，而且状况很好！,已翻译,
64b0ce72a5b4d713ad96ce934608fc6d,9570539b2a98b46f96b1b029b1d76b03,5,Excelente,Excelente,2018-05-24 00:00:00,2018-05-27 00:16:36,True,2018,5,3,furniture_decor,aca2eb7d00ea1a7b8ebd4e68314663af,2018-05-03 10:12:23,1,6990,5.0,有文字,False,T0079,非常棒,非常棒,已翻译,
9c6e1d12cd828b5ce8ec8fe43d95802b,97cbadeb1b5e215ee40649888763f85d,5,,"Parabéns chegou tudo certo.
obrigada",2018-05-17 00:00:00,2018-05-21 14:01:12,True,2018,5,3,furniture_decor,aca2eb7d00ea1a7b8ebd4e68314663af,2018-05-01 11:10:57,1,6990,5.0,有文字,False,T0080,,太好了，东西都正确送到了。谢谢。,已翻译,
fe779edbab2592d30d7552d5e18ad30f,9bb0677f0c84788b3c3a9079ba085f69,5,,,2018-06-09 00:00:00,2018-06-11 17:29:56,False,2018,5,3,furniture_decor,aca2eb7d00ea1a7b8ebd4e68314663af,2018-05-21 18:12:16,1,6990,5.0,仅评分,False,,,,仅评分,
3f70fb9117696868f09dbb6c4d8c6bdc,a1617ff5999ad108a77df6cf3d2969d3,4,,,2018-05-15 00:00:00,2018-05-15 16:50:49,False,2018,5,3,furniture_decor,aca2eb7d00ea1a7b8ebd4e68314663af,2018-05-02 22:01:59,1,6990,4.0,仅评分,False,,,,仅评分,
297fe4fe19a9098f8b914ee4cfdf50da,a7ce5e5684c181d2989559f9d54119dc,5,Ótimo,,2018-05-18 00:00:00,2018-05-21 22:53:31,True,2018,5,3,furniture_decor,aca2eb7d00ea1a7b8ebd4e68314663af,2018-05-06 10:19:10,1,6990,5.0,有文字,False,T0081,很棒,,已翻译,
7d4fd4573e08d715794532862af7b3dc,aea25973afa6e521393a98e850ebe672,5,excelente,"ótima loja, produto correto entregue no prazo, excelente",2018-06-06 00:00:00,2018-06-10 22:06:58,True,2018,5,3,furniture_decor,aca2eb7d00ea1a7b8ebd4e68314663af,2018-05-20 13:15:21,2,13980,5.0,有文字,False,T0082,非常棒,很棒的店铺，送到的产品正确且按时，太棒了。,已翻译,
3d0b4716fc405ec44b52877e08f2340e,b20541ce2d6f4c7d3b204035f09ea681,5,Recomendo,"Surpreendi-me com o produto. Achei que seria bem mais frágil, todavia tem desempenhado muito bem a função. Compraria outro. ",2018-05-05 00:00:00,2018-05-06 18:47:23,True,2018,5,3,furniture_decor,aca2eb7d00ea1a7b8ebd4e68314663af,2018-05-02 09:01:03,1,6990,5.0,有文字,False,T0083,推荐,这个产品让我很惊喜。我原以为它会脆弱得多，但它一直很好地发挥着作用。我会再买一个。,已翻译,
655ab9bd2ca79606d0b1994539dae8db,b6486d95eebb7818b61f0f052d470f0c,5,,,2018-06-05 00:00:00,2018-06-05 22:12:44,False,2018,5,3,furniture_decor,aca2eb7d00ea1a7b8ebd4e68314663af,2018-05-19 20:00:06,1,6990,5.0,仅评分,False,,,,仅评分,
81c2d09730591a6f405e98882cf0b78f,ba2018431e2b0cec56147edc7a0627a5,5,,,2018-05-12 00:00:00,2018-05-15 03:33:42,False,2018,5,3,furniture_decor,aca2eb7d00ea1a7b8ebd4e68314663af,2018-05-03 13:57:06,1,6990,5.0,仅评分,False,,,,仅评分,
4b1d2400207fa05239fb5b02db7b152c,c0834ece62641e0d8cf5da3a070f4195,5,ainda não conferi,"deixo em branco sobre o produto correto.
vou abrir amanhã",2018-05-24 00:00:00,2018-05-24 19:15:39,True,2018,5,3,furniture_decor,aca2eb7d00ea1a7b8ebd4e68314663af,2018-05-21 08:53:05,2,13980,5.0,有文字,False,T0084,还没检查,关于产品是否正确，我先不作评价。我明天会打开查看。,待复核,正文“deixo em branco sobre o produto correto”表述不完整，译文按“先不评价产品是否正确”处理。
fb6718b42b4244c213d5f9aba48c0785,c38c88c87a4800eda1f0a4f0638a48f3,5,,,2018-05-16 00:00:00,2018-05-17 11:01:25,False,2018,5,3,furniture_decor,aca2eb7d00ea1a7b8ebd4e68314663af,2018-05-04 11:34:53,1,6990,5.0,仅评分,False,,,,仅评分,
841cec494d4e0386d1c2bfe4cb3317c4,c6c17394464f987209982d3f1423f068,5,,,2018-06-15 00:00:00,2018-06-15 14:31:08,False,2018,5,3,furniture_decor,aca2eb7d00ea1a7b8ebd4e68314663af,2018-05-16 19:04:43,2,13980,5.0,仅评分,False,,,,仅评分,
3c2edfb17182fabebfd32ab629c6b22c,c8a118d2edafad1835b83c6a42145427,5,Excelente,Gostei muito do produto e da rapidez da entrega.,2018-05-15 00:00:00,2018-06-11 12:09:48,True,2018,5,3,furniture_decor,aca2eb7d00ea1a7b8ebd4e68314663af,2018-05-06 17:40:21,1,6990,5.0,有文字,False,T0085,非常棒,我很喜欢这个产品，也很喜欢它送得快。,已翻译,
0b15a941e15d276ba124e4532c66be82,ce5a9de9a8a2c2a47c627c3615f90700,5,,,2018-06-06 00:00:00,2018-06-09 13:51:04,False,2018,5,3,furniture_decor,aca2eb7d00ea1a7b8ebd4e68314663af,2018-05-29 21:08:28,1,6990,5.0,仅评分,False,,,,仅评分,
c03dc11691471eb4487a3aec631b6a6b,d08eb402923cd72cb3b9f91028330de7,3,,,2018-05-12 00:00:00,2018-05-24 15:53:31,False,2018,5,3,furniture_decor,aca2eb7d00ea1a7b8ebd4e68314663af,2018-05-05 17:29:55,1,6990,3.0,仅评分,False,,,,仅评分,
63197ad56cc70ee9e29688b467643c47,d1a0874a41563f4f1cb865d11acec8e2,5,,,2018-05-11 00:00:00,2018-05-14 16:15:36,False,2018,5,3,furniture_decor,aca2eb7d00ea1a7b8ebd4e68314663af,2018-05-02 19:38:26,1,6990,5.0,仅评分,False,,,,仅评分,
573be11118bdee01c38c31d27784f5e9,d37e3c63571435625b73f8e231bdd738,5,Muito bom,,2018-06-09 00:00:00,2018-06-10 01:16:01,True,2018,5,3,furniture_decor,aca2eb7d00ea1a7b8ebd4e68314663af,2018-05-21 11:09:52,1,6990,5.0,有文字,False,T0086,很好,,已翻译,
a60dde52c343b2f124a60ed6c958046e,dc7997edb72a765e7b39dbb9be3a63a2,5,,,2018-05-09 00:00:00,2018-05-09 23:44:10,False,2018,5,3,furniture_decor,aca2eb7d00ea1a7b8ebd4e68314663af,2018-05-05 15:16:04,1,6990,5.0,仅评分,False,,,,仅评分,
c54e49358841d3d1016674af24eeb258,dee50837840e6d11581521e1bee4899a,4,,,2018-05-09 00:00:00,2018-05-11 19:26:26,False,2018,5,3,furniture_decor,aca2eb7d00ea1a7b8ebd4e68314663af,2018-05-01 11:55:52,1,6990,4.0,仅评分,False,,,,仅评分,
baefd1ff4ce7d975445a47206adb81ac,eafad4b2586c3b611bd4091b1cd796eb,5,,,2018-05-13 00:00:00,2018-05-14 01:43:48,False,2018,5,3,furniture_decor,aca2eb7d00ea1a7b8ebd4e68314663af,2018-05-04 13:18:22,1,6990,5.0,仅评分,False,,,,仅评分,
4fa9eba49041bc28a3b0be00779ff3a9,ebabc8ac474d11be84da632d48790ac2,5,,,2018-05-26 00:00:00,2018-05-26 18:20:43,False,2018,5,3,furniture_decor,aca2eb7d00ea1a7b8ebd4e68314663af,2018-05-23 16:51:21,1,6990,5.0,仅评分,False,,,,仅评分,
41fe0c5703b3416c2ea9f81a42c95557,ec6752845f9c553dcaeb40318b0df3ce,5,,,2018-05-24 00:00:00,2018-05-26 23:48:48,False,2018,5,3,furniture_decor,aca2eb7d00ea1a7b8ebd4e68314663af,2018-05-18 18:00:59,1,6990,5.0,仅评分,False,,,,仅评分,
a5c5076bbb5504f3c40c9ab7587f9851,f29d0fd6d4e6d5ce550e0b2f9335116c,5,,,2018-06-09 00:00:00,2018-06-10 23:49:07,False,2018,5,3,furniture_decor,aca2eb7d00ea1a7b8ebd4e68314663af,2018-05-17 16:34:49,1,6990,5.0,仅评分,False,,,,仅评分,
487220a5ba5066af7e7ed549d116ed4a,f4339348190b76ae59e4945134744ebc,3,,,2018-05-22 00:00:00,2018-05-25 14:41:16,False,2018,5,3,furniture_decor,aca2eb7d00ea1a7b8ebd4e68314663af,2018-05-07 10:50:09,1,6990,3.0,仅评分,False,,,,仅评分,
2f9d4dfd9bab5aef77ba65e035071f3a,fab2aac6ff265cb5b66ffec77b3fd882,1,zero vou ao procom,"liguei para reclamar, foi aberto um protocolo, a lannister ficou de me ligar para dar uma posição e ate o presente momento não recebi nem a explicação e nem o produto
grata pela atenção
",2018-06-05 00:00:00,2018-06-12 12:00:29,True,2018,5,3,furniture_decor,aca2eb7d00ea1a7b8ebd4e68314663af,2018-05-12 11:05:06,2,13980,1.0,有文字,False,T0087,零分，我要去 Procon 投诉,我打电话投诉后，建立了投诉记录。Lannister 说会打电话给我说明处理进展，但直到现在我既没收到解释，也没收到产品。感谢关注。,待复核,标题中的“procom”疑为“Procon”的拼写错误；具体想采取的后续措施按字面译为去 Procon 投诉。
60582538a0e29d07e0a0ae53e5bd01be,e34701c5837aa96777ab266393a51537,5,TOP,Muito bom,2018-06-26 00:00:00,2018-06-28 17:36:43,True,2018,6,3,furniture_decor,aca2eb7d00ea1a7b8ebd4e68314663af,2018-06-19 09:58:43,2,17980,5.0,有文字,False,T0088,顶级,非常好,已翻译,
8ea707dc982c8b62b742c0f987e9665f,122f75d9c2b30dfb21ca6950ec587b90,4,,,2018-05-22 00:00:00,2018-05-22 18:10:07,False,2018,5,4,computers_accessories,af751fe756699bddfce4fdd67242fc2a,2018-05-11 16:36:36,2,252000,4.0,仅评分,False,,,,仅评分,
cf4d031aaf9efe5dc3ebec9a8671d80d,cf3c027d09d7b808bb4bd79207ae6df0,5,Muito satisfeito,"Fiquei super satisfeito, o produto é ÓTIMO ao contrário das últimas HP""s que comprei este realmente atende. 
A entrega FOI SUPER RÁPIDA bem antes do prazo estipulado.Sou 1 consumidor muito satisfeito",2018-05-17 00:00:00,2018-05-30 12:35:54,True,2018,5,4,computers_accessories,af751fe756699bddfce4fdd67242fc2a,2018-05-10 12:09:59,1,126000,5.0,有文字,False,T0089,非常满意,我非常满意，这款产品太棒了；和我最近买的那些 HP 产品相比，它确实符合预期。送货特别快，远早于规定期限。我是一位非常满意的消费者。,待复核,“HP”未说明具体产品类型；“este realmente atende”省略了满足什么，译文按符合预期处理。
b4a493d8bfdb5a6b55ae9e07cb7efcd9,e44e0cbca34accde72251d80c7d08cfe,5,,,2018-05-23 00:00:00,2018-05-24 02:32:17,False,2018,5,4,computers_accessories,af751fe756699bddfce4fdd67242fc2a,2018-05-16 17:13:17,1,126000,5.0,仅评分,False,,,,仅评分,
63ce966c6914ff991a1c6235c114262e,39a6ecead949b006d60a132d146ea284,4,Recomendo,"O produto chegou bem antes do prazo estipulado. Quanto ao produto, ele é realmente muito bom, porém para meu tipo de uso o formato me decepcionou um pouco, achei muito estreito. De resto tudo perfeito",2018-06-06 00:00:00,2018-06-07 14:33:31,True,2018,5,5,electronics,0abc19e41fdc9d6894b8cae651619253,2018-05-21 14:56:42,1,247050,4.0,有文字,False,T0090,推荐,产品比规定期限早很多就到了。至于产品本身，它确实很好，不过它的外形让我有些失望，不太适合我的使用方式；我觉得太窄了。除此之外一切完美。,已翻译,
4ece67238854406287895671afd82527,8ee5cab30019132affead27f19959ff2,5,Recomendo!,"Otimo preço, rapida entrega, recomendo... ",2018-06-03 00:00:00,2018-06-04 18:28:48,True,2018,5,5,electronics,0abc19e41fdc9d6894b8cae651619253,2018-05-19 14:00:29,1,247050,5.0,有文字,False,T0091,推荐,价格很好，送货也快，推荐……,已翻译,
5740810e4d16fe8fc6a1b959558f63a5,8dbc85d1447242f3b127dda390d56e19,5,Satisfeito,Cumpriu o prometido,2018-07-06 00:00:00,2018-07-06 21:30:22,True,2018,6,6,computers,259037a6a41845e455183f89c5035f18,2018-06-22 12:23:19,1,459000,5.0,有文字,False,T0092,满意,兑现了承诺。,已翻译,
70b55d07809466c3bb958085be6385f6,846b560326bf3574c22964443fe7c5f1,4,,,2018-06-09 00:00:00,2018-06-09 18:51:47,False,2018,6,7,health_beauty,25292482a61cb3298df8dbe15ea69daf,2018-06-04 12:38:18,1,149965,4.0,仅评分,False,,,,仅评分,
52ffa4c906e89420fb80e0c092647fd1,c45965834bc929b4242b82f924d52c49,5,,,2018-06-09 00:00:00,2018-06-11 01:41:20,False,2018,6,7,health_beauty,25292482a61cb3298df8dbe15ea69daf,2018-06-03 19:45:59,1,149965,5.0,仅评分,False,,,,仅评分,
5ce3e232e4d6d9fc0e4c9ce8d93ffe1e,d72653b199232133a82a28e6e340133c,5,,,2018-06-16 00:00:00,2018-06-18 11:10:45,False,2018,6,7,health_beauty,25292482a61cb3298df8dbe15ea69daf,2018-06-07 10:02:26,1,149965,5.0,仅评分,False,,,,仅评分,
4639998531defa7a548b5f6c74c2c772,6703cbd67193e32ea4174d97832a16bd,5,Ótimo atendimento,,2018-05-18 00:00:00,2018-05-21 10:04:24,True,2018,5,8,home_appliances_2,87feb07adc221a4c6cdf051ea1afd0ff,2018-05-06 12:15:19,1,211000,5.0,有文字,False,T0093,服务很棒,,已翻译,
fa478236e070c86bcedd9cbbcae877f1,8ddd6fc19a466ec0847fec42d69824c6,5,,,2018-05-31 00:00:00,2018-05-31 23:41:51,False,2018,5,8,home_appliances_2,87feb07adc221a4c6cdf051ea1afd0ff,2018-05-19 18:43:01,1,211000,5.0,仅评分,False,,,,仅评分,
752a36589db52b8e2fc8082559800ae0,fe8019fe8dd1f1af8ba5c0ffdb113a74,5,Ótimo ,Parabéns!!,2018-05-10 00:00:00,2018-05-10 17:37:20,True,2018,5,8,home_appliances_2,87feb07adc221a4c6cdf051ea1afd0ff,2018-05-04 16:32:19,1,211000,5.0,有文字,False,T0094,很棒,恭喜！！,已翻译,
59e5b5594f3dd7033563e30cbf2b162c,b92aa81f74ab98a2f1a9cc5659f6edcf,5,Ok,"Recebi. Não sei se é o produto certo pois ainda não abri a embalagem. 
Estamos em obra e o pacote só vai ser aberto no momento certo pra não danificar.",2018-06-28 00:00:00,2018-07-01 13:16:47,True,2018,6,8,home_appliances_2,87feb07adc221a4c6cdf051ea1afd0ff,2018-06-24 13:49:51,1,211000,5.0,有文字,False,T0095,好的,我收到了。不知道是不是正确的产品，因为我还没打开包装。我们家正在施工，包裹要等到合适的时候才打开，以免弄坏。,已翻译,
08f6a5321fc8bef604b61e807b6d4736,054418a6880b7e815bf64730ef040574,5,,,2018-06-07 00:00:00,2018-06-07 22:25:26,False,2018,5,9,watches_gifts,57c9362442482cd2451f2eabf468e532,2018-05-18 01:06:11,1,87800,5.0,仅评分,False,,,,仅评分,
693b9aa5975e95df050f3bb384ad5675,446461e627059dcc66c0d83df1d3fadf,5,Super rápida a enttega,"Entregou antes da data, e o produto bem embalado.super recomendo.",2018-05-11 00:00:00,2018-05-11 23:44:27,True,2018,5,9,watches_gifts,57c9362442482cd2451f2eabf468e532,2018-05-07 22:48:45,1,109999,5.0,有文字,False,T0096,送货超快,比预定日期提前送到了，产品包装得很好。强烈推荐。,待复核,标题“enttega”多写了一个 t，按“entrega”（送货）翻译。
2783ce8539029239231481c62b6ccd9a,4c3dc9dfddad01aea0666beb48895f7b,4,muito boa,,2018-05-09 00:00:00,2018-05-11 11:15:37,True,2018,5,9,watches_gifts,57c9362442482cd2451f2eabf468e532,2018-05-02 10:15:58,1,109999,4.0,有文字,False,T0097,非常好,,已翻译,
82ad48cc354020eaafc8428ada3102ad,be0cfa52def8dbec8774d5caf15b61a8,5,,,2018-05-25 00:00:00,2018-05-25 23:18:16,False,2018,5,9,watches_gifts,57c9362442482cd2451f2eabf468e532,2018-05-18 14:00:40,1,87800,5.0,仅评分,False,,,,仅评分,
91ebf21e48b5bd4794b99aadfd477793,eb4bfa31c0d54df31280baa9f95e4e78,5,,,2018-05-19 00:00:00,2018-05-20 16:27:52,False,2018,5,9,watches_gifts,57c9362442482cd2451f2eabf468e532,2018-05-12 21:23:13,1,99999,5.0,仅评分,False,,,,仅评分,
8ece67ef2fba7422912f47a9b5765ba9,564056ed2b1aba6010b16c2dc89735b6,1,produto de baixa qualidad,"compre um relógio , no anuncio dizia q era original! mas o relógio se trata de uma replica de mau qualidade.",2018-06-16 00:00:00,2018-06-18 11:15:19,True,2018,6,9,watches_gifts,57c9362442482cd2451f2eabf468e532,2018-06-07 10:38:12,1,86900,1.0,有文字,False,T0098,低质量产品,我买了一块手表，商品页面上说它是正品！但这块手表实际上是个质量很差的仿品。,待复核,标题“qualidad”少了字母 e；正文“compre”结合语境疑为“comprei”（我买了），按此翻译。
13550808f5e0cd9d757326d211dc8561,24c2ea18beb03e17972ed33b519950c1,5,Muito bom. ,,2018-05-17 00:00:00,2018-05-20 20:00:20,True,2018,5,10,construction_tools_construction,8a12c0e223d9dbd49ccfcd2ad25d1b30,2018-05-11 09:49:31,1,189000,5.0,有文字,False,T0099,很好。,,已翻译,
f07ccf11ac95a838b19a5cf48a7ca939,11658ef3bdfaf6a5d20927c19404c1d7,5,,,2018-06-28 00:00:00,2018-06-28 20:27:49,False,2018,6,10,construction_tools_construction,8a12c0e223d9dbd49ccfcd2ad25d1b30,2018-06-25 16:50:08,1,216000,5.0,仅评分,False,,,,仅评分,
179fc4bc547924e90b79817f4cad7ce6,6a411c43a42ddb752d87534a423d043a,5,Exelente,"o melhor banho que tomei foi com esta ducha, excelente",2018-06-19 00:00:00,2018-06-24 10:34:50,True,2018,6,10,construction_tools_construction,8a12c0e223d9dbd49ccfcd2ad25d1b30,2018-06-11 15:31:32,1,189000,5.0,有文字,False,T0100,非常棒,我用这款花洒洗过最舒服的一次澡，太棒了。,已翻译,
3e3078d9b8306cd1b49832d2fe796690,ea110ced6459b4dc6c73e0b2367077e9,5,,,2018-06-20 00:00:00,2018-06-23 00:54:03,False,2018,6,10,construction_tools_construction,8a12c0e223d9dbd49ccfcd2ad25d1b30,2018-06-17 20:32:45,1,189000,5.0,仅评分,False,,,,仅评分,
2e2f2b7cc922b277c2f3169e8265871e,41b7766bb1df487d17fb9725b78ff509,4,,,2018-06-02 00:00:00,2018-06-04 12:34:43,False,2018,5,11,garden_tools,0563d4cc419141eab2e5b438046e844e,2018-05-14 15:15:30,1,393000,4.0,仅评分,False,,,,仅评分,
d291bcd2472238d41f4d8a1b3932df4c,22186fa7212dbcf34309042f929b7c00,3,Entrega antes do prazo!!,Entrega antes do prazo!!,2018-05-22 00:00:00,2018-05-22 21:16:19,True,2018,5,12,watches_gifts,d285360f29ac7fd97640bf0baef03de0,2018-05-14 10:43:32,1,25900,3.0,有文字,False,T0101,提前送达！！,提前送达！！,已翻译,
de71b59d6a42d7d70d7634beeac86578,3a430e3b4726aa29854e7fc28fc77761,5,Perfeito,Produto i loja super maravilhosos entregue antes do prazo super indico,2018-05-15 00:00:00,2018-05-15 20:54:12,True,2018,5,12,watches_gifts,d285360f29ac7fd97640bf0baef03de0,2018-05-04 23:18:55,1,27800,5.0,有文字,False,T0102,完美,商品和店铺都非常棒，强烈推荐。,待复核,正文中的“i”疑似“e”的拼写错误，按“和”翻译。
a958c4ac615a4c8cfe21976874ee6ff7,44e4c5a939b122bbe9e4688a50e44167,3,Bom,"Único ponto negativo é a embalagem do produto!
Caixinha da Casio muito feia,
E que não oferece nenhum tipo de Proteção ao objeto!
",2018-06-26 00:00:00,2018-06-27 01:15:29,True,2018,5,12,watches_gifts,d285360f29ac7fd97640bf0baef03de0,2018-05-31 22:59:13,1,22790,3.0,有文字,False,T0103,好,唯一的缺点是产品包装！卡西欧的小盒子很难看，而且对物品没有任何保护作用！,已翻译,
55ec437e3c8c44c4bb2f52b49d5b1428,49948abfb7336062720db01329a38578,5,Impressionante ,O pedido foi entregue um dia após a compra. Acho que isso nunca aconteceu comigo. Muito bom.,2018-05-16 00:00:00,2018-05-16 23:29:31,True,2018,5,12,watches_gifts,d285360f29ac7fd97640bf0baef03de0,2018-05-14 11:42:48,1,25900,5.0,有文字,False,T0104,令人惊讶,下单后一天就送到了。我觉得这种情况以前从未发生在我身上。非常好。,已翻译,
d39dc821401edac27f4c016ad54f0109,56f3eb3f797bf95b964817291410d0a2,5,,Super Recomendo meu pedido foi entregue muito antes do previsto ! Chegou certo e em perfeito estado.,2018-05-30 00:00:00,2018-05-31 13:29:09,True,2018,5,12,watches_gifts,d285360f29ac7fd97640bf0baef03de0,2018-05-24 19:20:26,1,27500,5.0,有文字,False,T0105,,非常推荐！我的订单比预计早很多送达！商品完好无损。,已翻译,
127f0976a38e995a99e4188325fa83a1,628923e74a955e432c826a2e0da83406,1,,"recebi o produto mas pelo que identifiquei é falso não é o mesmo que está anunciado nas fotos, muito chato passar por Isso, a lannister deveria ter um controle mais rigoroso com os terceiros ",2018-06-06 00:00:00,2018-06-07 02:12:43,True,2018,5,12,watches_gifts,d285360f29ac7fd97640bf0baef03de0,2018-05-11 14:52:58,1,25490,1.0,有文字,False,T0106,,我收到了商品，但据我判断这是假的，和照片中的不是同一款。遇到这种事真让人恼火，Lannister 应该对第三方商家进行更严格的管控。,已翻译,
44f4b9cdac483f9cd81eadfb8b8bd592,6e4a56e7ceec57f1cd7fea6278c4c710,5,,,2018-06-02 00:00:00,2018-06-11 14:47:51,False,2018,5,12,watches_gifts,d285360f29ac7fd97640bf0baef03de0,2018-05-16 16:50:14,1,24990,5.0,仅评分,False,,,,仅评分,
b2c4ee3c5cdd98391fcfb0c4676e0534,816fd1f12f703f9825eb7c4c307388b5,1,Não recomendo,Produto que enviaram não foi o produto comprado.,2018-06-27 00:00:00,2018-06-27 23:32:52,True,2018,5,12,watches_gifts,d285360f29ac7fd97640bf0baef03de0,2018-05-30 17:50:08,1,22790,1.0,有文字,False,T0107,不推荐,发来的商品不是我买的商品。,已翻译,
e40d31071ee19ab9da13743560d0ac74,a5504f1984f84201ce8630f9b7df369d,3,Meu recebi o produto,,2018-06-09 00:00:00,2018-06-09 13:32:23,True,2018,5,12,watches_gifts,d285360f29ac7fd97640bf0baef03de0,2018-05-12 19:15:40,1,26000,3.0,有文字,False,T0108,我收到了商品,,待复核,标题“Meu recebi o produto”语序和用词不完整，无法确定“Meu”的具体含义；按“我收到了商品”翻译。
eade75ab00a9ea12148ec362ff94a899,a62e5e820da4b79811ca945d941fff8b,5,Ótimo,"Recebei bem antes do prazo, produto maravilhoso, super recomendo.",2018-05-06 00:00:00,2018-05-07 12:38:44,True,2018,5,12,watches_gifts,d285360f29ac7fd97640bf0baef03de0,2018-05-02 21:13:29,1,26900,5.0,有文字,False,T0109,很好,我提前很久就收到了，商品很棒，强烈推荐。,已翻译,
e0e0d1b3002a12c1e56d949d2b3fc566,b1846dcb6fa367fc58bc4064ff4ef38b,4,,,2018-06-12 00:00:00,2018-06-12 23:00:42,False,2018,5,12,watches_gifts,d285360f29ac7fd97640bf0baef03de0,2018-05-21 16:22:41,1,24800,4.0,仅评分,False,,,,仅评分,
6af5ac2e2c1ba877afc119fb08afe25a,bdfad190904dc2cc0fc9d2c54f58fedf,5,Excelente,"Produto muito bonito, leve e entregue antes do prazo!",2018-06-02 00:00:00,2018-06-03 16:16:24,True,2018,5,12,watches_gifts,d285360f29ac7fd97640bf0baef03de0,2018-05-16 12:38:59,1,24990,5.0,有文字,False,T0110,优秀,商品很好看、很轻，而且提前送达！,已翻译,
c04232666c160eb42f320456830ebbdb,c70910216a8ff28d93ac7e1c39663784,5,,,2018-06-27 00:00:00,2018-06-28 13:25:02,False,2018,5,12,watches_gifts,d285360f29ac7fd97640bf0baef03de0,2018-05-31 15:20:37,1,22790,5.0,仅评分,False,,,,仅评分,
8b26ab69591a242b9580d26432a4aa45,cac0cf69e6b636454b35048fac095f75,3,Bom ,,2018-05-24 00:00:00,2018-05-25 18:13:55,True,2018,5,12,watches_gifts,d285360f29ac7fd97640bf0baef03de0,2018-05-09 06:59:28,1,27800,3.0,有文字,False,T0111,好,,已翻译,
e7f94ae2145219fb6abb815192a41b24,d279d0537eba57893e86d387ea58d4a4,5,,,2018-05-17 00:00:00,2018-05-20 19:52:15,False,2018,5,12,watches_gifts,d285360f29ac7fd97640bf0baef03de0,2018-05-08 22:41:09,1,27800,5.0,仅评分,False,,,,仅评分,
f4e75984185ea0bb9abfc18af71ceb4d,d778bedecb77b234aeb18dc79ff59194,1,pedido,"No meu pedido aparece que ja foi entregue, mas não recebi nada ainda",2018-05-16 00:00:00,2018-05-18 13:20:59,True,2018,5,12,watches_gifts,d285360f29ac7fd97640bf0baef03de0,2018-05-04 08:48:19,1,27800,1.0,有文字,False,T0112,订单,我的订单页面显示已经送达，但我还什么都没收到。,已翻译,
8f3cbba8cc950473117adb0ae16c86a9,db17aa0220e5208b5fc2c08c8f704797,5,,,2018-06-09 00:00:00,2018-06-09 23:47:14,False,2018,5,12,watches_gifts,d285360f29ac7fd97640bf0baef03de0,2018-05-20 14:10:30,1,24800,5.0,仅评分,False,,,,仅评分,
b625a9bec7b4bea9eb8df3392247eed3,e893f8f38397c526df32b5b1add8fda5,5,Relógio Casio,Tudo conforme a compra realizada.,2018-05-17 00:00:00,2018-05-20 23:12:40,True,2018,5,12,watches_gifts,d285360f29ac7fd97640bf0baef03de0,2018-05-08 20:19:02,1,27800,5.0,有文字,False,T0113,卡西欧手表,一切都与购买时一致。,已翻译,
e557142a4ddec2da000524356935a479,1c2bcfd34cbb64f130a03aeb7c0d6c75,2,Vrio com defeito,O relógio veio com defeito.como faço pra trocar? ,2018-06-27 00:00:00,2018-07-01 15:19:38,True,2018,6,12,watches_gifts,d285360f29ac7fd97640bf0baef03de0,2018-06-02 11:53:45,1,22790,2.0,有文字,False,T0114,送来时有缺陷,手表有缺陷。该怎么换货？,已翻译,
217c82e96cff6b77a652bc921b7b7261,494fa4e20c0a57c2f565a2d43a41462b,2,Produto Ruim,Relógio com Defeito,2018-06-29 00:00:00,2018-07-03 19:55:12,True,2018,6,12,watches_gifts,d285360f29ac7fd97640bf0baef03de0,2018-06-03 20:13:46,1,22790,2.0,有文字,False,T0115,糟糕的商品,手表有缺陷。,已翻译,
6c39750dd584f8f824e38486e2fc7e69,7a281ea07cea9f99a15e8f67d6e982bd,1,,"comprei um relógio ,não entregaram no meu enderenço eu tive que pegar nos correios,a caixa do relógio estava aberta ,com o relógio fora da caixa bem desagradável ........não gostei ..",2018-07-03 00:00:00,2018-07-07 13:31:40,True,2018,6,12,watches_gifts,d285360f29ac7fd97640bf0baef03de0,2018-06-02 17:00:59,1,22790,1.0,有文字,False,T0116,,我买了一块手表，他们没有送到我的地址，我只好去邮局取。手表盒子是打开的，手表也在盒子外面，实在令人不快……我不喜欢。,已翻译,
4fa1be5669a5d8a0121a49d2cb8d2655,ae0b67266fec287e49a6bfa534e52d8c,5,,,2018-06-20 00:00:00,2018-06-21 11:09:28,False,2018,6,12,watches_gifts,d285360f29ac7fd97640bf0baef03de0,2018-06-14 15:31:33,1,29990,5.0,仅评分,False,,,,仅评分,
9a5396939cbc849a62ff4e28a42771d9,9de73f3e6157169ad6c32b9f313c7dcb,5,,,2018-06-13 00:00:00,2018-06-13 13:25:04,False,2018,6,13,baby,0eb41884a8773e019708fb8409fd8347,2018-06-05 12:45:17,1,389900,5.0,仅评分,False,,,,仅评分,
2c181a9f31239d94ce4798230e614c5d,059c0bd12954b4e72327c0ff67d9f2e8,5,,,2018-05-11 00:00:00,2018-05-14 13:27:46,False,2018,5,14,watches_gifts,6f3b5b605d91b7439c5e3f5a8dffeea7,2018-05-01 21:53:28,1,14500,5.0,仅评分,False,,,,仅评分,
0fc9093b0259417061cf203c213f3ab5,0a44ca66dfa067a69bc92ef82ba68acf,4,Ótima. ,"Produto atendeu as expectativas. Comprei para a minha namorada, ela gostou muito.",2018-05-20 00:00:00,2018-05-20 23:15:19,True,2018,5,14,watches_gifts,6f3b5b605d91b7439c5e3f5a8dffeea7,2018-05-13 20:05:55,1,14500,4.0,有文字,False,T0117,很好,商品符合预期。我买来送给女朋友，她非常喜欢。,已翻译,
4fa8392da03c452f77faa3f2952fa346,0bb77e62d791c3e5b009815ac19825be,5,Bom ,Muito bom mesmo!,2018-05-24 00:00:00,2018-05-26 15:55:48,True,2018,5,14,watches_gifts,6f3b5b605d91b7439c5e3f5a8dffeea7,2018-05-14 14:28:23,1,14500,5.0,有文字,False,T0118,好,真的非常好！,已翻译,
a767748525c86e53f84bb69e9e140282,155b201ebf7d8510e7cba0659dc01ecb,5,MUITO BOM!!,Produto otimo e de boa qualidade !!,2018-05-17 00:00:00,2018-05-20 23:48:01,True,2018,5,14,watches_gifts,6f3b5b605d91b7439c5e3f5a8dffeea7,2018-05-08 20:10:20,1,14500,5.0,有文字,False,T0119,非常好！！,商品很棒，质量也不错！！,已翻译,
c339ee2c230ba477f2f5c13b3f3aaede,157527bd197cc424626aa0f831302229,5,Super recomendo,,2018-05-25 00:00:00,2018-05-25 18:13:45,True,2018,5,14,watches_gifts,6f3b5b605d91b7439c5e3f5a8dffeea7,2018-05-03 15:54:30,1,14500,5.0,有文字,False,T0120,强烈推荐,,已翻译,
a449f81545426f3da2d44bdc08ebae5a,1cfd879fba2e07e64229d40d3bc2592e,4,,,2018-05-08 00:00:00,2018-05-11 00:40:00,False,2018,5,14,watches_gifts,6f3b5b605d91b7439c5e3f5a8dffeea7,2018-05-02 14:58:19,1,14500,4.0,仅评分,False,,,,仅评分,
ec1d0a9273c75979a9032201eb976863,21c7a9262770a699c3144f54152e0b27,5,Boa,,2018-05-23 00:00:00,2018-05-24 10:03:51,True,2018,5,14,watches_gifts,6f3b5b605d91b7439c5e3f5a8dffeea7,2018-05-04 10:35:48,1,14500,5.0,有文字,False,T0121,好,,已翻译,
65f557c582717feafc965aa208cc5b9b,29120f643cc96827e25210e076335805,5,,,2018-06-08 00:00:00,2018-06-08 11:24:12,False,2018,5,14,watches_gifts,6f3b5b605d91b7439c5e3f5a8dffeea7,2018-05-13 16:54:57,1,14500,5.0,仅评分,False,,,,仅评分,
10112e1bb9c9eb56e228fbacb2061d6c,29921b6b001ba493f381f3f1d396af16,5,Super recomendo!,Produto entregue dois dias após a compra. Empresa parceira extremamente eficiente!,2018-05-15 00:00:00,2018-05-15 21:36:58,True,2018,5,14,watches_gifts,6f3b5b605d91b7439c5e3f5a8dffeea7,2018-05-07 22:53:53,1,14500,5.0,有文字,False,T0122,强烈推荐！,商品在购买后两天送达。合作公司效率极高！,已翻译,
5ca7e66d0170b6bfe084a7467b5603a8,2a915fd877409831a1a6372f57b3936d,5,,,2018-05-08 00:00:00,2018-05-11 02:04:57,False,2018,5,14,watches_gifts,6f3b5b605d91b7439c5e3f5a8dffeea7,2018-05-02 20:48:52,1,14500,5.0,仅评分,False,,,,仅评分,
9743cfbdc4f2187079ffb7e12a7ff311,513f45dfe361a2cd8b5627b1414b20ae,1,,Não recebi a mercadoria.,2018-06-08 00:00:00,2018-06-09 14:50:28,True,2018,5,14,watches_gifts,6f3b5b605d91b7439c5e3f5a8dffeea7,2018-05-13 23:02:56,1,14500,1.0,有文字,False,T0123,,我没收到货物。,已翻译,
ce1a768b2a6e360d1f48c6944612d464,523156bbb727eaea16d8a2880296d26c,5,,,2018-05-20 00:00:00,2018-05-20 14:32:36,False,2018,5,14,watches_gifts,6f3b5b605d91b7439c5e3f5a8dffeea7,2018-05-10 12:34:52,1,14500,5.0,仅评分,False,,,,仅评分,
5b4fe54b995cf384a04e89aaa8d7ba69,55788c74967dbef64cfde7d1db11e49d,5,,,2018-05-20 00:00:00,2018-05-30 14:36:28,False,2018,5,14,watches_gifts,6f3b5b605d91b7439c5e3f5a8dffeea7,2018-05-10 15:49:24,1,14500,5.0,仅评分,False,,,,仅评分,
ba227745fab4aecd7567575135b18729,562693a5d62dbe4b8b988a728efdf02e,4,,,2018-05-18 00:00:00,2018-05-20 11:05:47,False,2018,5,14,watches_gifts,6f3b5b605d91b7439c5e3f5a8dffeea7,2018-05-01 10:48:16,1,14500,4.0,仅评分,False,,,,仅评分,
eecd65374dc4c63bb00ae95b09985140,62e5680786ab7eb90e8129db68366952,1,nao recomedo,pedi unissex e veio feminino pequeno,2018-05-12 00:00:00,2018-05-16 18:40:52,True,2018,5,14,watches_gifts,6f3b5b605d91b7439c5e3f5a8dffeea7,2018-05-01 13:58:43,1,14500,1.0,有文字,False,T0124,不推荐,我买的是男女通用款，收到的却是女士款，而且尺寸很小。,已翻译,
d3527e8bf19e490bd8b61757beee4524,83255143f563e45be89933f0eb4759ed,4,,,2018-05-24 00:00:00,2018-05-24 20:13:51,False,2018,5,14,watches_gifts,6f3b5b605d91b7439c5e3f5a8dffeea7,2018-05-15 13:34:58,1,15000,4.0,仅评分,False,,,,仅评分,
04186860d50395e232b510d39a72666f,8691ef52aa97f8ba6d500780b5897e04,5,,,2018-05-19 00:00:00,2018-06-10 18:48:59,False,2018,5,14,watches_gifts,6f3b5b605d91b7439c5e3f5a8dffeea7,2018-05-06 17:07:09,1,14500,5.0,仅评分,False,,,,仅评分,
c9ccb66c3411e06340a8f195d53f3073,888c5dc2b24b36d92619a1dbee973da3,4,Ótimo produto," Ameeeeeei o produto que inclusive chegou antes do prazo, mas confesso que tomei um susto quando vi o tamanho pois no site aparenta ser um pouco maior. De qualquer forma, ele é ótimo e estou amando!",2018-05-15 00:00:00,2018-05-15 18:41:34,True,2018,5,14,watches_gifts,6f3b5b605d91b7439c5e3f5a8dffeea7,2018-05-01 19:06:48,1,14500,4.0,有文字,False,T0125,很棒的商品,我太喜欢这个商品了，它还提前送到了，不过我承认看到尺寸时吓了一跳，因为网站上看起来大一些。无论如何，它很棒，我现在非常喜欢！,已翻译,
5b3cf1c3d6727ff5150d20c660c7c607,973548765ef313758de16c641c195baf,5,,,2018-05-17 00:00:00,2018-05-20 20:23:49,False,2018,5,14,watches_gifts,6f3b5b605d91b7439c5e3f5a8dffeea7,2018-05-08 09:15:25,1,14500,5.0,仅评分,False,,,,仅评分,
d17de38a6ff6336bd3bbfa51138a07dc,a15e73bbba8b02796a4e55ac24ed1763,5,Ótima,Entrega antes do prazo previsto. Produto correto.,2018-05-17 00:00:00,2018-05-20 14:14:44,True,2018,5,14,watches_gifts,6f3b5b605d91b7439c5e3f5a8dffeea7,2018-05-06 22:37:01,1,14500,5.0,有文字,False,T0126,很好,提前于预计时间送达。商品正确。,已翻译,
66b26500d3150a442eccac565bd5b6bb,aa870603711e38df064454224e013c3a,2,,Só quero que o relógio chegue. ,2018-06-03 00:00:00,2018-06-06 13:43:05,True,2018,5,14,watches_gifts,6f3b5b605d91b7439c5e3f5a8dffeea7,2018-05-05 14:05:06,1,14500,2.0,有文字,False,T0127,,我只希望手表能送到。,已翻译,
566c94f3ebdd3aafab1ed8a06d2ac7e3,b92195016ab44aa92f58ccdc17cf496c,5,,,2018-05-23 00:00:00,2018-05-24 19:48:24,False,2018,5,14,watches_gifts,6f3b5b605d91b7439c5e3f5a8dffeea7,2018-05-14 12:47:30,1,14500,5.0,仅评分,False,,,,仅评分,
12f6342ae0d03291633d2dec0cb4c74b,b92ec5e62d4f9b08ea4d6dc83f36966a,5,,,2018-05-15 00:00:00,2018-05-22 01:20:57,False,2018,5,14,watches_gifts,6f3b5b605d91b7439c5e3f5a8dffeea7,2018-05-02 22:47:42,1,14500,5.0,仅评分,False,,,,仅评分,
d09eb8b6cca315eb771746936e2b0816,cabbda9faa21b3ae37ff649c0fec4f55,5,,,2018-05-24 00:00:00,2018-05-26 20:51:45,False,2018,5,14,watches_gifts,6f3b5b605d91b7439c5e3f5a8dffeea7,2018-05-09 21:36:13,1,14500,5.0,仅评分,False,,,,仅评分,
605550c9af3dfc37c99c13abe11a6216,ccc0965b6e9996d22fca63fe790a3c30,1,,,2018-05-26 00:00:00,2018-07-02 19:27:38,False,2018,5,14,watches_gifts,6f3b5b605d91b7439c5e3f5a8dffeea7,2018-05-10 20:04:34,1,14500,1.0,仅评分,False,,,,仅评分,
0c01f46b3776b1a945f90ff3ba1e01a3,d3702a0c7d129ebdb41eb60791ea41e2,1,Não fiquei satisfeito ,"O relógio entregue foi um modelo feminino e não unissex como consta na propaganda. É muito pequeno. No site aparenta ser grande, como desejava. Como não é possível uma troca, solicitei a devolução.",2018-05-23 00:00:00,2018-05-24 00:44:42,True,2018,5,14,watches_gifts,6f3b5b605d91b7439c5e3f5a8dffeea7,2018-05-08 19:05:19,1,14500,1.0,有文字,False,T0128,我不满意,送来的手表是女款，而不是广告中所说的男女通用款。它太小了。网站上看起来很大，正是我想要的尺寸。由于不能换货，我申请了退货。,已翻译,
e396123800aaae67f8599080fcebbc74,f07cd569c4555fbf9dd3568b7995827a,5,Excelente,"Entrega muito rápida, produto lindo e funcional.",2018-05-19 00:00:00,2018-05-21 10:45:00,True,2018,5,14,watches_gifts,6f3b5b605d91b7439c5e3f5a8dffeea7,2018-05-07 08:05:30,1,14500,5.0,有文字,False,T0129,优秀,送货很快，商品漂亮又实用。,已翻译,
4c5a03ab403ee1a2f17215b9b4c1afd7,f39f43e47399ff2c70a6ff3130215663,5,,,2018-05-25 00:00:00,2018-05-26 16:26:51,False,2018,5,14,watches_gifts,6f3b5b605d91b7439c5e3f5a8dffeea7,2018-05-12 15:31:37,1,14500,5.0,仅评分,False,,,,仅评分,
6f1fbe669f04d59cddb12a531252050d,fb05a4b251a54957ff9a86d515f98289,3,,"Produto chegou um pouco após a entrega, mas estou satisfeito. Acredito que a greve dos caminhoes tenha influenciado no atraso.",2018-06-07 00:00:00,2018-06-12 23:44:36,True,2018,5,14,watches_gifts,6f3b5b605d91b7439c5e3f5a8dffeea7,2018-05-05 18:59:56,1,14500,3.0,有文字,False,T0130,,商品比预计送达时间晚了一点，但我很满意。我认为卡车司机罢工影响了这次延误。,已翻译,
6ea25ccc765a2aada7371dcb90dcacb9,fb6fd490ceb962cb59053987c9401e81,5,,,2018-05-26 00:00:00,2018-05-27 01:36:34,False,2018,5,14,watches_gifts,6f3b5b605d91b7439c5e3f5a8dffeea7,2018-05-10 21:33:51,1,14500,5.0,仅评分,False,,,,仅评分,
5d18bdc4ce0013544deab975abf45283,0625530241d6fc5812c0062962c29a7e,5,,,2018-07-04 00:00:00,2018-07-05 12:50:56,False,2018,6,14,watches_gifts,6f3b5b605d91b7439c5e3f5a8dffeea7,2018-06-24 18:35:49,1,14800,5.0,仅评分,False,,,,仅评分,
caec68ef6d5dc188cc639128a71bffc0,7db6028d54d5921d79f3cb2b95e63a73,5,,,2018-07-03 00:00:00,2018-07-03 21:20:45,False,2018,6,14,watches_gifts,6f3b5b605d91b7439c5e3f5a8dffeea7,2018-06-23 17:49:39,1,14800,5.0,仅评分,False,,,,仅评分,
8b93aff69ee0ebb74a12756258637d98,cdad365333623e415b8afe922b97aef9,3,,A foto do site enganou o tamanho do relogio. Achei que estava comprando o pequeno e era o grande.,2018-07-10 00:00:00,2018-07-15 23:31:49,True,2018,6,14,watches_gifts,6f3b5b605d91b7439c5e3f5a8dffeea7,2018-06-29 20:14:41,1,16190,3.0,有文字,False,T0131,,网站上的照片让手表尺寸看起来和实际不一样。我以为买的是小款，结果是大款。,已翻译,
aa8907781ed98659d92da283009efd0d,02fe1a0806a5041f35fc69f658202c34,1,Já solicitei a devolução ,Produto enviado é falaificado,2018-05-23 00:00:00,2018-05-24 00:02:04,True,2018,5,15,computers_accessories,89b121bee266dcd25688a1ba72eefb61,2018-05-11 19:35:32,1,7990,1.0,有文字,False,T0132,已申请退货,发来的商品是假货。,已翻译,
d4469da4ea0680551bd2f446a5e45a28,03c6fd082fce47bdd5e0dc1f81a9626f,1,pessimo ,produto com defeito. ,2018-06-06 00:00:00,2018-06-06 22:55:26,True,2018,5,15,computers_accessories,89b121bee266dcd25688a1ba72eefb61,2018-05-12 20:50:47,1,7990,1.0,有文字,False,T0133,很糟糕,商品有缺陷。,已翻译,
c34338acdbcc5847fc05eff624430fec,08dd806c9344c87a3f061a6540a65041,4,,,2018-06-09 00:00:00,2018-06-11 22:59:06,False,2018,5,15,computers_accessories,89b121bee266dcd25688a1ba72eefb61,2018-05-22 19:25:04,2,15980,4.0,仅评分,False,,,,仅评分,
367b920a0b479bd286bb880b7dc64ab5,0f845aa8f4dfa5eab70f31813b6f5ffb,3,Ruim,O produto veio ruim ,2018-06-08 00:00:00,2018-06-10 19:35:48,True,2018,5,15,computers_accessories,89b121bee266dcd25688a1ba72eefb61,2018-05-21 22:59:51,1,7990,3.0,有文字,False,T0134,糟糕,商品不好。,已翻译,
496ae0a72bc80f54d912441336d93cba,12c35b9467a007081f7b545b5f8fb15b,1,Produto Errado e com defe,"Comprei um cartão micro SD que não veio igual o da descrição nem da imagem, e o pior é que mesmo assim não funcionou e veio corrompido. Estou no aguardo de uma resposta para troca.",2018-05-17 00:00:00,2018-05-20 19:56:16,True,2018,5,15,computers_accessories,89b121bee266dcd25688a1ba72eefb61,2018-05-15 10:14:23,1,7990,1.0,有文字,False,T0135,商品发错且有缺陷,我买了一张 microSD 卡，但收到的和描述、图片都不一样。更糟的是，它还是不能用，而且已经损坏。我正在等回复以便换货。,待复核,标题末尾“defe”被截断，按常见词“defeito”（缺陷）翻译。
3479b109d365da65ca7f35045bc96868,150da40a26382d8954208e5bd858c285,2,PRODUTO FALSO,COMPREI UM CARTAO MAS NAO FUNCIONOU E DEU ERRO E ATRAVES DE APLICATIVO ACUSOU SER FALSO,2018-06-07 00:00:00,2018-06-12 00:57:19,True,2018,5,15,computers_accessories,89b121bee266dcd25688a1ba72eefb61,2018-05-22 11:20:17,1,7990,2.0,有文字,False,T0136,假货,我买了一张卡，但它不能用，还报错；通过一个应用程序检测后，显示它是假货。,已翻译,
e7aec735e1e0a9d0cd7c09e710f6273c,1c7337cab00bdcc8c9aaa8b1c2671a85,5,Otimo produto e rapidez ,Comprei o produto dia 15/05...Dia 21/05 Já recebi....qualidade e rapidez...top,2018-05-22 00:00:00,2018-05-24 15:57:25,True,2018,5,15,computers_accessories,89b121bee266dcd25688a1ba72eefb61,2018-05-15 16:42:36,2,15980,5.0,有文字,False,T0137,商品很棒，送货很快,我于 15/05 买了商品，21/05 就收到了……质量好，速度快……棒极了。,已翻译,
c7e644aa88ad36fc72563f34f2139385,20d3cca1f6e329c19da781f029eed0e8,1,Cartão SD 64 gb,"Quero devolver o cartão está com problema, não aparece nos meus pedidos esse cartao",2018-06-02 00:00:00,2018-06-02 21:49:00,True,2018,5,15,computers_accessories,89b121bee266dcd25688a1ba72eefb61,2018-05-18 00:32:06,1,7990,1.0,有文字,False,T0138,64GB SD 卡,我要退这张卡，它有问题，而且我的订单里没有显示这张卡。,已翻译,
e8b035a7f258f645c21f3251bad1cf0d,2f610bccd0c217425cbb71bc0cdafa32,3,Entregue no prazo ,,2018-05-23 00:00:00,2018-05-26 14:11:47,True,2018,5,15,computers_accessories,89b121bee266dcd25688a1ba72eefb61,2018-05-16 19:47:11,1,7990,3.0,有文字,False,T0139,按时送达,,已翻译,
86b7f7cc3341c37be4d18c5a141c9449,37e96fc1d814b16ee6b763bd52e9e0de,5,,,2018-05-29 00:00:00,2018-05-29 20:34:38,False,2018,5,15,computers_accessories,89b121bee266dcd25688a1ba72eefb61,2018-05-18 08:22:47,2,15980,5.0,仅评分,False,,,,仅评分,
dd093426fbb6f0b57411d21c0423a5c0,51f5cd4115244a4860823a80bea0307e,1,Produto com defeito,O cartão de memória não funciona. No celular ele aparece como corrompido e no computador ele nem é reconhecido.,2018-05-23 00:00:00,2018-05-24 04:23:46,True,2018,5,15,computers_accessories,89b121bee266dcd25688a1ba72eefb61,2018-05-16 15:03:51,1,7990,1.0,有文字,False,T0140,商品有缺陷,存储卡不能用。在手机上它显示已损坏，在电脑上则根本无法识别。,已翻译,
8762e7340fb7946845ffac513a29d530,55edfc7697e8da852cfed4f2c93787b9,1,produto falso,"me venderam um produto falso. Logo após a primeira formatação nele ele parou de funcionar, contactei a assistência da Sandisk relatando o problema e me enviaram um email dizendo que o produto é falso.",2018-05-17 00:00:00,2018-05-21 15:04:04,True,2018,5,15,computers_accessories,89b121bee266dcd25688a1ba72eefb61,2018-05-13 14:43:09,1,7990,1.0,有文字,False,T0141,假货,他们卖给我的是假货。第一次格式化后它就停止工作了。我联系了 SanDisk 客服说明问题，他们发邮件告诉我这件商品是假的。,已翻译,
2ca08c633d4c824cf268e25c3ed435bc,5ba8503668408d9c4b89795726cb7f4e,1,Falso,"O cartão que recebi é falso.
Começou com a cor do cartão que não era a mesma da foto site. o celular e Pc não reconheceram o cartão. por fim, descobri que a sigla do prodt. É para uma capacidade meno",2018-06-02 00:00:00,2018-06-02 23:53:26,True,2018,5,15,computers_accessories,89b121bee266dcd25688a1ba72eefb61,2018-05-16 22:15:24,1,7990,1.0,有文字,False,T0142,假货,我收到的卡是假的。先是卡的颜色和网站照片不同。手机和电脑都无法识别这张卡。最后，我发现产品型号缩写对应的是更小的容量。,待复核,正文末尾“capacidade meno”被截断，按“容量更小”翻译。
48524042d3c07435c8af70c7f4cb483f,652ae40b48d62a6682c9f4a674f83621,1,Solicitei a devolução ,Recebi um produto diferente do que foi requisitado. A imagem do anúncio não condiz com o produto recebido.,2018-05-19 00:00:00,2018-05-21 19:47:57,True,2018,5,15,computers_accessories,89b121bee266dcd25688a1ba72eefb61,2018-05-15 23:42:54,1,7990,1.0,有文字,False,T0143,已申请退货,我收到的商品与要求的不一样。广告图片与收到的商品不符。,已翻译,
d41f82c1a9b9fbd6a37b99a8483d2a00,70f0b4dfaf32a6a528f14215e154792b,1,Gato por lebre ,"Pedi uma coisa e veio outra ,era para ser um chip micro sd xc e veio um micro sd hc ,versão ultrapassada dos micros sd",2018-06-05 00:00:00,2018-06-05 16:53:01,True,2018,5,15,computers_accessories,89b121bee266dcd25688a1ba72eefb61,2018-05-20 04:41:23,1,7990,1.0,有文字,False,T0144,货不对板,我订的是 microSD XC，收到的却是 microSD HC，这是较旧版本的 microSD。,已翻译,
1f3ea7696ab23b0f7decfc29ffab4f7d,931eb9b18a6471d1f635ff15fcbde0ca,1,nao recomendo,"o cartao do memoria nao funciona corretamente, perdi os arquivos que coloquei no mesmo... preciso fazer a devolucao",2018-05-23 00:00:00,2018-05-29 01:52:02,True,2018,5,15,computers_accessories,89b121bee266dcd25688a1ba72eefb61,2018-05-16 11:50:30,1,7990,1.0,有文字,False,T0145,不推荐,存储卡不能正常工作，我放进去的文件都丢了……我需要退货。,已翻译,
456be61f896c9bd3767bce76676ec74b,9353617a6ed6c70e06f34d0adfe8e4b2,1,Produto com defeito,"Produto da foto não era igual ao que recebi. Veio com defeito. Perdi dados ao transferir. Não consigo acessar micros. Solicito informações para devolução e crédito em vale-compra.
",2018-05-23 00:00:00,2018-05-24 13:45:51,True,2018,5,15,computers_accessories,89b121bee266dcd25688a1ba72eefb61,2018-05-17 14:20:39,1,7990,1.0,有文字,False,T0146,商品有缺陷,照片中的商品和我收到的不一样。它有缺陷。传输时我丢失了数据。我无法访问 microSD 卡。请告知退货并获得购物券的方式。,待复核,“micros”指代不清；根据上下文按 microSD 卡翻译。
556401262acd37c4449933a16d73498c,9f0d28d789448f7e4e59abe0af2b1eaf,5,,,2018-05-18 00:00:00,2018-05-27 20:32:49,False,2018,5,15,computers_accessories,89b121bee266dcd25688a1ba72eefb61,2018-05-14 17:45:28,2,15980,5.0,仅评分,False,,,,仅评分,
f6fcf804b4dd24c33afad1416788d757,a4b12a5480ac753d0a0c8e81341b92c1,5,,,2018-05-20 00:00:00,2018-05-21 13:15:55,False,2018,5,15,computers_accessories,89b121bee266dcd25688a1ba72eefb61,2018-05-15 19:04:46,1,7990,5.0,仅评分,False,,,,仅评分,
2824c3b7f495b9f9a461587148c94655,a5d7086b3574973a5df31d93bf524039,5,,,2018-06-07 00:00:00,2018-06-10 00:45:02,False,2018,5,15,computers_accessories,89b121bee266dcd25688a1ba72eefb61,2018-05-20 20:41:30,1,7990,5.0,仅评分,False,,,,仅评分,
67813af101b9a11041225098c3864529,a610609ae68611c8fdb97f1002636127,2,,"Infelizmente o produto veio com defeito, a mídia esta corrompida....Perdi a troca pois inutilizei a embalagem sem antes testar, o que me deixa incapacitado de trocar...",2018-06-07 00:00:00,2018-06-09 11:12:14,True,2018,5,15,computers_accessories,89b121bee266dcd25688a1ba72eefb61,2018-05-22 08:28:33,1,7990,2.0,有文字,False,T0147,,不幸的是，商品有缺陷，存储介质已损坏……我没有先测试就把包装弄坏了，因此失去了换货机会，这让我无法申请更换……,已翻译,
49aac2eafcd5705addc08e3d8842fde1,a640fed02512517d0d460c194a02f23c,1,Falsificado,"Cartao que veio não foi o da foto, não era classe 10, além disso é falso, no teste que fiz em um aplicativo, não aparece marca e a capacidade do cartão é diferente,não funcionou nem no cel nem no comp",2018-05-18 00:00:00,2018-05-20 22:25:19,True,2018,5,15,computers_accessories,89b121bee266dcd25688a1ba72eefb61,2018-05-15 20:29:37,1,7990,1.0,有文字,False,T0148,仿冒品,收到的卡不是照片里的那款，也不是 Class 10；此外它是假货。我用一个应用程序测试时，应用里没有显示品牌，而且卡的容量也不对；在手机和电脑上都无法使用。,待复核,正文末尾“comp”被截断，结合上下文按“电脑”翻译。
7e797e4f7c74efad5937ae3060e0100b,a6e6bba879d27420514b5a4d94627077,1,,Produto entregue errado,2018-06-05 00:00:00,2018-06-08 16:49:47,True,2018,5,15,computers_accessories,89b121bee266dcd25688a1ba72eefb61,2018-05-21 22:20:16,1,7990,1.0,有文字,False,T0149,,发错了商品。,已翻译,
a387a807ddd15462f0e2fd7d05ae8d55,af500adf58ab55b8bdd27be8cf81aeba,5,Top compro sempre,Muito bom SUPER INDICO!,2018-06-08 00:00:00,2018-06-08 23:37:25,True,2018,5,15,computers_accessories,89b121bee266dcd25688a1ba72eefb61,2018-05-21 12:21:48,1,7990,5.0,有文字,False,T0150,很棒，我会一直买,非常好，强烈推荐！,已翻译,
3eedb3f816f188fa1928d07b3efd9d82,b9ec9404685b3beb2a2eb3d2c57ce666,1,PRODUTO COM DEFEITO,"Cartão Micro SDClasse10Com Adap64GB Sandisk , rec. dif. do anunciado não funciona parece prod. paralelo reportei no site das lannister o ocorrido em 17/05/18 até o momento não tive nenhum retorno",2018-05-17 00:00:00,2018-05-20 17:25:07,True,2018,5,15,computers_accessories,89b121bee266dcd25688a1ba72eefb61,2018-05-14 14:38:14,1,7990,1.0,有文字,False,T0151,商品有缺陷,Sandisk 64GB Class 10 microSD 卡（带适配器）与广告描述不同，不能用，看起来像是仿制品。我于 2018 年 5 月 17 日在 Lannister 网站报告了此事，至今没有收到任何回复。,待复核,原文大量使用缩写（如“rec. dif.”、“prod.”），按上下文分别译作“与描述不同”和“商品”。
344bf12bc7bd7ea8f90c60f6a274e3d4,bcd3f65a42c31d80afe51626263a8644,3,Não funcionou,"O cartão sd apresentou problemas e não consigo contato, nem com o stark nem com o vendedor, tentei trocá-lo e nada! Recebi dia 08/06/2018 e no dia 11 tentei a troca e não consegui! ",2018-06-09 00:00:00,2018-06-12 12:32:16,True,2018,5,15,computers_accessories,89b121bee266dcd25688a1ba72eefb61,2018-05-22 23:23:23,1,7990,3.0,有文字,False,T0152,无法使用,SD 卡出了问题，我联系不上 Stark，也联系不上卖家；我尝试换货也没成功！我于 2018 年 6 月 8 日收到，11 日就尝试换货了，但办不成！,已翻译,
a85e07c6d948cbe72442e8b523a6b6a4,c11c997259391d3bd0a950a34e7e5222,1,Empresa lixo,Produto danificado e não aceita devolução ja estou abrindo reclamação no reclame aqui e se não obtiver resultado abrirei para lannister também .,2018-06-06 00:00:00,2018-06-06 22:17:10,True,2018,5,15,computers_accessories,89b121bee266dcd25688a1ba72eefb61,2018-05-21 18:48:45,1,7990,1.0,有文字,False,T0153,垃圾公司,商品损坏，而且不接受退货。我已经在 Reclame Aqui 上提出投诉，如果没有结果，也会向 Lannister 投诉。,待复核,原文未说明“不接受退货”的主体，按语境理解为商家。
521642439fbff3a61f2bb2a3437371b3,d127d99c100d3b63c29a600aab85fbd2,1,Vem com defeito,,2018-06-07 00:00:00,2018-06-10 02:58:19,True,2018,5,15,computers_accessories,89b121bee266dcd25688a1ba72eefb61,2018-05-17 19:22:11,1,7990,1.0,有文字,False,T0154,收到时有缺陷,,已翻译,
ea72e79c9eef5bdadbaeb63715391413,d64a14f0bda63154a36174c4870ee78c,1,Produto não funciona.,Produto não funciona aparentemente o produto não é original.,2018-06-06 00:00:00,2018-06-09 16:50:21,True,2018,5,15,computers_accessories,89b121bee266dcd25688a1ba72eefb61,2018-05-21 09:38:36,1,7990,1.0,有文字,False,T0155,商品不能用。,商品不能用，看来不是正品。,已翻译,
ac61ec548772f1d227d2fcd719c8ddea,dd1170f24eb54d1e79df08ccbb49a377,3,Produto Falso.,"targaryen, esse parece ser seu único problema pois para mim causou um enorme, nunca mais vou recuperar meus arquivos como dados importantes em um aplicativo que apagou , musicas e principalmente fotos.",2018-06-06 00:00:00,2018-06-07 16:12:09,True,2018,5,15,computers_accessories,89b121bee266dcd25688a1ba72eefb61,2018-05-18 12:11:33,1,7990,3.0,有文字,False,T0156,假货。,Targaryen，这似乎是你唯一的问题；但它给我造成了很大的问题。我再也无法找回我的文件，包括应用中被删除的重要数据、音乐，尤其是照片。,待复核,正文语法混乱，“这是你唯一的问题”及应用、文件之间的关系不清；仅按可辨认部分翻译。
211da9cb73a69449b8371f64b2e7eb77,dda00bd9d2607be3fdb9db2abe33b9b7,5,,,2018-05-23 00:00:00,2018-05-24 00:13:23,False,2018,5,15,computers_accessories,89b121bee266dcd25688a1ba72eefb61,2018-05-18 12:01:23,1,7990,5.0,仅评分,False,,,,仅评分,
80abd204ee5ef258963748f08fb0243a,dfda82f701815b8d9306b1343ca3e2bd,5,Entrega rápida,Recebi bem antes do prazo final. Recomendo a loja.,2018-05-19 00:00:00,2018-05-20 17:37:21,True,2018,5,15,computers_accessories,89b121bee266dcd25688a1ba72eefb61,2018-05-15 11:33:28,1,7990,5.0,有文字,False,T0157,送货很快,我提前很久就收到了。推荐这家店。,已翻译,
3097adac967cb729ad5dfdac4ac1374c,e3153a88be7511737359301517f63274,4,,,2018-06-08 00:00:00,2018-06-08 21:54:11,False,2018,5,15,computers_accessories,89b121bee266dcd25688a1ba72eefb61,2018-05-18 22:51:23,1,7990,4.0,仅评分,False,,,,仅评分,
d2666173a07103ca603da0f1aaf15955,ea9215d79709bb4917f0d0976eb91d17,1,Não recomendo!!! ,"Comprei um cartão Micro SD XC I Classe 10 e recebi um microSHC UHS-I Card, que é inferior. A imagem utilizada no anúncio ou é p/ enganar o cliente, ou o produto errado foi enviado de forma proposital",2018-06-07 00:00:00,2018-06-08 23:48:54,True,2018,5,15,computers_accessories,89b121bee266dcd25688a1ba72eefb61,2018-05-22 11:15:53,1,7990,1.0,有文字,False,T0158,不推荐！！！,我买的是一张 Micro SD XC I Class 10 卡，收到的却是 MicroSDHC UHS-I 卡，级别更低。广告使用的图片要么是为了欺骗顾客，要么就是故意寄错了商品。,已翻译,
a933dc74c6d0a9aa0f0f07919f328e80,eaab44d4e74c7fffbef5ea53e34068a1,5,,,2018-05-31 00:00:00,2018-06-02 18:38:30,False,2018,5,15,computers_accessories,89b121bee266dcd25688a1ba72eefb61,2018-05-16 23:35:50,1,7990,5.0,仅评分,False,,,,仅评分,
e83454982296c2e60c42c6acc4eee081,ef62be15e919755500885ea4b14c86c1,5,,,2018-06-06 00:00:00,2018-06-07 01:47:15,False,2018,5,15,computers_accessories,89b121bee266dcd25688a1ba72eefb61,2018-05-22 11:11:42,1,7990,5.0,仅评分,False,,,,仅评分,
fc86d57e2ab86efa9ed3f4a10b67bcf4,f154c7c62bc53e3c7ed82713abb2c96c,4,,,2018-05-18 00:00:00,2018-05-20 16:31:08,False,2018,5,15,computers_accessories,89b121bee266dcd25688a1ba72eefb61,2018-05-12 18:49:18,1,7990,4.0,仅评分,False,,,,仅评分,
803b03abd2372308b85988608e895d3d,f54625bd1c01cb2de21cb256de818cf2,1,,"O produto pode estar com mal funcionamento.
Ou o meu telefone não está conseguindo fazer a leitura.",2018-06-08 00:00:00,2018-06-09 01:03:23,True,2018,5,15,computers_accessories,89b121bee266dcd25688a1ba72eefb61,2018-05-22 19:53:19,1,7990,1.0,有文字,False,T0159,,商品可能存在故障，也可能是我的手机无法读取它。,已翻译,
038e065415fb159cc302f06417fbba8f,f7e0f7c5ef9b8b1ea79d697dd2259897,1,PESSIMA,Esta com defeito danificou todas as imagem salvas e eu perdi 182 fotos.,2018-06-03 00:00:00,2018-06-06 14:05:15,True,2018,5,15,computers_accessories,89b121bee266dcd25688a1ba72eefb61,2018-05-19 23:26:06,1,7990,1.0,有文字,False,T0160,极差,它有缺陷，损坏了保存的所有图片，我丢失了 182 张照片。,已翻译,
ed133608f89ee4c7756a441e3023ca24,fe19b9548cc24e156387100515c5534b,4,,,2018-06-08 00:00:00,2018-06-10 23:44:57,False,2018,5,15,computers_accessories,89b121bee266dcd25688a1ba72eefb61,2018-05-20 22:43:50,1,7990,4.0,仅评分,False,,,,仅评分,
d0f2985aa442230cb24eecd798bd7b9a,fe8557bac7755475950823aa9b15ebb3,1,Produto não funciona,Produto não funciona.,2018-05-17 00:00:00,2018-06-11 16:28:00,True,2018,5,15,computers_accessories,89b121bee266dcd25688a1ba72eefb61,2018-05-12 22:43:27,1,7990,1.0,有文字,False,T0161,商品无法使用,商品无法使用。,已翻译,
0cf39106cb4f4945e299e0df6f78e729,177a359958777d9b5cebb4257016c35c,5,,,2018-06-07 00:00:00,2018-06-08 00:17:39,False,2018,5,16,computers_accessories,3dd2a17168ec895c781a9191c1e95ad7,2018-05-30 23:33:44,1,14990,5.0,仅评分,False,,,,仅评分,
2965519faa89da4943301b38c4cdd483,20dfda225b7d53569028f68044478eb0,5,super recomendado,,2018-06-05 00:00:00,2018-06-07 00:23:16,True,2018,5,16,computers_accessories,3dd2a17168ec895c781a9191c1e95ad7,2018-05-15 20:24:25,1,14990,5.0,有文字,False,T0162,强烈推荐,,已翻译,
da2a41436f7bc3de3445f237673aff98,22186f12324a0f795921a6bbc8e7ad01,4,Muito bom ,"Bom atendimento, recebi antes do previsto , chegou em perfeitas condições ",2018-05-22 00:00:00,2018-05-25 01:01:28,True,2018,5,16,computers_accessories,3dd2a17168ec895c781a9191c1e95ad7,2018-05-10 22:42:34,1,14990,4.0,有文字,False,T0163,非常好,服务不错，我提前收到了，商品状况完好。,已翻译,
0b7812dc80047c11d6d4ca7310acf6c3,227f6b7df58413c52832b11ec24b30a1,5,,,2018-06-20 00:00:00,2018-06-20 20:03:54,False,2018,5,16,computers_accessories,3dd2a17168ec895c781a9191c1e95ad7,2018-05-30 22:27:55,1,14990,5.0,仅评分,False,,,,仅评分,
cffb509619e22e6e1aa048ef006cb3ec,294f94df7d2ec239123fdca1a458e0ff,5,,,2018-06-09 00:00:00,2018-06-11 15:33:56,False,2018,5,16,computers_accessories,3dd2a17168ec895c781a9191c1e95ad7,2018-05-23 13:31:25,1,14990,5.0,仅评分,False,,,,仅评分,
35496af66ae537e0e8efaa75f73d7b59,2eb826451c12016e8f5b7bb87060a39f,5,Tudo certo! ,Pedido chegou de acordo! ,2018-06-03 00:00:00,2018-06-04 13:53:15,True,2018,5,16,computers_accessories,3dd2a17168ec895c781a9191c1e95ad7,2018-05-15 19:09:04,1,14990,5.0,有文字,False,T0164,一切都没问题！,订单按预期送到了！,已翻译,
30bd04ee51f6d263dcb6e313162ed316,41490608ca43942cf4ac60d48275a230,5,,,2018-06-05 00:00:00,2018-06-05 20:30:43,False,2018,5,16,computers_accessories,3dd2a17168ec895c781a9191c1e95ad7,2018-05-17 17:55:54,1,14990,5.0,仅评分,False,,,,仅评分,
04155918d12175d572c8f4480e067da8,49bbb428c234dcf31c4d66d4e8e1c04c,5,,,2018-05-06 00:00:00,2018-05-10 15:46:21,False,2018,5,16,computers_accessories,3dd2a17168ec895c781a9191c1e95ad7,2018-05-01 13:31:21,1,14990,5.0,仅评分,False,,,,仅评分,
70d56c809784fbb82914e273fae2ba70,4b806b93edf76523f25669be3962bd2f,5,Tudo certinho.,,2018-06-14 00:00:00,2018-06-16 23:20:00,True,2018,5,16,computers_accessories,3dd2a17168ec895c781a9191c1e95ad7,2018-05-14 18:09:39,2,29980,5.0,有文字,False,T0165,一切都很妥当。,,已翻译,
10978a3ffb7b3d289ec10715f2b8f051,4bac61800c1e9be95b1fc49a6b859c64,5,,,2018-05-31 00:00:00,2018-05-31 19:01:22,False,2018,5,16,computers_accessories,3dd2a17168ec895c781a9191c1e95ad7,2018-05-11 13:50:38,2,29980,5.0,仅评分,False,,,,仅评分,
47fc22272aaddcc62f0373f45ac72e61,52d737a419e3d5424beb6b55abd83bcb,5,,,2018-06-07 00:00:00,2018-06-08 02:24:22,False,2018,5,16,computers_accessories,3dd2a17168ec895c781a9191c1e95ad7,2018-05-21 16:08:32,1,14990,5.0,仅评分,False,,,,仅评分,
1623821d572c0de4740be6b27aaf0396,56a5d2f61f9244d988bb47eddf41d2d2,5,,Satisfeita com o produto e com a entrega.,2018-05-23 00:00:00,2018-05-24 03:52:25,True,2018,5,16,computers_accessories,3dd2a17168ec895c781a9191c1e95ad7,2018-05-15 22:50:13,1,14990,5.0,有文字,False,T0166,,对商品和配送都满意。,已翻译,
c4817e93d554be391f68dbe47137d41d,574d6172ae1179b6855da44fa76d9741,5,Muito satisfeita,,2018-05-09 00:00:00,2018-05-12 01:24:18,True,2018,5,16,computers_accessories,3dd2a17168ec895c781a9191c1e95ad7,2018-05-02 00:07:40,1,14990,5.0,有文字,False,T0167,非常满意,,已翻译,
4d6a2891777a16a646eb94784f0c68d6,5a8860de5c94def4edfddc2f88880b2f,4,A tinta na cor azul veio ,"Apesar da tinta na cor azul ter vindo vazando, perdeu só um pouco de tinta, no geral gostei da compra, recomendo, mais toma mais cuidado no controle de qualidade dos produtos.
Obrigado.
",2018-06-07 00:00:00,2018-06-07 22:30:19,True,2018,5,16,computers_accessories,3dd2a17168ec895c781a9191c1e95ad7,2018-05-26 13:28:01,1,14990,4.0,有文字,False,T0168,蓝色墨水送到时……,尽管蓝色墨水送到时漏了，只损失了一点墨水，总体来说我喜欢这次购买，推荐。不过请在产品质量控制方面多加注意。谢谢。,待复核,标题“A tinta na cor azul veio”是未完成的句子，按片段翻译为“蓝色墨水送到时……”。
4a15e119cc33c889c8e0d71f9636c67a,5cc89a73dc3d040007a3d19cca344432,5,,,2018-05-18 00:00:00,2018-05-21 12:02:27,False,2018,5,16,computers_accessories,3dd2a17168ec895c781a9191c1e95ad7,2018-05-08 09:02:53,1,14990,5.0,仅评分,False,,,,仅评分,
9fd828decb46ab6b3fb0d3ac4e93e11a,660a6fbde01967fda369dc69c3d4b50a,5,,excelente,2018-06-09 00:00:00,2018-06-10 09:21:55,True,2018,5,16,computers_accessories,3dd2a17168ec895c781a9191c1e95ad7,2018-05-27 13:49:20,1,14990,5.0,有文字,False,T0169,,优秀,已翻译,
06aa2eb1b5a0617042c0bca50344b409,675dac8b73cb0d20fa633e864deb7e1e,1,,,2018-06-06 00:00:00,2018-06-08 19:34:44,False,2018,5,16,computers_accessories,3dd2a17168ec895c781a9191c1e95ad7,2018-05-18 11:00:26,2,29980,1.0,仅评分,False,,,,仅评分,
0fac2251a1167b31ab98ed1c1381cc29,6e496cc6275d951e01ba4a1e527d6d69,4,,,2018-05-30 00:00:00,2018-06-02 04:49:15,False,2018,5,16,computers_accessories,3dd2a17168ec895c781a9191c1e95ad7,2018-05-21 11:29:09,1,14990,4.0,仅评分,False,,,,仅评分,
56c5680816155a5290b0f68f5fd741a8,73840bb583b69b1d181d54f3f755a4e2,4,,,2018-06-19 00:00:00,2018-06-27 10:31:21,False,2018,5,16,computers_accessories,3dd2a17168ec895c781a9191c1e95ad7,2018-05-29 13:28:56,1,14990,4.0,仅评分,False,,,,仅评分,
320e4b1dfb00fcc176d25fb80dde24d6,89dfba99bc6a9836761392161809f4c7,2,,bom,2018-05-30 00:00:00,2018-05-30 10:45:16,True,2018,5,16,computers_accessories,3dd2a17168ec895c781a9191c1e95ad7,2018-05-15 12:44:31,1,14990,2.0,有文字,False,T0170,,好,已翻译,
3979d813e4a0ba4ba992128e23269a7c,89e4480fbd3d9e4798dc09b84ec53334,5,,,2018-05-24 00:00:00,2018-06-08 18:39:58,False,2018,5,16,computers_accessories,3dd2a17168ec895c781a9191c1e95ad7,2018-05-10 17:26:25,1,14990,5.0,仅评分,False,,,,仅评分,
8fef20ac844ac6683fbd3f2498b18ed5,8a1a4c9d81475d4f07d558d04598e00c,5,Recomendo!,"Tintas originais, bem embaladas e entregue bem antes do prazo. Indico a loja, principalmente pelo preço do kit das 4 tintas ecotank T664.",2018-05-15 00:00:00,2018-05-16 16:29:33,True,2018,5,16,computers_accessories,3dd2a17168ec895c781a9191c1e95ad7,2018-05-09 03:57:23,1,14990,5.0,有文字,False,T0171,推荐！,墨水是正品，包装良好，且远早于预计时间送达。我推荐这家店，尤其是因为这套 4 瓶 EcoTank T664 墨水的价格。,已翻译,
50337520aa64bfab3140bf47f88d4676,918e041f64288443edad8152f66ea031,5,Recomendo,Tudo transcorrido dentro das normalidades,2018-05-30 00:00:00,2018-05-30 20:14:10,True,2018,5,16,computers_accessories,3dd2a17168ec895c781a9191c1e95ad7,2018-05-17 18:58:14,1,14990,5.0,有文字,False,T0172,推荐,一切都正常进行。,已翻译,
a3fa6097a3695243064bb54d58e8fcc5,9212fb06fa8197c71c382ce06e5889ae,5,,,2018-05-30 00:00:00,2018-06-01 17:47:51,False,2018,5,16,computers_accessories,3dd2a17168ec895c781a9191c1e95ad7,2018-05-23 12:00:57,1,14990,5.0,仅评分,False,,,,仅评分,
56b9c93b2ca47b8aee858a26da064b32,93964a297e76080736d065295fd5b437,2,"BOA, PODE MELHORAR","SÓ HOUVE UM PROBLEMA A TINTA PRETA VAZOU, MELHORAR A EMBALAGEM, COLOCAR ALGUMA COISA PARA NÃO FICAR BALANÇANDO, PERDI BASTANTE A TINTA PRETA. ",2018-05-23 00:00:00,2018-05-23 11:58:29,True,2018,5,16,computers_accessories,3dd2a17168ec895c781a9191c1e95ad7,2018-05-11 09:28:58,1,14990,2.0,有文字,False,T0173,不错，还可以改进,唯一的问题是黑色墨水漏了。应该改进包装，放些东西固定住，避免晃动；我损失了很多黑墨水。,已翻译,
cea42e38ad1d6da7820f547b6f75bf78,a48d1847b9de39cb523844ada267fc24,5,CINCO ESTRELAS,excelente como sempre,2018-05-22 00:00:00,2018-05-31 02:00:21,True,2018,5,16,computers_accessories,3dd2a17168ec895c781a9191c1e95ad7,2018-05-15 12:35:30,1,14990,5.0,有文字,False,T0174,五星好评,一如既往地出色。,已翻译,
ea186f52a04ff153b4aa9746b7b4b211,aa77e41fccfdbf35ae4acad0909a9618,5,,,2018-05-25 00:00:00,2018-05-26 11:26:48,False,2018,5,16,computers_accessories,3dd2a17168ec895c781a9191c1e95ad7,2018-05-03 17:28:48,1,14990,5.0,仅评分,False,,,,仅评分,
fe73941120021e8bbadf2652abebfb7d,afe00f151e2a9c5924b2edb95736c11c,1,Produto incompleto,"Eu comprei 6 Kits e os correios por enquanto entregou apenas 2 deles, preciso muito que os outros 4 sejam entregue, afinal de contas eu comprei para minha empresa e o produto foi muito caro.",2018-05-19 00:00:00,2018-05-21 11:12:54,True,2018,5,16,computers_accessories,3dd2a17168ec895c781a9191c1e95ad7,2018-05-09 20:49:26,6,89940,1.0,有文字,False,T0175,商品不完整,我买了 6 套，目前邮局只送到了其中 2 套。我非常需要另外 4 套送到，毕竟我是买来给公司用的，而且这批商品很贵。,已翻译,
1fc8b1ee3d62a649be36a62e052e3e98,b11be1ce9a1f9812763eba8c91fc84bd,5,,,2018-05-31 00:00:00,2018-05-31 18:17:05,False,2018,5,16,computers_accessories,3dd2a17168ec895c781a9191c1e95ad7,2018-05-22 14:39:13,1,14990,5.0,仅评分,False,,,,仅评分,
53008ae325b9c3cf7317bd30f3162cfc,b2e25deb1b41319f3f4fbb2d32926a03,5,Muito bom,,2018-05-08 00:00:00,2018-05-10 14:12:48,True,2018,5,16,computers_accessories,3dd2a17168ec895c781a9191c1e95ad7,2018-05-01 22:22:30,1,14990,5.0,有文字,False,T0176,非常好,,已翻译,
dc1378eafc9db3c71939dc793855d8e6,b6230773d920876bc61d03d8b93263a9,5,,Muito bom! Recebi bem antes do prazo. ,2018-06-06 00:00:00,2018-06-08 21:36:16,True,2018,5,16,computers_accessories,3dd2a17168ec895c781a9191c1e95ad7,2018-05-16 11:07:08,1,14990,5.0,有文字,False,T0177,,非常好！我提前很久就收到了。,已翻译,
6da6551d3fedd3c4c7672089923b656b,b980d737d846b36f807b28e40796003a,5,,,2018-05-15 00:00:00,2018-05-15 18:14:48,False,2018,5,16,computers_accessories,3dd2a17168ec895c781a9191c1e95ad7,2018-05-04 16:05:51,1,14990,5.0,仅评分,False,,,,仅评分,
67691a738bbc723c743b4b9e3d7e6635,bb98c9fdb30b2e14fede53a445d2b5aa,5,,,2018-05-11 00:00:00,2018-05-15 23:15:14,False,2018,5,16,computers_accessories,3dd2a17168ec895c781a9191c1e95ad7,2018-05-05 12:26:11,1,14990,5.0,仅评分,False,,,,仅评分,
1af533461c33a61a124a95b0b2196a5d,c01f191e1c46c4246cac196674e22bdc,5,otimo,"Serviço muito bom. eu recomendo.
",2018-05-19 00:00:00,2018-05-29 21:08:02,True,2018,5,16,computers_accessories,3dd2a17168ec895c781a9191c1e95ad7,2018-05-14 09:15:50,1,14990,5.0,有文字,False,T0178,很好,服务非常好。我推荐。,已翻译,
2987a2dcd950d0a74f3db048033291b7,c412ea96a1bc4eb7f1a96cd61bbdc6b0,4,Excelente ,Ótimo atendimento ,2018-05-22 00:00:00,2018-05-24 22:58:17,True,2018,5,16,computers_accessories,3dd2a17168ec895c781a9191c1e95ad7,2018-05-14 10:26:58,1,14990,4.0,有文字,False,T0179,优秀,服务很好。,已翻译,
95c99bda06406ad5b6444a4fe4457d32,c8023e0c57ff641ff4ddedebd343128b,1,Falta de responsabilidade,Não esperava que as lannister se associasse com empresas que não cumprem com a pontualidade e o compromisso feito. Estou profundamente desapontada.,2018-06-09 00:00:00,2018-06-09 14:11:23,True,2018,5,16,computers_accessories,3dd2a17168ec895c781a9191c1e95ad7,2018-05-16 18:36:36,1,14990,1.0,有文字,False,T0180,不负责任,我没想到 Lannister 会和不守时、不履行承诺的公司合作。我非常失望。,已翻译,
e28899ec3ac1f433eea8d31d2d43499b,cf848a1927357659bfc5aec6664e9254,5,super recomendo,,2018-05-25 00:00:00,2018-06-07 22:58:13,True,2018,5,16,computers_accessories,3dd2a17168ec895c781a9191c1e95ad7,2018-05-10 20:12:10,1,14990,5.0,有文字,False,T0181,强烈推荐,,已翻译,
03f5e62d2c57867d8abc2c2d5c449175,e80c013ed85f10721afbdeb2808bf4b7,5,satisfeito,tudo de acordo,2018-05-19 00:00:00,2018-05-21 18:56:30,True,2018,5,16,computers_accessories,3dd2a17168ec895c781a9191c1e95ad7,2018-05-10 16:06:17,1,14990,5.0,有文字,False,T0182,满意,一切都符合预期。,已翻译,
866e209369309ffb71be1490ba0f25aa,ebf908ba5d7c097d2839701fb3366412,4,,,2018-05-26 00:00:00,2018-05-26 12:45:21,False,2018,5,16,computers_accessories,3dd2a17168ec895c781a9191c1e95ad7,2018-05-01 09:14:13,1,14990,4.0,仅评分,False,,,,仅评分,
2adb66e35cfcb1a2045e25b419cd4c02,eeb88a7ba20489b8f9ccb934f50d13d2,5,Eficiencia,O material é de qualidade.,2018-05-17 00:00:00,2018-05-20 19:02:55,True,2018,5,16,computers_accessories,3dd2a17168ec895c781a9191c1e95ad7,2018-05-06 18:21:45,1,14990,5.0,有文字,False,T0183,效率,材料质量不错。,已翻译,
fb2a6a0432e7f8925b53972c623f2834,ef53b712516162ba8b15881e62f9b67e,5,,,2018-05-10 00:00:00,2018-05-11 01:14:18,False,2018,5,16,computers_accessories,3dd2a17168ec895c781a9191c1e95ad7,2018-05-02 04:15:27,1,14990,5.0,仅评分,False,,,,仅评分,
d29bf679f80d425cb577005347fa560d,fd4dc70383929cea6b167f3fb617542b,4,,,2018-06-07 00:00:00,2018-06-11 20:23:34,False,2018,5,16,computers_accessories,3dd2a17168ec895c781a9191c1e95ad7,2018-05-18 17:18:39,1,14990,4.0,仅评分,False,,,,仅评分,
df4fd9c21862ce248509293f20a4d5bd,ffea20c7630343a6cd9e09858c1295cd,5,plenamente satisfeita ,recomendo a loja...meu produto chegou antes do prazo é em perfeitas condições .,2018-06-05 00:00:00,2018-06-06 02:07:24,True,2018,5,16,computers_accessories,3dd2a17168ec895c781a9191c1e95ad7,2018-05-23 23:33:30,1,14990,5.0,有文字,False,T0184,非常满意,我推荐这家店……我的商品提前送达，且状况完好。,已翻译,
6943b547823c4f9cc7eb7ffc9c41fb35,076f1fe978468db6b826f40f714da65f,4,,,2018-06-12 00:00:00,2018-07-01 01:23:38,False,2018,6,16,computers_accessories,3dd2a17168ec895c781a9191c1e95ad7,2018-06-05 11:41:02,1,14990,4.0,仅评分,False,,,,仅评分,
b1314cdfc4283bed5b3d9f504df80ed9,08e678b21510aad65dccc928f6599921,5,Perfeito,A entrega antes do prazo e o produto original. Excelente compra.,2018-07-04 00:00:00,2018-07-04 22:56:31,True,2018,6,16,computers_accessories,3dd2a17168ec895c781a9191c1e95ad7,2018-06-26 09:25:30,1,14990,5.0,有文字,False,T0185,完美,提前送达，商品是正品。买得很满意。,已翻译,
1d1e963265057798cc8d980a4371142f,1fd20dcd28f95b7f60b8b09212db9f30,5,Otima,Parabéns pra vc por cumprir tudo no praso certo ,2018-06-16 00:00:00,2018-06-16 18:43:30,True,2018,6,16,computers_accessories,3dd2a17168ec895c781a9191c1e95ad7,2018-06-05 13:12:33,1,14990,5.0,有文字,False,T0186,很好,恭喜你们所有事项都按时办妥。,已翻译,
c3889ae18c85ec23ee92f37e5f46897b,21bf30b67562ae46581be368cdd971a6,5,,,2018-07-03 00:00:00,2018-07-03 23:15:14,False,2018,6,16,computers_accessories,3dd2a17168ec895c781a9191c1e95ad7,2018-06-21 18:22:26,1,14990,5.0,仅评分,False,,,,仅评分,
b4278cabbbb4b6d6663a74b97ec04730,38f0291ed11ee2f2f0cf35ef8931e374,4,,,2018-06-13 00:00:00,2018-06-14 09:06:27,False,2018,6,16,computers_accessories,3dd2a17168ec895c781a9191c1e95ad7,2018-06-04 18:59:33,1,14990,4.0,仅评分,False,,,,仅评分,
5dd38711f3dad494b927add5bf5b98f1,40c5777021bd392cddf6bf40a341651b,3,,,2018-06-26 00:00:00,2018-06-26 22:35:17,False,2018,6,16,computers_accessories,3dd2a17168ec895c781a9191c1e95ad7,2018-06-16 22:50:10,1,14990,3.0,仅评分,False,,,,仅评分,
7a6ad38d030f6780933fc91757752e2f,4fc3e7aadb8db1172a7c3bbb29d6295d,4,,,2018-06-14 00:00:00,2018-06-17 13:42:42,False,2018,6,16,computers_accessories,3dd2a17168ec895c781a9191c1e95ad7,2018-06-03 10:41:29,1,14990,4.0,仅评分,False,,,,仅评分,
03d3ae62cbb656b7e3c2286866217647,60aed0a4eba0e424eb3cac85017fd752,5,5,"super indico , pois o produto chegou em perfeito estado,e dentro do prazo de entrega. Parabéns pela eficiência!!",2018-06-23 00:00:00,2018-07-05 16:34:05,True,2018,6,16,computers_accessories,3dd2a17168ec895c781a9191c1e95ad7,2018-06-18 13:07:05,1,14990,5.0,有文字,False,T0187,5,我强烈推荐，因为商品送达时状态完好，而且在配送期限内。效率真高，恭喜！！,已翻译,
8533924599a825db6ea3f1e980671150,64a0f964b7b91b348c6cf4d3e2deb256,5,,,2018-06-30 00:00:00,2018-07-01 10:52:09,False,2018,6,16,computers_accessories,3dd2a17168ec895c781a9191c1e95ad7,2018-06-20 15:33:57,1,14990,5.0,仅评分,False,,,,仅评分,
3ff139f4da87ba9b3ccc354b0cea150d,688777dd259c99e7554f3901ff653a54,1,Produto Falso,"Tintas falsas, embalagens deslavadas... estou correndo atras do prejuízo!!",2018-07-11 00:00:00,2018-07-11 20:47:47,True,2018,6,16,computers_accessories,3dd2a17168ec895c781a9191c1e95ad7,2018-06-28 21:55:37,1,14990,1.0,有文字,False,T0188,假货,墨水是假货，包装褪色了……我正在想办法追回损失！！,已翻译,
ffd1dae5ff6fc7d3e77dce7837063091,7267a487cb9868419cf7109852e4ec34,5,RECOMENDO A TODOS!,"EXCELENTE PRODUTO... ENTREGUE ANTES DO PRAZO, ESTOU MUITO SATISFEITO!",2018-06-19 00:00:00,2018-06-21 21:04:41,True,2018,6,16,computers_accessories,3dd2a17168ec895c781a9191c1e95ad7,2018-06-10 15:17:40,1,14990,5.0,有文字,False,T0189,我推荐给所有人！,商品极好……提前送达，我非常满意！,已翻译,
1eb0c354f00317173eb61b8d2070e292,788fd52fc975c7697d2de726a27d4146,4, recomendo,,2018-07-05 00:00:00,2018-07-10 10:16:03,True,2018,6,16,computers_accessories,3dd2a17168ec895c781a9191c1e95ad7,2018-06-25 11:17:52,1,14990,4.0,有文字,False,T0190,推荐,,已翻译,
8428cbf24a09287afde7a84fe328b970,789f93d4c1a2b2a5b2341d5609532a6d,4,Otimo atendimento ,Produto entregue em perfeito estado e antes do prazo.,2018-06-22 00:00:00,2018-06-23 02:04:24,True,2018,6,16,computers_accessories,3dd2a17168ec895c781a9191c1e95ad7,2018-06-07 15:30:41,1,14990,4.0,有文字,False,T0191,服务很好,商品送达时状态完好，而且提前送到。,已翻译,
40a3bebbaa8891dd1e913a6a98ed532b,87ccc531f16677e594f700b09caddc61,5,,,2018-06-19 00:00:00,2018-06-19 22:03:25,False,2018,6,16,computers_accessories,3dd2a17168ec895c781a9191c1e95ad7,2018-06-11 09:47:16,1,14990,5.0,仅评分,False,,,,仅评分,
0d75e1c11eab7db1f418e5aea9057cfd,8841394958f24da011b72bf4739047f9,1,,,2018-06-28 00:00:00,2018-06-30 20:04:06,False,2018,6,16,computers_accessories,3dd2a17168ec895c781a9191c1e95ad7,2018-06-12 16:22:59,1,14990,1.0,仅评分,False,,,,仅评分,
04f22dd67b925de9b6b46d4691a60511,8e3e95c75ca8b9168011d70008721a8e,5,,,2018-06-19 00:00:00,2018-06-20 02:20:21,False,2018,6,16,computers_accessories,3dd2a17168ec895c781a9191c1e95ad7,2018-06-09 10:09:59,1,14990,5.0,仅评分,False,,,,仅评分,
02c3907592dd7e5a19e0a5bdf451aa09,a14d7576c8e4ff4378798287af2faffb,4,,,2018-06-19 00:00:00,2018-06-25 00:35:07,False,2018,6,16,computers_accessories,3dd2a17168ec895c781a9191c1e95ad7,2018-06-10 13:34:49,1,14990,4.0,仅评分,False,,,,仅评分,
8eed070629bc34f5db733d962ec08bcf,a9b84349900ef15cb616e1b75b4c4dcf,5,otimo,excelente,2018-06-22 00:00:00,2018-08-22 12:16:05,True,2018,6,16,computers_accessories,3dd2a17168ec895c781a9191c1e95ad7,2018-06-12 13:28:27,1,14990,5.0,有文字,False,T0192,很好,优秀,已翻译,
84a79d5d2632f00a4b11591ea5f3ca40,aa60d116f345c481d434f63ffe565710,5,Muitoooo boaaaaaaa!,"Entrega perfeita, os itens entregues corretamente. produto muito bom. Parabéns!",2018-06-14 00:00:00,2018-06-14 19:02:25,True,2018,6,16,computers_accessories,3dd2a17168ec895c781a9191c1e95ad7,2018-06-04 14:11:16,1,14990,5.0,有文字,False,T0193,非常非常好！,配送很顺利，送来的物品也都正确。商品非常好。恭喜！,已翻译,
aa59b5033ced6929462d0c586e57dd8f,b2377b1954ac905f64a3797f58fc36d9,5,Super recomendo,Produto original,2018-06-13 00:00:00,2018-06-14 12:12:09,True,2018,6,16,computers_accessories,3dd2a17168ec895c781a9191c1e95ad7,2018-06-05 13:29:55,1,14990,5.0,有文字,False,T0194,强烈推荐,商品是正品。,已翻译,
1c292da369c7e335c2ff410187ce262e,c2339bbec3aaccee5dfb887e03903617,5,ótima,Entregou antes do prazo ,2018-06-13 00:00:00,2018-06-18 11:10:25,True,2018,6,16,computers_accessories,3dd2a17168ec895c781a9191c1e95ad7,2018-06-01 13:49:15,1,14990,5.0,有文字,False,T0195,很好,提前送达。,已翻译,
4062bf62063232a0aca05f5b3ce59146,ea0ea2ab3f42182e8f428012daf9834b,5,,,2018-06-20 00:00:00,2018-06-22 11:50:32,False,2018,6,16,computers_accessories,3dd2a17168ec895c781a9191c1e95ad7,2018-06-08 20:05:15,1,14990,5.0,仅评分,False,,,,仅评分,
ba3e82857e13ba647e843f5a4ade76c1,ebcb12dc163784a4dad2cddb8feb64aa,4,,,2018-06-26 00:00:00,2018-06-26 19:47:07,False,2018,6,16,computers_accessories,3dd2a17168ec895c781a9191c1e95ad7,2018-06-15 10:56:04,1,14990,4.0,仅评分,False,,,,仅评分,
2ab37184b88e36985d2a64a529ff518f,eee39147362c420a076b96cfe10c8154,5,,,2018-06-12 00:00:00,2018-06-15 01:03:37,False,2018,6,16,computers_accessories,3dd2a17168ec895c781a9191c1e95ad7,2018-06-02 19:19:00,1,14990,5.0,仅评分,False,,,,仅评分,
8341b3ce03eaec4262e193eeb32808f0,f12e512d4a25a3aef0acba13d8860fd1,5,,,2018-06-16 00:00:00,2018-06-25 20:24:30,False,2018,6,16,computers_accessories,3dd2a17168ec895c781a9191c1e95ad7,2018-06-06 14:45:21,1,14990,5.0,仅评分,False,,,,仅评分,
e17cb4a41f0867f63d5162babeacad13,f62d0c0343ded060890ac3b257706521,3,,,2018-07-26 00:00:00,2018-07-27 11:27:46,False,2018,6,16,computers_accessories,3dd2a17168ec895c781a9191c1e95ad7,2018-06-28 11:19:31,1,14990,3.0,仅评分,False,,,,仅评分,
9c8b1be3f3130403e81086f303b57d6c,f655ae6fff7b523b34ac845cd918b87f,5,,,2018-07-03 00:00:00,2018-07-04 14:55:58,False,2018,6,16,computers_accessories,3dd2a17168ec895c781a9191c1e95ad7,2018-06-27 11:54:37,1,14990,5.0,仅评分,False,,,,仅评分,
560f820237075d9cb450598331ecfefb,34c378834dba3fa2b4e91a9aea8d1d70,5,super recomendo-10,"Sei, que não foi entregue no prazo por causa da greve dos caminhoneiros.Obrigada.",2018-06-05 00:00:00,2018-06-08 00:24:26,True,2018,5,17,bed_bath_table,fbce4c4cb307679d89a3bf3d3bb353b9,2018-05-12 22:17:59,1,12900,5.0,有文字,False,T0196,强烈推荐-10,我知道，商品没有按时送达是因为卡车司机罢工。谢谢。,待复核,标题中的“-10”含义不明，暂按原有数字保留。
25cac81072dcb50ac7af0084057be701,785ceb77eb42e247a85b8e65c7724ac8,5,SUPER RECOMENDO,EMPRESA SERIA ENTREGOU ANTES DO PRAZO ;RECOMENDO A TODOS,2018-06-19 00:00:00,2018-06-20 13:39:53,True,2018,5,17,bed_bath_table,fbce4c4cb307679d89a3bf3d3bb353b9,2018-05-30 22:30:34,1,12900,5.0,有文字,False,T0197,强烈推荐,这是一家正经的公司，提前送达；我推荐给所有人。,已翻译,
bab919772a70c09a968e86ead418cc5e,d41b4a82416b8d3138e5b941cb3fa1bc,5,Excelente!!!,Seriedade e eficiência!!,2018-05-16 00:00:00,2018-05-20 14:08:12,True,2018,5,17,bed_bath_table,fbce4c4cb307679d89a3bf3d3bb353b9,2018-05-09 20:36:26,1,12900,5.0,有文字,False,T0198,优秀！！！,认真可靠且高效！！,已翻译,
bca66479aff87a7b06716101f32e1f44,086700af881b71e5ef67cfc7ecf4a7a9,5,,,2018-06-16 00:00:00,2018-06-19 13:15:50,False,2018,6,17,bed_bath_table,fbce4c4cb307679d89a3bf3d3bb353b9,2018-06-05 15:09:58,1,12900,5.0,仅评分,False,,,,仅评分,
5cd5891cb99db28537507ab1d3b29117,0eeaf3619d35e90b2430da57d351dd01,4,Bom,Sempre compre nunca tive problema vou comprar sempre que tiver algo que eu goste,2018-06-16 00:00:00,2018-06-17 20:36:33,True,2018,6,17,bed_bath_table,fbce4c4cb307679d89a3bf3d3bb353b9,2018-06-07 20:40:40,1,12900,4.0,有文字,False,T0199,好,我一直在买，从没遇到过问题；只要有我喜欢的东西，我就会继续买。,已翻译,
8040bf6cedea3f99ffe569bc9fcb15b5,167f04d11667c6073896de381fe051f5,2,,,2018-06-19 00:00:00,2018-06-20 19:32:15,False,2018,6,17,bed_bath_table,fbce4c4cb307679d89a3bf3d3bb353b9,2018-06-06 23:49:36,1,12900,2.0,仅评分,False,,,,仅评分,
733608b355581c3668cefd6d283180cb,237ad2054a0b3375cc64b6a7e6e08683,2,obrigado produto bom,"bom produto , vou ainda fazer o teste da lavagem ainda ",2018-06-12 00:00:00,2018-06-13 16:45:02,True,2018,6,17,bed_bath_table,fbce4c4cb307679d89a3bf3d3bb353b9,2018-06-02 19:43:08,1,12900,2.0,有文字,False,T0200,谢谢，商品不错,商品不错，我还要测试一下洗涤效果。,待复核,“teste da lavagem”是洗涤测试，但原文未说明具体测试场景。
6164683c7121ec0e2e63bbfc6db5f15d,239f380355f65dcb68551f07d16fc4a8,5,Toalha ,"Recebi o produto antes do prazo, recomendo o baratheon.",2018-07-14 00:00:00,2018-07-15 18:37:52,True,2018,6,17,bed_bath_table,fbce4c4cb307679d89a3bf3d3bb353b9,2018-06-26 15:00:56,1,14900,5.0,有文字,False,T0201,毛巾,我在期限前收到了商品，推荐 Baratheon。,已翻译,
5d20d3758d80ca552c7f7065398cb1f1,23f563c1e12c5d6d279ecc446b5f933b,5,,Já recebi gostei muito bom ,2018-07-03 00:00:00,2018-07-03 20:37:09,True,2018,6,17,bed_bath_table,fbce4c4cb307679d89a3bf3d3bb353b9,2018-06-24 10:43:09,1,14900,5.0,有文字,False,T0202,,已经收到了，非常喜欢，很好。,已翻译,
8402f720969123b5c03bf6a0fc7a4981,2c440021d0192a2432f4662fc27225d4,4,40 ,"Muito bom produto, mas tecido inferior ao que eu imaginava. Ótimo tamanho e chegou muito antes do prazo estipulado. Só ficou um pouco abaixo na qualidade do tecido. Recomendo e farei novas compras.",2018-06-20 00:00:00,2018-06-24 19:38:19,True,2018,6,17,bed_bath_table,fbce4c4cb307679d89a3bf3d3bb353b9,2018-06-13 14:20:45,1,12900,4.0,有文字,False,T0203,40,商品很好，不过面料比我想象的差一些。尺寸很好，而且比规定期限早很多送到。只是面料质量稍差一些。我推荐，也会再次购买。,待复核,标题只有数字40，具体含义不明。
9deb048567f5a8ce35a4bb070ce8d442,380200769633ed3a7d3e25141cb84fb3,4,,Achei que a largura e a qualidade fosse superior,2018-06-19 00:00:00,2018-06-20 14:06:50,True,2018,6,17,bed_bath_table,fbce4c4cb307679d89a3bf3d3bb353b9,2018-06-09 12:27:08,1,12900,4.0,有文字,False,T0204,,我原以为宽度和质量会更好。,已翻译,
1128b79ac2dd1fd1571b7fdca5d9bc48,3b45c3fa7862deec90565c3dbf6e9e8c,4,Bom,"Produto bom, pelo preço.",2018-06-19 00:00:00,2018-06-20 10:43:34,True,2018,6,17,bed_bath_table,fbce4c4cb307679d89a3bf3d3bb353b9,2018-06-10 19:36:22,1,12900,4.0,有文字,False,T0205,不错,商品不错，符合这个价格。,已翻译,
41b80ae9d42a291d78de4a0ce8403f5a,51122623ee1ccdaadbb6fcd95f077d8a,5,,Serviço rápido e eficiente.,2018-06-26 00:00:00,2018-06-26 22:01:20,True,2018,6,17,bed_bath_table,fbce4c4cb307679d89a3bf3d3bb353b9,2018-06-20 10:08:53,1,14900,5.0,有文字,False,T0206,,服务快速高效。,已翻译,
ac0a518d687f29329500e620354e5b4d,5414b0e876b7427a7ba97bfe78473b45,4,Recomendo,"Adorei as minhas toalhas e chegaram antes da data prevista.
",2018-06-21 00:00:00,2018-06-21 16:17:42,True,2018,6,17,bed_bath_table,fbce4c4cb307679d89a3bf3d3bb353b9,2018-06-12 13:28:00,1,12900,4.0,有文字,False,T0207,推荐,我很喜欢这些毛巾，而且它们在预定日期之前就到了。,已翻译,
a3a4a6c796ed747d0d6645e741de97b3,565a27fae0aca550060e0f90a54495ef,5,Otima,Tudo perfeito,2018-06-29 00:00:00,2018-06-29 22:36:33,True,2018,6,17,bed_bath_table,fbce4c4cb307679d89a3bf3d3bb353b9,2018-06-20 18:58:05,1,14900,5.0,有文字,False,T0208,很好,一切都很完美。,已翻译,
34850ba27dacec35154b0fcc9776d702,5ddb18c0837af203e55bb5273ad3fa60,4,otima,"gostei da compra, uniu a mercadoria com o valor
",2018-07-13 00:00:00,2018-07-15 09:51:36,True,2018,6,17,bed_bath_table,fbce4c4cb307679d89a3bf3d3bb353b9,2018-06-26 18:24:45,1,14900,4.0,有文字,False,T0209,很好,我喜欢这次购物，商品与价格相称。,待复核,原文说商品与价格相连或相称，具体关系表达不清；此处按商品与价格相称翻译。
e7a947221b127f14c9cd4ce55d6cac89,6b790716c732ae58171749841011d3bf,5,Recomendo,"Tudo certo, recomendo sim, valeu.",2018-07-06 00:00:00,2018-07-09 09:38:06,True,2018,6,17,bed_bath_table,fbce4c4cb307679d89a3bf3d3bb353b9,2018-06-27 09:48:32,1,14900,5.0,有文字,False,T0210,推荐,一切顺利，我确实推荐，谢了。,已翻译,
564f9b3310ae80e03f28084a498590a0,6c066ac65ae3a217178d6e90f682be03,4,,bom,2018-06-14 00:00:00,2018-06-15 17:39:01,True,2018,6,17,bed_bath_table,fbce4c4cb307679d89a3bf3d3bb353b9,2018-06-05 22:44:05,1,12900,4.0,有文字,False,T0211,,不错。,已翻译,
75f04bff497e1d9a965d1270da44834d,8f702483ec7aee668f059ef71fc07a5c,5,*****,,2018-06-19 00:00:00,2018-06-20 13:51:00,True,2018,6,17,bed_bath_table,fbce4c4cb307679d89a3bf3d3bb353b9,2018-06-12 17:39:07,1,12900,5.0,有文字,False,T0212,五星,,已翻译,
2a2a5a74f39de660334b64b4bcfb858c,b33710c706a29d2ee76bc234d77edd84,5,,Gostei bastante das minhas toalhas são boas ,2018-06-26 00:00:00,2018-06-29 01:03:57,True,2018,6,17,bed_bath_table,fbce4c4cb307679d89a3bf3d3bb353b9,2018-06-16 19:31:46,1,12900,5.0,有文字,False,T0213,,我很喜欢这些毛巾，它们不错。,已翻译,
5e255ba3be092d60c525d93b898a60cb,bbbc78f0d6afd4eb216b5760d0502070,5,,,2018-07-12 00:00:00,2018-07-13 23:21:52,False,2018,6,17,bed_bath_table,fbce4c4cb307679d89a3bf3d3bb353b9,2018-06-28 22:30:08,1,14900,5.0,仅评分,False,,,,仅评分,
fa4a38f0618fda731bb0c50598c354eb,bce6cf2e08df303c7ad2f89e5a62083e,5,,,2018-06-24 00:00:00,2018-06-24 19:11:03,False,2018,6,17,bed_bath_table,fbce4c4cb307679d89a3bf3d3bb353b9,2018-06-20 22:11:30,1,14900,5.0,仅评分,False,,,,仅评分,
bc9e1335d01103db44f46376ee684b86,c7c8b7eca811b5f2d08999ad1c3e4f9d,5,,,2018-06-26 00:00:00,2018-06-27 00:09:01,False,2018,6,17,bed_bath_table,fbce4c4cb307679d89a3bf3d3bb353b9,2018-06-09 20:36:52,1,12900,5.0,仅评分,False,,,,仅评分,
10809e7c1982bb193a7cb6d2eea35b32,dc1bfd548330a38be6064d8857ab359a,3,,,2018-07-03 00:00:00,2018-07-05 15:01:21,False,2018,6,17,bed_bath_table,fbce4c4cb307679d89a3bf3d3bb353b9,2018-06-24 20:35:29,1,14900,3.0,仅评分,False,,,,仅评分,
8cd56d14d5d5e547b3d32a7fe233a688,e0820022dc8f9840abec5c1057054ba9,1,ENTREGA EM DESACORDO ,,2018-06-19 00:00:00,2018-06-24 22:54:20,True,2018,6,17,bed_bath_table,fbce4c4cb307679d89a3bf3d3bb353b9,2018-06-07 13:21:36,2,25800,1.0,有文字,False,T0214,配送与约定不符,,已翻译,
6e1e2b474e0cd5e3c74793e8643d3a3c,e79df67f75682fe73238128b710c4328,1,,,2018-06-19 00:00:00,2018-06-19 22:46:48,False,2018,6,17,bed_bath_table,fbce4c4cb307679d89a3bf3d3bb353b9,2018-06-01 08:45:23,2,25800,1.0,仅评分,False,,,,仅评分,
3310345582c65826f31d3c331aab7a11,f3a9533be7d4d89807905327d3d9a90f,1,crítica,as toalhas são ásperas e fininhas. Bela propaganda enganosa,2018-07-04 00:00:00,2018-07-04 20:49:23,True,2018,6,17,bed_bath_table,fbce4c4cb307679d89a3bf3d3bb353b9,2018-06-25 19:58:34,1,14900,1.0,有文字,False,T0215,批评,毛巾很粗糙而且很薄。真是漂亮的虚假宣传。,已翻译,
344415a08c4f61d542442e465880a5fd,f802bb2c1b7a364738b3f86a30148853,4,,,2018-06-21 00:00:00,2018-06-21 15:50:29,False,2018,6,17,bed_bath_table,fbce4c4cb307679d89a3bf3d3bb353b9,2018-06-09 08:56:57,1,12900,4.0,仅评分,False,,,,仅评分,
c9b75b50eaad93310a5ee6f923832bd1,03b70c61372aebf257ccfacc6ca0aa58,5,super recomendo,entrega rapida e direito,2018-05-16 00:00:00,2018-05-21 12:28:24,True,2018,5,18,small_appliances_home_oven_and_coffee,ff92ca9bb0b3f4ec00a9b76c9f68cb3a,2018-05-13 15:50:44,1,85890,5.0,有文字,False,T0216,强烈推荐,送货迅速而且顺利。,已翻译,
94ca41d839c8065d4fe5e0ef130a84e3,1ab81205bd97428adba5715c92dae13a,4,,,2018-05-16 00:00:00,2018-05-22 20:33:23,False,2018,5,18,small_appliances_home_oven_and_coffee,ff92ca9bb0b3f4ec00a9b76c9f68cb3a,2018-05-13 15:41:30,1,85890,4.0,仅评分,False,,,,仅评分,
57cc1063190b7cf4a29a8ee4ae33feb8,d57bfb04ec74aabf320e6e62442a28cb,5,,,2018-06-07 00:00:00,2018-06-17 14:17:01,False,2018,5,18,small_appliances_home_oven_and_coffee,ff92ca9bb0b3f4ec00a9b76c9f68cb3a,2018-05-17 20:53:34,1,85890,5.0,仅评分,False,,,,仅评分,
064cb6aa7e4f9d46447c21f61dd90fd2,f0dd7f3ebe1b0ce1db4e4da55000d43a,5,,,2018-05-18 00:00:00,2018-05-20 12:23:37,False,2018,5,18,small_appliances_home_oven_and_coffee,ff92ca9bb0b3f4ec00a9b76c9f68cb3a,2018-05-07 13:26:02,1,85890,5.0,仅评分,False,,,,仅评分,
ab39601f0ab7449e0246fe666b94c87b,11a6156f787eb963fb211db50db44d99,1,Não recebi ,Ainda estou aguardando ,2018-06-06 00:00:00,2018-06-06 14:51:01,True,2018,5,19,small_appliances_home_oven_and_coffee,0433830caca22b01a0f477d31307b043,2018-05-11 20:26:43,1,179900,1.0,有文字,False,T0217,没有收到,我还在等。,已翻译,
9680f4a846040be6c5aceacd39c42457,fb1ddf834a88bd14684fbc3242c4a46c,5,,,2018-05-22 00:00:00,2018-05-23 01:23:47,False,2018,5,19,small_appliances_home_oven_and_coffee,0433830caca22b01a0f477d31307b043,2018-05-16 16:58:47,1,179900,5.0,仅评分,False,,,,仅评分,
543e78127cec7165e6a19c76bc640e13,fb8c84f49d464b75f05a3de37923fc87,4,,,2018-05-26 00:00:00,2018-05-29 13:30:15,False,2018,5,19,small_appliances_home_oven_and_coffee,0433830caca22b01a0f477d31307b043,2018-05-24 00:52:36,1,179900,4.0,仅评分,False,,,,仅评分,
492dc9e8b9be051b7e780e2c50e916cb,03b31f549c27d03bed25fc42ddb46138,5,,,2018-06-15 00:00:00,2018-06-17 01:14:52,False,2018,6,19,small_appliances_home_oven_and_coffee,0433830caca22b01a0f477d31307b043,2018-06-12 10:17:58,1,199900,5.0,仅评分,False,,,,仅评分,
caeb230e72ee07cc4de673fdc9d1e11d,2829feee3f2a5c865f84cf4efb8df48d,5,,,2018-05-16 00:00:00,2018-05-20 23:59:32,False,2018,5,20,watches_gifts,7a10781637204d8d10485c71a6108a2e,2018-05-04 17:17:11,1,19900,5.0,仅评分,False,,,,仅评分,
3d3f50bb0120f5d9b78d21b0e918b1e0,2cba3cbb6058bc3efbf3531e9dcafeb5,1,Cancelamento nao efetuado,"Desde que comprei vinha tentando cancelar, mas agora que ja recebi, vou ficar com o produto, stark e targaryen, pessimo atendimento, nao possuem sac!!",2018-05-25 00:00:00,2018-05-26 01:19:42,True,2018,5,20,watches_gifts,7a10781637204d8d10485c71a6108a2e,2018-05-12 11:47:38,1,19900,1.0,有文字,False,T0218,取消未能完成,自从购买后我就一直试图取消，但现在既然已经收到了，我就留下这个商品。Stark 和 Targaryen，服务太差了，竟然没有客服中心！！,已翻译,
8bb45fbd1d428e36f2966f9da39e69b7,31effa440b34ae0432d83ef645db463a,5,Gostei muito!,"Muito boa a entrega, recomendo .",2018-05-19 00:00:00,2018-05-22 14:07:41,True,2018,5,20,watches_gifts,7a10781637204d8d10485c71a6108a2e,2018-05-07 15:15:10,1,19900,5.0,有文字,False,T0219,非常喜欢！,配送非常好，我推荐。,已翻译,
221785fb283647dc3128389e50c4bede,373dfc7dcfcc86a8ffd1933a56576ce9,4,,,2018-05-30 00:00:00,2018-05-30 22:50:05,False,2018,5,20,watches_gifts,7a10781637204d8d10485c71a6108a2e,2018-05-08 19:25:07,1,19900,4.0,仅评分,False,,,,仅评分,
9fce506a03332fc1151d996ad657b0c2,567694848ecdb6633bef4b3b48bbc4d2,5,Ótima ,"Produto entregue com sucesso, no prazo, excelente produto, a loja está de parabéns.",2018-05-30 00:00:00,2018-05-30 20:46:04,True,2018,5,20,watches_gifts,7a10781637204d8d10485c71a6108a2e,2018-05-09 15:56:50,1,19900,5.0,有文字,False,T0220,很棒,商品顺利送达，按时到货，商品很出色，店家值得称赞。,已翻译,
720d79baffb3684b117d1834158288c5,5defa702db54b5d6c22fe54be8f48a04,5,Muito bom ,Super indico ,2018-05-22 00:00:00,2018-05-23 04:49:19,True,2018,5,20,watches_gifts,7a10781637204d8d10485c71a6108a2e,2018-05-06 00:59:58,1,19900,5.0,有文字,False,T0221,非常好,我非常推荐。,已翻译,
171b956ea6445b79f1805e5e961627ed,6541aed6de52f3a9f2cb99afe498dde4,4,recomendo,,2018-06-09 00:00:00,2018-06-09 21:30:23,True,2018,5,20,watches_gifts,7a10781637204d8d10485c71a6108a2e,2018-05-09 21:55:23,1,19900,4.0,有文字,False,T0222,推荐,,已翻译,
14571c207a1dc5573ede4eace0425cbf,7040e508843c4a26cb6fe367c92ac095,5,,,2018-05-25 00:00:00,2018-05-25 16:12:32,False,2018,5,20,watches_gifts,7a10781637204d8d10485c71a6108a2e,2018-05-05 19:51:16,1,19900,5.0,仅评分,False,,,,仅评分,
7f232f3b30e21c93740b60fd66f5e604,7091c6daca979c1cc15c2a2faa9a468f,2,não recomendo,produto veio diferente do qual apresentado no site ,2018-05-10 00:00:00,2018-05-11 18:08:23,True,2018,5,20,watches_gifts,7a10781637204d8d10485c71a6108a2e,2018-05-01 23:41:46,1,19900,2.0,有文字,False,T0223,不推荐,商品与网站展示的不一样。,已翻译,
2846f43905e1d34384ad5cf5ca365157,9c60d3456f97cb01163eb8a3f5690aaf,4,,,2018-05-30 00:00:00,2018-05-31 12:09:27,False,2018,5,20,watches_gifts,7a10781637204d8d10485c71a6108a2e,2018-05-08 19:18:57,1,19900,4.0,仅评分,False,,,,仅评分,
b1dd1e131edacff773b6357f00c1f47f,a5283d6db4848796b9bea944339d2dca,5,,,2018-05-22 00:00:00,2018-05-22 15:50:33,False,2018,5,20,watches_gifts,7a10781637204d8d10485c71a6108a2e,2018-05-03 13:35:01,1,19900,5.0,仅评分,False,,,,仅评分,
e3973d9c16648a86aacb62164d5fae18,ad2b9f8531232554f31be87d5ea9da10,5,,,2018-05-19 00:00:00,2018-05-24 23:24:00,False,2018,5,20,watches_gifts,7a10781637204d8d10485c71a6108a2e,2018-05-09 13:38:49,1,19900,5.0,仅评分,False,,,,仅评分,
32544402d60f72ef5172eebbc31df88a,b1ae5dfeac85b9d126aa862b10bd9544,5,ótimo!,"O relógio que eu comprei chegou super rápido, bem embalado e conforme anúncio. Recomendo! ",2018-05-18 00:00:00,2018-05-23 18:07:08,True,2018,5,20,watches_gifts,7a10781637204d8d10485c71a6108a2e,2018-05-07 11:03:26,1,19900,5.0,有文字,False,T0224,很棒！,我买的手表很快就到了，包装妥当，也和广告描述一致。推荐！,已翻译,
67999d12cf1859947fbe08e57715c080,bb3b9252816ff94fc9f21944cfa0b6d1,4,Ótimo,Gostei. Acho apenas que o prazo poderia ser menor!,2018-05-23 00:00:00,2018-06-01 18:24:55,True,2018,5,20,watches_gifts,7a10781637204d8d10485c71a6108a2e,2018-05-04 16:17:14,1,19900,4.0,有文字,False,T0225,很棒,我喜欢。只是觉得配送期限可以再短一些！,已翻译,
ab988d3fb0b11ff1269f0aaf53149ae3,cc72e34236e519ea8144e041bb5fd133,3,5,Sim,2018-05-19 00:00:00,2018-05-20 11:31:29,True,2018,5,20,watches_gifts,7a10781637204d8d10485c71a6108a2e,2018-05-01 12:24:22,1,19900,3.0,有文字,False,T0226,5,是的。,已翻译,
b32d2e0e0a9d7c9b019d98295d9d4044,dc8c9fb3edc11055d2fa5198744dff2b,5,,,2018-05-16 00:00:00,2018-05-20 13:53:25,False,2018,5,20,watches_gifts,7a10781637204d8d10485c71a6108a2e,2018-05-07 11:43:04,1,19900,5.0,仅评分,False,,,,仅评分,
42332bef8706b2579383df2c32b4f046,f927763b2f03e72c178092609d6be813,5,Ótimo,"Adorei o produto, chegou antes do prazo...
Obrigada.",2018-05-10 00:00:00,2018-05-11 01:30:01,True,2018,5,20,watches_gifts,7a10781637204d8d10485c71a6108a2e,2018-05-02 16:22:09,1,19900,5.0,有文字,False,T0227,很棒,我很喜欢这个商品，它提前送到了……谢谢。,已翻译,
ed9c4cef237b26624da80683d83637be,061304e42542425c8ff0be14d03126e4,1,,parceria sem responsabilidade,2017-07-08 00:00:00,2017-07-10 21:20:33,True,2017,6,1,auto,fd0065af7f09af4b82a0ca8f3eed1852,2017-06-14 14:59:53,1,199999,1.0,有文字,False,T0228,,不负责任的合作关系。,待复核,原文是片段，没有说明具体指哪一方或哪种合作关系。
c20dc8f95c7e0a17a4192984287a48ef,5cae141c3dd545d1d08687790cf11e33,1,,"Se houve alguma dificuldade para entrega do produto, no mínimo, o comprador deveria ser avisado e negociado uma nova situação de entrega.",2017-07-02 00:00:00,2017-07-03 01:43:28,True,2017,6,1,auto,fd0065af7f09af4b82a0ca8f3eed1852,2017-06-16 01:38:26,1,199999,1.0,有文字,False,T0229,,如果商品配送遇到困难，至少应该通知买家，并协商新的配送安排。,已翻译,
1a9bfaf727ce12d738dd972a8cb35808,97b8a149d521ea9fbbbce767a458846e,1,,Até agora só transtorno por causa desse produto.,2017-07-05 00:00:00,2017-07-05 16:18:56,True,2017,6,1,auto,fd0065af7f09af4b82a0ca8f3eed1852,2017-06-17 21:58:41,1,199999,1.0,有文字,False,T0230,,到现在为止，这个商品只给我带来了麻烦。,已翻译,
dc5f9d1bb234554a1a66a3b64a4e99ec,987f3d9ad096993454ef3c2c4d9f7a68,3,,"Falta a Nota Fiscal DANFE, favor enviar.",2017-07-08 00:00:00,2017-07-12 01:31:33,True,2017,6,1,auto,fd0065af7f09af4b82a0ca8f3eed1852,2017-06-18 23:14:38,1,199999,3.0,有文字,False,T0231,,缺少发票 DANFE，请发送。,已翻译,
4ce04e8ba8f01d61c4c4adee4b706702,9b4ea4ff8f51f91557fd6448e909cf81,1,,"NÃO RECEBI AINDA MEU PRODUTO, AGUARDO UM RETORNO URGENTE",2017-07-02 00:00:00,2017-07-04 09:30:06,True,2017,6,1,auto,fd0065af7f09af4b82a0ca8f3eed1852,2017-06-18 12:16:28,1,199999,1.0,有文字,False,T0232,,我还没收到商品，请尽快给我回复！,已翻译,
745665420924b9163759ddbdb28a7fb2,c52e91d0960446c0624a5a984188ffba,1,,Prazo longo e ainda atraso na entrega. Até o momento não recebi o produto e não tenho uma satisfação do que realmente está havendo. Segundo correio o produto ainda não chegou ao destino.,2017-07-22 00:00:00,2017-07-25 16:24:31,True,2017,6,1,auto,fd0065af7f09af4b82a0ca8f3eed1852,2017-06-19 09:59:58,1,199999,1.0,有文字,False,T0233,,配送期限很长，而且还延误了。到现在我还没收到商品，也没人告知实际出了什么情况。邮政方面说商品还没有到达目的地。,已翻译,
237141a00715b8bf1ee7b33e8a0d1441,cfb601982b3ff65c1821561ec49625bd,1,,"Demora em tirar nota fiscal, sem retorno da situação da compra!",2017-07-13 00:00:00,2017-07-13 12:10:34,True,2017,6,1,auto,fd0065af7f09af4b82a0ca8f3eed1852,2017-06-21 13:53:48,1,199999,1.0,有文字,False,T0234,,开具发票拖得太久，也没有回复购买情况！,已翻译,
6e72253167cc95b9fb351c03b5a68497,d9374184c685550085112ae190d8f9c0,1,,,2017-07-20 00:00:00,2017-07-20 09:03:24,False,2017,6,1,auto,fd0065af7f09af4b82a0ca8f3eed1852,2017-06-14 15:29:08,1,199999,1.0,仅评分,False,,,,仅评分,
1b73e6c7cd135008ebeb18404b776ddc,f5136e38d1a14a4dbd87dff67da82701,5,,,2017-06-06 00:00:00,2017-06-07 19:35:23,False,2017,5,2,art,1bdf5e6731585cf01aa8169c7028d6ad,2017-05-24 18:14:34,1,649900,5.0,仅评分,False,,,,仅评分,
0077bd924a9e436de9b1bce12ef1da89,028ad19261e3ad3406ca689348755456,1,,mandei por e-mail a informação de que recebi a voltagem errada e NINGUÉM ME DEU RETORNO. Inclusive enviei um numero de celular mas infelizmente a empresa não retornou.,2017-05-27 00:00:00,2017-06-03 21:19:02,True,2017,5,3,health_beauty,9453bde60c4ee52155c963641736cfc5,2017-05-18 15:19:09,1,46700,1.0,有文字,False,T0235,,我通过电子邮件告知他们我收到的电压规格不对，却没有任何人回复我。我还提供了一个手机号码，但公司还是没有联系我。,已翻译,
0c8ac0545799d6ca19a93a25f6c34cf8,067bc1024a45f0e3cf23b724757e55e2,5,,Boa. Entrega rápida.,2017-05-25 00:00:00,2017-05-28 16:00:49,True,2017,5,3,health_beauty,9453bde60c4ee52155c963641736cfc5,2017-05-19 01:33:50,1,46700,5.0,有文字,False,T0236,,不错。送货很快。,已翻译,
4087da259eb0632058a3f8b06c065bce,4695874459264348f76f20abb7897ec3,4,,"Ajuda bastante no acabamento de cortes de cabelo e barba. Máquina bem leve e de boa aparência, pena que o pino não é comum, é daqueles de ""tracinho"".",2017-06-02 00:00:00,2017-06-03 12:29:49,True,2017,5,3,health_beauty,9453bde60c4ee52155c963641736cfc5,2017-05-22 17:45:32,1,46700,4.0,有文字,False,T0237,,这台机器对修整头发和胡须很有帮助。机器很轻，外观也不错，可惜插头的插脚不是常见类型，而是那种小横线形的。,待复核,原文用小横线形描述插头插脚，具体形状不明确。
f49bc0cac69634c1b6357e095c4bc3c9,5189eca8aa65ca525e4929c6f6a758d1,3,,"Tudo funcionando, mas percebi alguns arranhões no corpo da máquina. Nada que influencie o uso, mas pelo valor, fiquei frustrado com a loja.",2017-06-01 00:00:00,2017-06-02 02:14:35,True,2017,5,3,health_beauty,9453bde60c4ee52155c963641736cfc5,2017-05-19 20:13:23,1,46700,3.0,有文字,False,T0238,,一切都能正常运作，但我注意到机器机身上有几道划痕。虽然不影响使用，但考虑到这个价格，我对店家感到失望。,已翻译,
4f01834baa95e8393c109248cc1fdcf9,52d95b0538fecb3014db141985d65d64,4,,,2017-05-31 00:00:00,2017-06-01 01:06:27,False,2017,5,3,health_beauty,9453bde60c4ee52155c963641736cfc5,2017-05-22 22:21:32,1,46700,4.0,仅评分,False,,,,仅评分,
87907dcffd28bd5bfad86965165460b9,52d95b0538fecb3014db141985d65d64,4,,,2017-05-27 00:00:00,2017-05-30 13:52:12,False,2017,5,3,health_beauty,9453bde60c4ee52155c963641736cfc5,2017-05-22 22:21:32,1,46700,4.0,仅评分,False,,,,仅评分,
2ed7d23b1aeefac82009d7996bfa2783,62c66f80f422c25636cc243baaba2568,4,,,2017-05-25 00:00:00,2017-05-26 11:26:39,False,2017,5,3,health_beauty,9453bde60c4ee52155c963641736cfc5,2017-05-19 22:30:30,1,46700,4.0,仅评分,False,,,,仅评分,
c3ba74a083fe2a63435c6766dd8f3ea2,7719dd879ae3926cf395d78c4d2e3ac7,5,,"Sem palavras, surpreendente.",2017-05-26 00:00:00,2017-05-27 01:26:36,True,2017,5,3,health_beauty,9453bde60c4ee52155c963641736cfc5,2017-05-22 22:13:18,1,46700,5.0,有文字,False,T0239,,无话可说，令人惊喜。,已翻译,
24b8b37b4667343e49173b3ce5e84761,84898d879641fa3dfb557d681959b311,5,,"parabéns surpreendeu na entrega, foram muito rápidos uma semana para promessa de um mês.",2017-05-25 00:00:00,2017-05-26 03:50:16,True,2017,5,3,health_beauty,9453bde60c4ee52155c963641736cfc5,2017-05-18 07:58:46,1,46700,5.0,有文字,False,T0240,,值得称赞，配送表现令人惊喜：他们非常快，一个星期就送到了，而原先承诺要一个月。,已翻译,
4319935bc0930ab99477a0ada17b2d4c,863211f4868ae3a9ed08ffcf86768db3,5,,"Chegou muito antes do prazo.
Ótimo produto.
Recomendo.",2017-05-26 00:00:00,2017-05-29 12:15:43,True,2017,5,3,health_beauty,9453bde60c4ee52155c963641736cfc5,2017-05-22 19:26:47,1,46700,5.0,有文字,False,T0241,,比期限早很多就到了。商品很棒。推荐。,已翻译,
efe42af8357fd02d69c7487be59e6b10,b144a6fef45d3b18724be5d033e8d500,5,,,2017-05-30 00:00:00,2017-05-31 17:14:00,False,2017,5,3,health_beauty,9453bde60c4ee52155c963641736cfc5,2017-05-21 15:09:43,1,46700,5.0,仅评分,False,,,,仅评分,
0365b9f4cffce731be06041ad57f56b4,fec19bf476e77a007cf78400a667ad64,5,,,2017-06-06 00:00:00,2017-06-10 15:14:23,False,2017,5,3,health_beauty,9453bde60c4ee52155c963641736cfc5,2017-05-27 20:21:07,1,41999,5.0,仅评分,False,,,,仅评分,
1529d18ba73de72cdf6bd593ed499b4a,30cb9807736cf9827533cf34b10969d8,3,,,2017-06-01 00:00:00,2017-06-04 12:59:33,False,2017,5,4,computers_accessories,fe59a1e006df3ac42bf0ceb876d70969,2017-05-09 11:20:30,2,161820,3.0,仅评分,False,,,,仅评分,
1c21ad8504966bd66eca8fab0ee3a5bf,698c554458e6b44e6f2f1450583c2547,4,,,2017-06-14 00:00:00,2017-06-19 02:45:05,False,2017,5,4,computers_accessories,fe59a1e006df3ac42bf0ceb876d70969,2017-05-25 17:10:19,1,79090,4.0,仅评分,False,,,,仅评分,
45b474f8f78b2d99b9fe54be8db01a93,9125faac1b379b7b9ab4665189739e31,5,,Ótimo vendedor. Recomendo a todos.,2017-05-25 00:00:00,2017-05-26 12:13:48,True,2017,5,4,computers_accessories,fe59a1e006df3ac42bf0ceb876d70969,2017-05-10 15:24:16,1,80910,5.0,有文字,False,T0242,,卖家很棒。推荐给大家。,已翻译,
4a26c1010cecfd4fca2ebea67bb627d8,ad7d812f43f6308a7105fecab91fe3c1,4,,,2017-05-23 00:00:00,2017-05-26 03:51:13,False,2017,5,4,computers_accessories,fe59a1e006df3ac42bf0ceb876d70969,2017-05-02 16:01:55,1,80910,4.0,仅评分,False,,,,仅评分,
83d69188d68dd3c1e81f971f1415cdff,08b986f813ffdc9e5872992aaabf796f,5,,"Sim, recebi o produto correto, e no prazo estabelecido. A caixa estava perfeitamente lacrada e, quando aberta, tudo estava aparentemente normal. Todavia, não este o produto, mas creio que está tudo ok",2017-05-20 00:00:00,2017-06-01 14:53:14,True,2017,5,5,musical_instruments,ba55945d930e34e802e5dd2e5cffdcc8,2017-05-07 17:16:27,1,189912,5.0,有文字,False,T0243,,是的，我收到了正确的商品，也在约定期限内收到。箱子封得非常严实，打开后东西看起来都正常。不过，关于商品的那句话表述不完整；但我觉得一切都还好。,待复核,原文中转折后关于商品的句子残缺，无法确定具体意思。
783eae1c92e898cdde72cdc79629708e,4c69bbdad86856084206eaf2d9349122,5,,Tudo ok,2017-05-26 00:00:00,2017-06-09 01:24:59,True,2017,5,5,musical_instruments,ba55945d930e34e802e5dd2e5cffdcc8,2017-05-23 08:23:07,1,189912,5.0,有文字,False,T0244,,一切都好。,已翻译,
d88e572392e9fcfe3c2379cf9637012d,39bffc9b7be332f527a4fcdec744156c,3,,,2017-05-20 00:00:00,2017-05-22 07:40:16,False,2017,5,6,housewares,42a2c92a0979a949ca4ea89ec5c7b934,2017-05-10 20:55:51,1,5990,3.0,仅评分,False,,,,仅评分,
338ca8c51bc51ebebde5f8662993d2bc,44069d5290f313c03130f40e31c676ee,5,,,2017-05-24 00:00:00,2017-05-25 12:46:34,False,2017,5,6,housewares,42a2c92a0979a949ca4ea89ec5c7b934,2017-05-17 10:26:23,1,5990,5.0,仅评分,False,,,,仅评分,
4311d65154ba43bcc33bbd8d646b5794,48d9d778ca005971949d2ccad7e99d70,5,,,2017-05-16 00:00:00,2017-05-17 21:07:51,False,2017,5,6,housewares,42a2c92a0979a949ca4ea89ec5c7b934,2017-05-01 14:48:33,1,5990,5.0,仅评分,False,,,,仅评分,
cdfa7da7ca45bac8e0b24e2b43950b0f,55463b6644570a60e7bd7f1c26c3c46d,5,,,2017-05-26 00:00:00,2017-05-27 11:46:59,False,2017,5,6,housewares,42a2c92a0979a949ca4ea89ec5c7b934,2017-05-18 18:38:19,1,5990,5.0,仅评分,False,,,,仅评分,
69c9326507e58f58796e787206a296d8,5ef3a01aff74727ebbcf7175c68f51d4,5,,Ksksksk,2017-05-31 00:00:00,2017-06-04 04:45:42,True,2017,5,6,housewares,42a2c92a0979a949ca4ea89ec5c7b934,2017-05-19 20:46:52,1,5990,5.0,有文字,False,T0245,,哈哈哈哈。,已翻译,
4e739115880de052f63fc8dfc89bb11d,7b0991b804c1f59ff08aed876cd41c5b,1,,"Logisca competente porém nada adianta se o produto não está completo.
Não posso utilizar o produto incompleto ",2017-05-19 00:00:00,2017-05-20 03:17:22,True,2017,5,6,housewares,42a2c92a0979a949ca4ea89ec5c7b934,2017-05-17 14:14:31,1,5990,1.0,有文字,False,T0246,,物流很称职，但如果商品不齐全也无济于事。商品不完整，我无法使用。,已翻译,
acd3cf00b155fe49af384b283655ea4b,8a566c8bc5098ea48be7ea4929c5993a,2,,Recebi o produto porém o que mais parece é que trata-se de uma réplica muito vagabunda. Veio em uma caixa de papelão sem manual e a fragilidade do produto demonstra não ser o verdadeiro. ,2017-05-27 00:00:00,2017-05-28 14:10:15,True,2017,5,6,housewares,42a2c92a0979a949ca4ea89ec5c7b934,2017-05-22 17:19:19,1,5990,2.0,有文字,False,T0247,,我收到了商品，但它看起来更像是质量很差的仿品。它装在纸箱里，没有说明书，商品显得很脆弱，让我觉得不像真品。,已翻译,
89fc0831e16f147115fb6992d38de601,9282799a57b0de94393be10a4bcf120b,5,,,2017-06-23 00:00:00,2017-06-24 11:12:21,False,2017,5,6,housewares,42a2c92a0979a949ca4ea89ec5c7b934,2017-05-30 14:27:05,1,5990,5.0,仅评分,False,,,,仅评分,
2d99a388f0692d2046ac80921c4cf60e,a9c323b00a97a60deb81c33473090eff,5,,,2017-05-19 00:00:00,2017-05-20 07:45:12,False,2017,5,6,housewares,42a2c92a0979a949ca4ea89ec5c7b934,2017-05-08 06:06:35,1,5990,5.0,仅评分,False,,,,仅评分,
d2b6eccdcc30d5bc8bb205cd198166a8,ceed776cef69730e986a45c5051fad62,4,,A entrega foi mais rápida do que eu esperava. Super aprovada!,2017-05-16 00:00:00,2017-05-17 13:54:01,True,2017,5,6,housewares,42a2c92a0979a949ca4ea89ec5c7b934,2017-05-04 20:45:30,1,5990,4.0,有文字,False,T0248,,送货比我预想的更快。非常满意！,已翻译,
fcb2a81a60c321fcafa9f30614c5edf1,f6895b0153f18f01777a2eeed02145a2,5,,otimo,2017-06-10 00:00:00,2017-06-14 23:40:30,True,2017,5,6,housewares,42a2c92a0979a949ca4ea89ec5c7b934,2017-05-31 16:23:27,1,5990,5.0,有文字,False,T0249,,很好。,已翻译,
74e6fb25a77ecb6d13268a02ed12319b,fc9bc4bac939adaa600ad59dee9a106f,5,,o produto foi entregue antes do prazo estabelecido .,2017-05-19 00:00:00,2017-05-22 16:56:28,True,2017,5,6,housewares,42a2c92a0979a949ca4ea89ec5c7b934,2017-05-14 20:22:41,1,5990,5.0,有文字,False,T0250,,商品在约定期限之前送达。,已翻译,
fffd68e8a9fb73a56a2f504011b0f1f1,fceb38f42fbf13b53a6253648c8d47cf,1,,Produto muito ruim.,2017-05-31 00:00:00,2017-06-02 23:21:51,True,2017,5,6,housewares,42a2c92a0979a949ca4ea89ec5c7b934,2017-05-21 08:02:01,1,5990,1.0,有文字,False,T0251,,商品很差。,已翻译,
6bf77d2af89fbd9784fea3820bd7ff7a,0171835bbc71bcfacc26e9f59d56b62c,5,,,2017-07-04 00:00:00,2017-07-05 12:42:02,False,2017,6,6,housewares,42a2c92a0979a949ca4ea89ec5c7b934,2017-06-24 10:52:28,1,5990,5.0,仅评分,False,,,,仅评分,
1f0bb3e0fa897ced64401aeafabfc31e,0410f4cc1616cb8c9d1f03c78a8c9f81,4,,,2017-07-12 00:00:00,2017-07-13 00:55:36,False,2017,6,6,housewares,42a2c92a0979a949ca4ea89ec5c7b934,2017-06-22 22:31:14,1,5990,4.0,仅评分,False,,,,仅评分,
2841f578e147ff3557ef501b610ee319,05dc9045a35ab252a2b71dd4b0dfb63d,5,,"O rodo mágico é muito bom e a centrifuga seca o esfregão conforme nossa necessidade, mais ou menos umido. Estou muito satisfeita com a compra.",2017-06-17 00:00:00,2017-06-26 10:58:21,True,2017,6,6,housewares,42a2c92a0979a949ca4ea89ec5c7b934,2017-06-11 18:53:16,1,5990,5.0,有文字,False,T0252,,魔术拖把很不错，旋转脱水桶可以按我们的需要把拖把头甩干一些或留得湿一些。我对这次购买非常满意。,已翻译,
21ec5dc64d327727c6778a6b6144ab75,078e048ccc8dc8b449dedc064b860b0f,1,,Meu produto não foi entregue.,2017-07-07 00:00:00,2017-07-07 15:24:42,True,2017,6,6,housewares,42a2c92a0979a949ca4ea89ec5c7b934,2017-06-22 19:29:40,1,5990,1.0,有文字,False,T0253,,我的商品没有送到。,已翻译,
c1082b5d880897e6ecc8cc4ac6eb44cb,08d8b17740615b3cbe884f58173de3c1,3,,"o problema foram os correios q devolveram a encomenda p Salvador, levou o dobro do tempo",2017-07-19 00:00:00,2017-07-19 23:26:23,True,2017,6,6,housewares,42a2c92a0979a949ca4ea89ec5c7b934,2017-06-28 16:51:19,1,5990,3.0,有文字,False,T0254,,问题出在邮政把包裹退回了萨尔瓦多，结果花了两倍的时间。,已翻译,
6e8810f5eb2a3645187d3ae0616dc26e,148f8d19f8fe2f191e43e9289ee17d70,4,,,2017-06-24 00:00:00,2017-06-27 09:09:51,False,2017,6,6,housewares,42a2c92a0979a949ca4ea89ec5c7b934,2017-06-19 09:55:06,2,11980,4.0,仅评分,False,,,,仅评分,
e19b4d74ea0a21441e3a3a8981b951dc,194d91ef19efa47048d37b91c5efe0e7,5,,,2017-07-04 00:00:00,2017-07-05 00:23:07,False,2017,6,6,housewares,42a2c92a0979a949ca4ea89ec5c7b934,2017-06-22 13:37:51,2,11980,5.0,仅评分,False,,,,仅评分,
1d3e1fc1de0ad77e25fb0f7706dddded,1b27133663a6ff5c26254c7f8f99a4d4,5,,,2017-06-24 00:00:00,2017-06-25 12:27:03,False,2017,6,6,housewares,42a2c92a0979a949ca4ea89ec5c7b934,2017-06-20 08:51:27,1,5990,5.0,仅评分,False,,,,仅评分,
b04ef1f9aaa84dd57473740f83e9bf11,1b986cc80c09e314d5989c417e4b7ac0,5,,chegou antes do esperado.Muito Bom,2017-06-23 00:00:00,2017-06-24 13:24:59,True,2017,6,6,housewares,42a2c92a0979a949ca4ea89ec5c7b934,2017-06-20 13:26:51,1,5990,5.0,有文字,False,T0255,,比预期早到了。非常好。,已翻译,
d30750e78a08249792847c387eb1ba32,1c35ac660d7ef6691b25d20df3d6eccb,5,,,2017-06-30 00:00:00,2017-07-02 19:21:24,False,2017,6,6,housewares,42a2c92a0979a949ca4ea89ec5c7b934,2017-06-27 23:11:57,1,5990,5.0,仅评分,False,,,,仅评分,
e3311988ccd3e93d7bfb245fac2ec933,1c487b52a0823daeced375367d5f73de,1,,Bom dia. Comprei duas unidades do balde mop e até o momento só recebi uma. ,2017-06-27 00:00:00,2017-07-01 13:10:39,True,2017,6,6,housewares,42a2c92a0979a949ca4ea89ec5c7b934,2017-06-20 15:01:33,2,11980,1.0,有文字,False,T0256,,早上好。我买了两个拖把桶，到现在只收到一个。,已翻译,
a5d58c208f3f09d404f3a202b69ea0d8,1c7c193f372924a8ac49d0c9b7ea1cc5,5,,,2017-07-06 00:00:00,2017-07-10 19:52:53,False,2017,6,6,housewares,42a2c92a0979a949ca4ea89ec5c7b934,2017-06-27 15:25:53,1,5990,5.0,仅评分,False,,,,仅评分,
7eb6d4dde8c1533fb4d1f2939e09c29e,1d640f23dd5922c443a96b7caf168229,4,,,2017-06-29 00:00:00,2017-06-30 08:42:27,False,2017,6,6,housewares,42a2c92a0979a949ca4ea89ec5c7b934,2017-06-24 17:48:01,1,5990,4.0,仅评分,False,,,,仅评分,
b21b6fac90cd13d37c076ab43f2111f3,1f4d31c92c16cb108f6eec093728b629,4,,,2017-07-05 00:00:00,2017-07-06 00:16:32,False,2017,6,6,housewares,42a2c92a0979a949ca4ea89ec5c7b934,2017-06-28 13:03:15,1,5990,4.0,仅评分,False,,,,仅评分,
5326b1ba2ebc881c1cfbbe0663db2f5d,2033b71596a6d101bc6d429c6a811455,4,,,2017-07-05 00:00:00,2017-07-07 15:20:36,False,2017,6,6,housewares,42a2c92a0979a949ca4ea89ec5c7b934,2017-06-23 20:37:03,1,5990,4.0,仅评分,False,,,,仅评分,
b3421d9b6acdbeb3e8d13b58e54e5391,2a5f568195087f0d7b94d9c98d203fad,1,,,2017-07-13 00:00:00,2017-07-14 11:14:36,False,2017,6,6,housewares,42a2c92a0979a949ca4ea89ec5c7b934,2017-06-28 11:41:15,1,5990,1.0,仅评分,False,,,,仅评分,
e98b036465b60e26c62444931f355800,2c927414e22e9898e9e0958b417f7ef5,5,,,2017-07-05 00:00:00,2017-07-05 23:05:28,False,2017,6,6,housewares,42a2c92a0979a949ca4ea89ec5c7b934,2017-06-23 17:37:35,1,5990,5.0,仅评分,False,,,,仅评分,
0abb25f50d45c9a38c12cb87fa5702f2,2d6d5c2b78cb21222438d162676a5bd2,5,,,2017-06-30 00:00:00,2017-07-01 01:59:06,False,2017,6,6,housewares,42a2c92a0979a949ca4ea89ec5c7b934,2017-06-17 19:59:59,1,5990,5.0,仅评分,False,,,,仅评分,
d0bf69e3f8abdcf17a6054a575b21854,2e5780555c99ce4a40180d00185ecaad,5,,"Chegou em ordem, dentro do prazo, conforme a descrição do site.",2017-06-30 00:00:00,2017-07-02 02:46:45,True,2017,6,6,housewares,42a2c92a0979a949ca4ea89ec5c7b934,2017-06-26 08:48:48,1,5990,5.0,有文字,False,T0257,,商品完好无损地按时送到，和网站描述一致。,已翻译,
8f680bc34a83951104e57d2060250afa,2eac75a073b158b0cc84863c566300b2,5,,Satisfeita!,2017-06-27 00:00:00,2017-06-28 14:10:18,True,2017,6,6,housewares,42a2c92a0979a949ca4ea89ec5c7b934,2017-06-21 21:22:07,1,5990,5.0,有文字,False,T0258,,满意！,已翻译,
d19524508c945eb11db78ab098bcb798,336f7fe8abc3af0bf30d0cf7204ec20f,2,,"so não dei cinco estrelas porque eu queria comprar uma tigela com tampa e o frete é mais caro que o produto,por isso não recomendo",2017-07-06 00:00:00,2017-07-07 22:17:47,True,2017,6,6,housewares,42a2c92a0979a949ca4ea89ec5c7b934,2017-06-28 12:39:28,1,5990,2.0,有文字,False,T0259,,我没给五星，只是因为我想买一个带盖的碗，而运费比商品还贵，所以不推荐。,已翻译,
8a3ee7d865039d2ecb4a017d9a28e19f,3d9abdc4ac32816e70bf662530c5c652,3,,"Gosto de comprar no baratheon,compro a muito tempo. Quanto ao produto não é bem o que eu esperava, pensei que era melhor.",2017-06-27 00:00:00,2017-06-27 20:26:38,True,2017,6,6,housewares,42a2c92a0979a949ca4ea89ec5c7b934,2017-06-18 11:16:12,1,5990,3.0,有文字,False,T0260,,我喜欢在 Baratheon 买东西，已经买了很长时间。至于这个商品，它不太符合我的期待，我原以为会更好。,已翻译,
24a56c5bb899c87761faae0e713aac1d,3e93ed8410f3fa2cd639ec11c30de523,5,,"Satisfeita com a compra. Entrega rápida , super indico essa loja. ",2017-06-30 00:00:00,2017-06-30 23:52:38,True,2017,6,6,housewares,42a2c92a0979a949ca4ea89ec5c7b934,2017-06-23 20:47:06,1,5990,5.0,有文字,False,T0261,,我对这次购买很满意，送货很快，非常推荐这家店。,已翻译,
1b21e9118557f3aa76465b689cd8dc8c,40162ae5bb70d47120362293259bedb9,4,,,2017-06-28 00:00:00,2017-06-29 11:34:47,False,2017,6,6,housewares,42a2c92a0979a949ca4ea89ec5c7b934,2017-06-12 20:35:11,1,5990,4.0,仅评分,False,,,,仅评分,
2893f7f537bc5056b7bbb42a742d56ad,44c2b1100f7c12e1928b475164e80a7f,1,,NÃO ENTRA EM CONTATO PARA SOLUCIONAR O ESTORNO DA COMPRA,2017-06-29 00:00:00,2017-07-17 19:26:06,True,2017,6,6,housewares,42a2c92a0979a949ca4ea89ec5c7b934,2017-06-25 20:16:05,2,11980,1.0,有文字,False,T0262,,他们没有联系我来解决这笔购买的退款问题。,已翻译,
6868cf8c08e93771d52ce3903b851b23,491a13233c0ef7bc510a3e3703e5c226,3,,"Aparentemente um bom produto, ainda não tive tempo de testar.",2017-07-11 00:00:00,2017-07-12 11:38:44,True,2017,6,6,housewares,42a2c92a0979a949ca4ea89ec5c7b934,2017-06-26 09:56:46,1,5990,3.0,有文字,False,T0263,,看起来是个不错的商品，我还没时间测试。,已翻译,
e995d2badd799736fa089551eaa17db2,594ad966cb8b56ec21f4b3c9b7048505,5,,"TODOS DEVIAM COMPRAR AQUI NO baratheon,AMEI....PARABÉNS!",2017-07-08 00:00:00,2017-07-09 19:55:42,True,2017,6,6,housewares,42a2c92a0979a949ca4ea89ec5c7b934,2017-06-27 19:41:50,2,11980,5.0,有文字,False,T0264,,大家都应该来 Baratheon 这里买东西，我太喜欢了……恭喜！,已翻译,
8939454851433cbc9c7434cd874baff3,59ac3c3ef46e5a6355dde8dd64a4ca4f,3,,,2017-07-08 00:00:00,2017-07-09 00:02:09,False,2017,6,6,housewares,42a2c92a0979a949ca4ea89ec5c7b934,2017-06-26 10:02:05,2,11980,3.0,仅评分,False,,,,仅评分,
e418a084781d306cef0130bca7f77325,59d56572217f98b40bde09f04f73db88,5,,,2017-06-21 00:00:00,2017-06-22 11:00:17,False,2017,6,6,housewares,42a2c92a0979a949ca4ea89ec5c7b934,2017-06-08 17:57:39,1,5990,5.0,仅评分,False,,,,仅评分,
9082bd25f6dda8c0121a50da2324109d,5e99f3c445038a0709b2aea8e34ed593,4,,Empresa Confiável,2017-07-05 00:00:00,2017-07-06 15:04:58,True,2017,6,6,housewares,42a2c92a0979a949ca4ea89ec5c7b934,2017-06-25 19:30:09,1,5990,4.0,有文字,False,T0265,,值得信赖的公司。,已翻译,
5fd0e7b7d8831724580d6ebe474e8012,5f0d18fd02d895b6b8d05a96e97d74e7,1,,Recebi meu produto com defeito. O mop não fica preso ao cabo e faz um barulho imenso ao girar. Gostaria da troca do produto.,2017-06-29 00:00:00,2017-07-02 02:26:25,True,2017,6,6,housewares,42a2c92a0979a949ca4ea89ec5c7b934,2017-06-27 11:28:20,1,5990,1.0,有文字,False,T0266,,我收到的商品有缺陷。拖把头固定不住杆子，旋转时会发出很大的噪声。我希望能换货。,已翻译,
1013d025338732f57186aef2bab1243f,60d89454741d31c6c07226c6069864dd,1,,"Entrei em contato com o distribuidor, as peças não encaixam, o cabo desmonta toda hora, não é nada funcional, ficamos decepcionados com a compra. A LOJA foi pontual na entrega.",2017-07-02 00:00:00,2017-07-11 03:19:42,True,2017,6,6,housewares,42a2c92a0979a949ca4ea89ec5c7b934,2017-06-29 09:43:18,1,5990,1.0,有文字,False,T0267,,我联系了经销商，零件装不上，杆子老是散开，完全不好用，我们对这次购买很失望。店家的配送很准时。,已翻译,
574992baa7d9f2317676f7e1009d2cd6,6ededbb85df3190d91b4eaf3d08b4606,5,,,2017-06-24 00:00:00,2017-06-26 02:07:06,False,2017,6,6,housewares,42a2c92a0979a949ca4ea89ec5c7b934,2017-06-18 17:10:10,1,5990,5.0,仅评分,False,,,,仅评分,
e5bb3c5f1c3a1cea43e8d60ab766df35,70f739039934d54a3b7960fe6252f320,4,,,2017-06-30 00:00:00,2017-07-03 14:42:34,False,2017,6,6,housewares,42a2c92a0979a949ca4ea89ec5c7b934,2017-06-24 12:49:13,1,5990,4.0,仅评分,False,,,,仅评分,
96a6efcb16d30121d0764096a8ec0ac2,7109277b7a33daf4d8ecd24795675ac3,5,,,2017-07-08 00:00:00,2017-07-10 11:53:45,False,2017,6,6,housewares,42a2c92a0979a949ca4ea89ec5c7b934,2017-06-28 14:36:37,1,5990,5.0,仅评分,False,,,,仅评分,
35f54313f077af011b5e3a8f0dafb9d7,771ee386b001f06208a7419e4fc1bbd7,5,,Fiquei muito satisfeita chegou bom rápido!,2017-07-04 00:00:00,2017-07-05 00:12:17,True,2017,6,6,housewares,42a2c92a0979a949ca4ea89ec5c7b934,2017-06-23 13:11:27,1,5990,5.0,有文字,False,T0268,,我非常满意，送得很快！,已翻译,
48c782b3e233f6c5bf38e900091d9c5b,7994bcffb9f5d5a702c9fc4f08cca8a9,5,,,2017-06-15 00:00:00,2017-06-15 23:11:51,False,2017,6,6,housewares,42a2c92a0979a949ca4ea89ec5c7b934,2017-06-12 09:46:56,1,5990,5.0,仅评分,False,,,,仅评分,
be5f5efc4ba1acbee6218bdd0c8414fc,7eeee20ce93c5e4c8e68984bb116eea0,5,,,2017-06-29 00:00:00,2017-06-30 13:21:06,False,2017,6,6,housewares,42a2c92a0979a949ca4ea89ec5c7b934,2017-06-25 13:50:03,1,5990,5.0,仅评分,False,,,,仅评分,
6177ff9a060032cb9320910d766b9027,7fbae6a6c7e8dc9e1ba716644c416dd9,5,,,2017-06-30 00:00:00,2017-07-02 23:53:15,False,2017,6,6,housewares,42a2c92a0979a949ca4ea89ec5c7b934,2017-06-27 15:59:39,1,5990,5.0,仅评分,False,,,,仅评分,
303ea08ac2122aa77aa5032374d22f1c,7fd341d7df58f6cdce68f57bddbc6286,5,,Ótimo produto. Entrega antes do prazo. Super recomendo.,2017-07-08 00:00:00,2017-07-11 12:49:31,True,2017,6,6,housewares,42a2c92a0979a949ca4ea89ec5c7b934,2017-06-29 10:17:01,1,5990,5.0,有文字,False,T0269,,商品很棒，提前送到。强烈推荐。,已翻译,
d74fdab3e971e73013c21b120d6d72b7,8650f273b9279f880588142245c2c398,5,,,2017-06-30 00:00:00,2017-07-03 11:13:32,False,2017,6,6,housewares,42a2c92a0979a949ca4ea89ec5c7b934,2017-06-22 11:05:14,1,5990,5.0,仅评分,False,,,,仅评分,
5b3a20c801f72fe2b54cb92253abc752,89775d04d56b85e2ce0007d65a3cd7e7,5,,,2017-07-04 00:00:00,2017-07-05 09:07:12,False,2017,6,6,housewares,42a2c92a0979a949ca4ea89ec5c7b934,2017-06-29 13:36:55,1,5990,5.0,仅评分,False,,,,仅评分,
63bc958a29ce4306d4ccb83c7377dc40,8fad1f3654133d30218cd4b6fae827ee,4,,,2017-06-23 00:00:00,2017-06-24 12:39:00,False,2017,6,6,housewares,42a2c92a0979a949ca4ea89ec5c7b934,2017-06-18 11:37:07,1,5990,4.0,仅评分,False,,,,仅评分,
45937ec4b0e42b37bd737f562c562b42,9781e29fd25f44bdbbace82bef3dcd8d,3,,,2017-07-07 00:00:00,2017-07-08 18:26:24,False,2017,6,6,housewares,42a2c92a0979a949ca4ea89ec5c7b934,2017-06-27 11:07:39,1,5990,3.0,仅评分,False,,,,仅评分,
c9c4b8d7ad8814f6afa258b1eeb38658,a25eea9aec239850371fc90ff02f45a7,1,,"Gosto da loja, porém me decepcionei com o produto. Qualidade inferior do que aparenta ser na foto. Inclusive gostaria de saber o procedimento para troca!
",2017-07-06 00:00:00,2017-07-10 21:57:19,True,2017,6,6,housewares,42a2c92a0979a949ca4ea89ec5c7b934,2017-06-28 11:08:40,1,5990,1.0,有文字,False,T0270,,我喜欢这家店，不过这个商品让我失望了。质量比照片看起来的差。我也想了解换货流程！,已翻译,
67da0b2f997d11a93d473aa471c24f30,a7392ea1b39e7c7f9928e1f12d3a4d90,4,,,2017-06-13 00:00:00,2017-06-14 10:23:57,False,2017,6,6,housewares,42a2c92a0979a949ca4ea89ec5c7b934,2017-06-06 19:54:28,1,5990,4.0,仅评分,False,,,,仅评分,
903291b90cb4a58d3a9ff4833ae96272,a83773e7d7b0e1f26e479bd883cf744a,5,,recebi antes da data de entregue ótimo.,2017-06-23 00:00:00,2017-06-26 00:09:55,True,2017,6,6,housewares,42a2c92a0979a949ca4ea89ec5c7b934,2017-06-19 14:05:47,2,11980,5.0,有文字,False,T0271,,我在送达日期之前就收到了，太好了。,已翻译,
7d0cab4a269fa38cf5fcb55307de149c,a95624561ff5062159952d1631e5b622,5,,,2017-06-23 00:00:00,2017-06-25 18:14:01,False,2017,6,6,housewares,42a2c92a0979a949ca4ea89ec5c7b934,2017-06-20 13:13:30,1,5990,5.0,仅评分,False,,,,仅评分,
192468c6609f544387789d9e30a68dd2,abab6e4d0ebbe62f0469fc4800cd6e0d,3,,,2017-07-06 00:00:00,2017-07-08 13:42:57,False,2017,6,6,housewares,42a2c92a0979a949ca4ea89ec5c7b934,2017-06-28 15:04:13,1,5990,3.0,仅评分,False,,,,仅评分,
3a6fd9264a564dd7ab0c54d6a5b0bbe0,abe1f28ecc30a29b9c57069511cf1464,5,,Recebi o produto antes do prazo. Adorei ! Muito bom mesmo.,2017-06-08 00:00:00,2017-06-11 00:06:52,True,2017,6,6,housewares,42a2c92a0979a949ca4ea89ec5c7b934,2017-06-01 07:29:41,1,5990,5.0,有文字,False,T0272,,我在期限前收到了商品。太喜欢了！真的很好。,已翻译,
a6b12b8c3f5f24b23d8d54cbd583dde4,ac033ca6c43caa50310de844a7868c8e,5,,produto recebido de acordo,2017-07-04 00:00:00,2017-07-04 19:08:38,True,2017,6,6,housewares,42a2c92a0979a949ca4ea89ec5c7b934,2017-06-27 14:12:18,1,5990,5.0,有文字,False,T0273,,商品已按约收到。,已翻译,
848a3f6719fa8354d356f8989151507e,af19ae9d08a78f865e4084b65d274dd5,5,,,2017-06-24 00:00:00,2017-06-27 02:56:42,False,2017,6,6,housewares,42a2c92a0979a949ca4ea89ec5c7b934,2017-06-11 12:52:37,1,5990,5.0,仅评分,False,,,,仅评分,
cc86f8acb65e7635e02f098a4056ed2d,b06afd29b34d9fc7e3b139bd1739a229,5,,O produto veio em perfeito estado e conforme aparece no site. Veio muito antes do prazo combinado.,2017-06-20 00:00:00,2017-06-20 20:34:38,True,2017,6,6,housewares,42a2c92a0979a949ca4ea89ec5c7b934,2017-06-12 20:20:08,1,5990,5.0,有文字,False,T0274,,商品完好无损，和网站上展示的一样。比约定期限早很多就到了。,已翻译,
6488b98c9c31df97ab3608d6003fb392,b593e6a542b313bc34e3cf63905d7722,1,,"De acordo com o site o produto foi entregue no dia 26/06/17, porém até hoje (28/06/17) ainda não recebi o produto.",2017-06-27 00:00:00,2017-06-28 11:12:32,True,2017,6,6,housewares,42a2c92a0979a949ca4ea89ec5c7b934,2017-06-20 21:33:16,1,5990,1.0,有文字,False,T0275,,网站显示商品于 26/06/17 送达，但直到今天（28/06/17）我仍然没有收到。,已翻译,
bd401834aab6f6284023ebb5033da083,b6ffbe0f186440d5aadfeaff7e6ecf0f,5,,,2017-07-08 00:00:00,2017-07-10 23:01:42,False,2017,6,6,housewares,42a2c92a0979a949ca4ea89ec5c7b934,2017-06-27 23:32:49,2,11980,5.0,仅评分,False,,,,仅评分,
0e7b808be7a8ee6c147b3d3744d44a10,bc0c05b935880725008f3ae103e828e1,4,,O produto chegou em perfeito estado ,2017-06-29 00:00:00,2017-06-29 22:59:28,True,2017,6,6,housewares,42a2c92a0979a949ca4ea89ec5c7b934,2017-06-24 19:38:52,1,5990,4.0,有文字,False,T0276,,商品完好无损。,已翻译,
fddadbf97b7b0bed29cc25cc6363fbd9,bd69cd564f711eddada0e30038e89558,2,,o produto nao e o que esperava fragil e super caro.,2017-07-07 00:00:00,2017-07-08 17:09:06,True,2017,6,6,housewares,42a2c92a0979a949ca4ea89ec5c7b934,2017-06-24 20:03:04,2,11980,2.0,有文字,False,T0277,,商品不是我期待的那样，既脆弱又特别贵。,已翻译,
a61f490b4837d31e2f9cb33a81a6ed36,d8e8975022bcc29382f3cbeefe7c5731,5,,Estou satisfeita com oproduto e o prazo de entrega,2017-07-04 00:00:00,2017-07-04 23:07:55,True,2017,6,6,housewares,42a2c92a0979a949ca4ea89ec5c7b934,2017-06-27 20:20:29,1,5990,5.0,有文字,False,T0278,,我对商品和配送期限都很满意。,已翻译,
7f36b0b15bbfea43d7025cc596438e49,e91f5d1bdbfb622d2b861447bbd89468,3,,,2017-07-13 00:00:00,2017-07-13 23:55:43,False,2017,6,6,housewares,42a2c92a0979a949ca4ea89ec5c7b934,2017-06-23 14:24:26,1,5990,3.0,仅评分,False,,,,仅评分,
76753ed8c8690922064853102754064d,f1b1a53088d15140959d9ed6d98c7107,1,,"estou muito satisfeita, parabens a toda equipe",2017-07-11 00:00:00,2017-07-14 17:33:42,True,2017,6,6,housewares,42a2c92a0979a949ca4ea89ec5c7b934,2017-06-28 17:07:38,1,5990,1.0,有文字,False,T0279,,我非常满意，向整个团队表示祝贺。,已翻译,
90e0164019483a6877bb3772e96b2597,f4cf82130999a9a2f355fbe489c9f548,5,,,2017-06-29 00:00:00,2017-07-03 16:14:24,False,2017,6,6,housewares,42a2c92a0979a949ca4ea89ec5c7b934,2017-06-23 12:24:14,1,5990,5.0,仅评分,False,,,,仅评分,
b67ab941f38d1ad382780edad5df6fa5,0f238eebf8511e286a8c3fb6330ece54,5,,,2017-06-11 00:00:00,2017-06-12 10:17:58,False,2017,5,7,health_beauty,1d16c0509e7011656e03c6a582ff6667,2017-05-22 17:47:01,1,76000,5.0,仅评分,False,,,,仅评分,
ed93b7ff610dc6d82ec69b59fc1dfafb,5bd06bab48e0423fc35d1c236d48a6bb,5,,"Adorei chegou tudo direitinho, E antes do dia previsto da entrega. ",2017-06-08 00:00:00,2017-06-08 15:35:47,True,2017,5,7,health_beauty,1d16c0509e7011656e03c6a582ff6667,2017-05-11 19:17:49,2,152000,5.0,有文字,False,T0280,,我很喜欢，东西都好好地送到了，而且比预计送达日期早。,已翻译,
1463d83170edc51477284d32ebfcf13f,fe12e676fd493885d417a34bc3917411,5,,,2017-06-14 00:00:00,2017-06-14 22:18:11,False,2017,5,7,health_beauty,1d16c0509e7011656e03c6a582ff6667,2017-05-22 18:28:29,1,76000,5.0,仅评分,False,,,,仅评分,
72ee1e51f455c7869e817df6c4a0cb36,79d3522a0854c853a4979ff2691abd91,5,,,2017-06-17 00:00:00,2017-06-18 14:05:03,False,2017,6,8,computers_accessories,470433f95ba906e17efac3fce39e9ffd,2017-06-05 20:52:34,1,299989,5.0,仅评分,False,,,,仅评分,
725bbc4ae999d5627a4127a563cdd2e7,87680c5e6ba498472b6478862b55f883,5,,excelente produto,2017-05-26 00:00:00,2017-05-29 12:51:05,True,2017,5,9,cool_stuff,5f504b3a1c75b73d6151be81eb05bdc9,2017-05-10 16:57:39,1,57200,5.0,有文字,False,T0281,,出色的商品。,已翻译,
0ad8630853345945538840bbfeca0c5b,9b41629ccbc3ae4be489cb815f3653f5,5,,Empresa maravilhosa!!!! Entrega efetuada muito antes do prazo!! Muito obg!!! Muito feliz por mais um sonho realizado! !!,2017-06-09 00:00:00,2017-06-10 00:22:27,True,2017,5,9,cool_stuff,5f504b3a1c75b73d6151be81eb05bdc9,2017-05-27 12:54:36,1,57200,5.0,有文字,False,T0282,,很棒的公司！！远早于期限就送到了！！非常感谢！！又一个梦想实现了，我很开心！！,已翻译,
308efe0684448009c6ae0ce748abe2a4,1b147191d6c1f8ce8f2cf5d52f3e9c49,5,,"e uma loja muito boa 
",2017-07-20 00:00:00,2017-07-20 11:07:29,True,2017,6,9,cool_stuff,5f504b3a1c75b73d6151be81eb05bdc9,2017-06-20 10:53:15,1,57200,5.0,有文字,False,T0283,,这是一家很不错的店。,已翻译,
15c7b1b01a69d553c77caf4cbb81c3e4,5cbfca5949dfb13ee9e578f34258c821,5,,,2017-06-29 00:00:00,2017-06-29 23:34:22,False,2017,6,9,cool_stuff,5f504b3a1c75b73d6151be81eb05bdc9,2017-06-14 08:37:39,1,57200,5.0,仅评分,False,,,,仅评分,
077b6a47240443d6ba2eabf137f30278,7baf1221e608e468c3a2daa7aba9ac6f,5,,,2017-07-07 00:00:00,2017-07-07 19:19:37,False,2017,6,9,cool_stuff,5f504b3a1c75b73d6151be81eb05bdc9,2017-06-24 22:31:23,1,57200,5.0,仅评分,False,,,,仅评分,
27d68110bfc76ae00fbafcccca777acf,bb1d9b21badcb17b30365430916459c4,4,,,2017-06-17 00:00:00,2017-06-20 16:22:32,False,2017,6,9,cool_stuff,5f504b3a1c75b73d6151be81eb05bdc9,2017-06-02 17:48:30,1,57200,4.0,仅评分,False,,,,仅评分,
c2fa8d5c078eaec5f2c61101b4ce3c5d,bbe5ef6ae6b2bb765568934d34dca44d,5,,,2017-07-08 00:00:00,2017-07-09 14:02:38,False,2017,6,9,cool_stuff,5f504b3a1c75b73d6151be81eb05bdc9,2017-06-30 10:14:42,1,57200,5.0,仅评分,False,,,,仅评分,
f3a57964da2d8322ebee68cc008973df,e3e10007e62951294ebd2947cdd0f27c,5,,,2017-06-06 00:00:00,2017-06-08 02:13:38,False,2017,6,9,cool_stuff,5f504b3a1c75b73d6151be81eb05bdc9,2017-06-01 17:48:05,1,57200,5.0,仅评分,False,,,,仅评分,
fe57474fbaaaa962b9141c9a9c26c7cf,e737af03de32cf2b9d013f5831754def,5,,"Ótima máquina faz bem o algodão doce, minhas sobrinhas adoraram.",2017-06-21 00:00:00,2017-06-26 20:05:09,True,2017,6,9,cool_stuff,5f504b3a1c75b73d6151be81eb05bdc9,2017-06-11 17:09:52,1,57200,5.0,有文字,False,T0284,,这台机器很好用，做出的棉花糖不错，我的侄女们很喜欢。,已翻译,
26ee133126d04cf77e2b598c38a82ae9,362aa88dd1265e7b4ea491b5836fb5f6,1,,Na descrição dizia kit grupo shimano claris pois k7 veio san Reis e correte nem sei a marca cubos sabe Deus acho que é o mais vagabundo .,2017-05-30 00:00:00,2017-05-30 17:54:13,True,2017,5,10,sports_leisure,d7324d4c913e7b424cb61675dafc8c10,2017-05-16 17:42:20,1,279900,1.0,有文字,False,T0285,,描述说是 Shimano Claris 套件，但飞轮却是 San Reis；链条我连品牌都不知道，花鼓的品牌天知道。我觉得那是最差劲的那种。,待复核,San Reis 的品牌拼写及最差劲所指对象不明确。
91a7aaa7b9b524c624b052a83c76337e,794c69999774820e22c161f6dc4fef91,2,,"Quando eu fui comprar o produto,me falaram q viria em uma data,após a compra apareceu outra data.ele demorou muito pra sair do pagamento autorizado.a loja lannister de jatai está suja e mal cuidada!!",2017-06-10 00:00:00,2017-06-11 11:50:16,True,2017,5,11,(unknown),0e030462875259ec0cb868f7ecf1fd5e,2017-05-09 14:46:34,1,274000,2.0,有文字,False,T0286,,我买商品时，别人告诉我会在某个日期送到；购买后显示的却是另一个日期。付款获批后，订单状态过了很久才有变化。Jataí 的 Lannister 店又脏又没人打理！！,已翻译,
d495978a7ba677fea65dfd9e5f26e90d,0c7019c628b3991e648a3769eff36f6d,5,,,2017-07-08 00:00:00,2017-07-09 13:39:54,False,2017,6,12,sports_leisure,f6a84928571f68635beb0f5c9333c6f3,2017-06-25 15:58:28,1,89900,5.0,仅评分,False,,,,仅评分,
7e5f84558d7e85bb85ed11fcf363eb91,6287b2bf8c9689868aadfd52c50f1160,5,,,2017-07-01 00:00:00,2017-07-03 02:19:41,False,2017,6,12,sports_leisure,f6a84928571f68635beb0f5c9333c6f3,2017-06-14 01:00:14,1,89900,5.0,仅评分,False,,,,仅评分,
9e2f407a1ecb9335e1acdb76d04ed503,6b2b0edb95053b55efeb09177b6510c3,5,,"Somente tive problema na entrega. Quando o produto chegava em minha residência, eu não estava em casa. Houve desencontro. Sugiro que vocês liguem antes da entrega para evitar desen-
contros.",2017-07-22 00:00:00,2017-07-23 22:29:49,True,2017,6,12,sports_leisure,f6a84928571f68635beb0f5c9333c6f3,2017-06-24 19:17:09,1,89900,5.0,有文字,False,T0287,,我只有配送方面遇到了问题。商品送到我家时，我不在家。我们错过了彼此。我建议你们送货前先打电话，以免再错过。,已翻译,
ef1f0c746c59398f919f490f579455da,afc58387b17fa794fd73b0773a9f6ea7,1,,,2017-07-07 00:00:00,2017-07-10 03:15:04,False,2017,6,13,small_appliances,3ecf69ee1fe21cfd40b30cbea549e563,2017-06-18 18:57:04,1,269000,1.0,仅评分,False,,,,仅评分,
58ec68355003b55ea4a6d474a93eb798,028558cddca332b40b4ac4cb77407edf,5,,,2017-07-08 00:00:00,2017-07-09 20:48:18,False,2017,6,14,computers_accessories,a233df9a388d27dbdfd31731d4236db0,2017-06-26 10:26:31,1,264999,5.0,仅评分,False,,,,仅评分,
56c51375e0e4e2565f5d830432280222,d0bce34c31d4494a153aa82c468152c4,4,,,2017-06-30 00:00:00,2017-07-03 12:06:36,False,2017,6,15,cool_stuff,122bedead6e7541d311e6e0ab3cf248f,2017-06-05 19:38:57,1,264900,4.0,仅评分,False,,,,仅评分,
1ac2e4fad05960ed3f7dd581e089613e,242800e82e3e3f0aca252d6e03e4564c,5,,Ok,2017-06-29 00:00:00,2017-06-29 20:16:47,True,2017,6,16,cool_stuff,1ed724b5e4b638eeb4bd3487d88b8f28,2017-06-02 09:19:00,1,264900,5.0,有文字,False,T0288,,好的。,已翻译,
2118fc24463b601519804e9cb7953aa6,d182d98f09b4277c0d58801e991f7757,5,,"Chegou rapidamente e bem embalado.
Ainda não utilizei o produto, mas a primeira impressão foi boa. ",2017-07-02 00:00:00,2017-07-04 14:10:47,True,2017,6,17,cool_stuff,ab50aa8d9af0addb7f96149c8b8cee86,2017-06-25 11:56:23,1,249999,5.0,有文字,False,T0289,,送得很快，包装也很好。我还没用这个商品，但第一印象不错。,已翻译,
27e941b38898e835949dbeb80184f4c3,62d3014a7e5b4f51c5f2bb713775aada,2,,"O produto veio inteiro e esta em bom funcionamento, contudo veio acomodado de modo muito arriscado e suscetível a avarias e etc.",2017-05-31 00:00:00,2017-06-01 14:56:28,True,2017,5,18,auto,ace4686a281385c082500437e5e73b61,2017-05-21 15:57:33,1,119999,2.0,有文字,False,T0290,,商品完好无损，运作正常；不过它的包装方式风险很高，容易造成损坏等等。,已翻译,
fd722f7fa9682ea29f97eab06ed9a32b,db18c3a700202016c801626db03e7131,5,,Sou cliente da loja e sempre satisfeita com o atendimento e qualidade do servico ,2017-06-22 00:00:00,2017-06-24 23:24:29,True,2017,5,18,auto,ace4686a281385c082500437e5e73b61,2017-05-29 23:05:45,1,119999,5.0,有文字,False,T0291,,我是这家店的顾客，对服务和服务质量一直很满意。,已翻译,
8c79498349fd91c523dc71e2521c64e0,7d65e9176091ea193a460d908ee39737,5,,"E.ntregue antes do tempo, validade otima",2017-07-09 00:00:00,2017-07-09 21:08:52,True,2017,6,19,health_beauty,27535386be7362e36d9e78c2afb8c0e5,2017-06-30 16:18:07,1,119990,5.0,有文字,False,T0292,,提前送到，保质期也很好。,已翻译,
3a6b95edf208548482ed190209ab4b47,d1ac92a1cdff4219a26a167dbdb3cb7f,5,,,2017-06-19 00:00:00,2017-06-19 19:10:11,False,2017,6,19,health_beauty,27535386be7362e36d9e78c2afb8c0e5,2017-06-05 13:36:53,1,119990,5.0,仅评分,False,,,,仅评分,
34728f6624a0056a880536a92e654f7c,b15c7e972c74684414fb2e659fce916a,5,,,2017-05-18 00:00:00,2017-05-18 21:40:22,False,2017,5,20,computers_accessories,e272c7b6c21c38e8ee510666a28460d4,2017-05-10 15:05:47,3,359700,5.0,仅评分,False,,,,仅评分,
1fbf289e14d62cb89cf47b11d15cace2,99bc429ddaa03f67e02a463a20c2379f,5,,muito bom,2017-07-06 00:00:00,2017-07-10 10:27:03,True,2017,6,20,computers_accessories,e272c7b6c21c38e8ee510666a28460d4,2017-06-27 15:39:38,1,119900,5.0,有文字,False,T0293,,非常好。,已翻译,
